﻿"LOCATION","INDICATOR","SUBJECT","MEASURE","FREQUENCY","TIME","Value","Flag Codes"
"NLD","CCI","AMPLITUD","LTRENDIDX","M","2018-12",100.3027,
"NLD","CCI","AMPLITUD","LTRENDIDX","M","2019-01",100.0271,
"NLD","CCI","AMPLITUD","LTRENDIDX","M","2019-02",99.90257,
"NLD","CCI","AMPLITUD","LTRENDIDX","M","2019-03",99.82231,
"NLD","CCI","AMPLITUD","LTRENDIDX","M","2019-04",99.81399,
"NLD","CCI","AMPLITUD","LTRENDIDX","M","2019-05",99.84435,
"NLD","CCI","AMPLITUD","LTRENDIDX","M","2019-06",99.88275,
"NLD","CCI","AMPLITUD","LTRENDIDX","M","2019-07",99.88448,
"NLD","CCI","AMPLITUD","LTRENDIDX","M","2019-08",99.84872,
"NLD","CCI","AMPLITUD","LTRENDIDX","M","2019-09",99.83068,
"NLD","CCI","AMPLITUD","LTRENDIDX","M","2019-10",99.86711,
"NLD","CCI","AMPLITUD","LTRENDIDX","M","2019-11",99.91182,
"NLD","CCI","AMPLITUD","LTRENDIDX","M","2019-12",99.95065,
"NLD","CCI","AMPLITUD","LTRENDIDX","M","2020-01",99.94299,
"NLD","CCI","AMPLITUD","LTRENDIDX","M","2020-02",99.81052,
"NLD","CCI","AMPLITUD","LTRENDIDX","M","2020-03",99.32092,
"NLD","CCI","AMPLITUD","LTRENDIDX","M","2020-04",98.64713,
"NLD","CCI","AMPLITUD","LTRENDIDX","M","2020-05",98.4577,
"NLD","CCI","AMPLITUD","LTRENDIDX","M","2020-06",98.56697,
"NLD","CCI","AMPLITUD","LTRENDIDX","M","2020-07",98.71645,
"NLD","CCI","AMPLITUD","LTRENDIDX","M","2020-08",98.80969,
"NLD","CCI","AMPLITUD","LTRENDIDX","M","2020-09",98.85915,
"NLD","CCI","AMPLITUD","LTRENDIDX","M","2020-10",98.93425,
"NLD","CCI","AMPLITUD","LTRENDIDX","M","2020-11",99.24963,
"NLD","CCI","AMPLITUD","LTRENDIDX","M","2020-12",99.69077,
"CHE","CCI","AMPLITUD","LTRENDIDX","M","2018-12",100.2923,
"CHE","CCI","AMPLITUD","LTRENDIDX","M","2019-01",100.239,
"CHE","CCI","AMPLITUD","LTRENDIDX","M","2019-02",100.1896,
"CHE","CCI","AMPLITUD","LTRENDIDX","M","2019-03",100.1612,
"CHE","CCI","AMPLITUD","LTRENDIDX","M","2019-04",100.1435,
"CHE","CCI","AMPLITUD","LTRENDIDX","M","2019-05",100.1179,
"CHE","CCI","AMPLITUD","LTRENDIDX","M","2019-06",100.0646,
"CHE","CCI","AMPLITUD","LTRENDIDX","M","2019-07",99.97882,
"CHE","CCI","AMPLITUD","LTRENDIDX","M","2019-08",99.85154,
"CHE","CCI","AMPLITUD","LTRENDIDX","M","2019-09",99.68349,
"CHE","CCI","AMPLITUD","LTRENDIDX","M","2019-10",99.54022,
"CHE","CCI","AMPLITUD","LTRENDIDX","M","2019-11",99.50186,
"CHE","CCI","AMPLITUD","LTRENDIDX","M","2019-12",99.58822,
"CHE","CCI","AMPLITUD","LTRENDIDX","M","2020-01",99.57884,
"CHE","CCI","AMPLITUD","LTRENDIDX","M","2020-02",99.13062,
"CHE","CCI","AMPLITUD","LTRENDIDX","M","2020-03",97.99107,
"CHE","CCI","AMPLITUD","LTRENDIDX","M","2020-04",96.65055,
"CHE","CCI","AMPLITUD","LTRENDIDX","M","2020-05",95.79451,
"CHE","CCI","AMPLITUD","LTRENDIDX","M","2020-06",95.95684,
"CHE","CCI","AMPLITUD","LTRENDIDX","M","2020-07",96.6887,
"CHE","CCI","AMPLITUD","LTRENDIDX","M","2020-08",97.42717,
"CHE","CCI","AMPLITUD","LTRENDIDX","M","2020-09",97.79444,
"CHE","CCI","AMPLITUD","LTRENDIDX","M","2020-10",97.89035,
"CHE","CCI","AMPLITUD","LTRENDIDX","M","2020-11",97.88422,
"FRA","CCI","AMPLITUD","LTRENDIDX","M","2018-12",98.07903,
"FRA","CCI","AMPLITUD","LTRENDIDX","M","2019-01",98.3513,
"FRA","CCI","AMPLITUD","LTRENDIDX","M","2019-02",98.80197,
"FRA","CCI","AMPLITUD","LTRENDIDX","M","2019-03",99.14818,
"FRA","CCI","AMPLITUD","LTRENDIDX","M","2019-04",99.37585,
"FRA","CCI","AMPLITUD","LTRENDIDX","M","2019-05",99.62622,
"FRA","CCI","AMPLITUD","LTRENDIDX","M","2019-06",99.88086,
"FRA","CCI","AMPLITUD","LTRENDIDX","M","2019-07",100.1767,
"FRA","CCI","AMPLITUD","LTRENDIDX","M","2019-08",100.4096,
"FRA","CCI","AMPLITUD","LTRENDIDX","M","2019-09",100.6201,
"FRA","CCI","AMPLITUD","LTRENDIDX","M","2019-10",100.6443,
"FRA","CCI","AMPLITUD","LTRENDIDX","M","2019-11",100.514,
"FRA","CCI","AMPLITUD","LTRENDIDX","M","2019-12",100.2292,
"FRA","CCI","AMPLITUD","LTRENDIDX","M","2020-01",99.97541,
"FRA","CCI","AMPLITUD","LTRENDIDX","M","2020-02",99.59396,
"FRA","CCI","AMPLITUD","LTRENDIDX","M","2020-03",98.77788,
"FRA","CCI","AMPLITUD","LTRENDIDX","M","2020-04",97.94767,
"FRA","CCI","AMPLITUD","LTRENDIDX","M","2020-05",97.8749,
"FRA","CCI","AMPLITUD","LTRENDIDX","M","2020-06",98.30197,
"FRA","CCI","AMPLITUD","LTRENDIDX","M","2020-07",98.68379,
"FRA","CCI","AMPLITUD","LTRENDIDX","M","2020-08",98.86599,
"FRA","CCI","AMPLITUD","LTRENDIDX","M","2020-09",98.81942,
"FRA","CCI","AMPLITUD","LTRENDIDX","M","2020-10",98.48705,
"FRA","CCI","AMPLITUD","LTRENDIDX","M","2020-11",98.26682,
"FRA","CCI","AMPLITUD","LTRENDIDX","M","2020-12",98.61686,
"POL","CCI","AMPLITUD","LTRENDIDX","M","2018-12",102.2046,
"POL","CCI","AMPLITUD","LTRENDIDX","M","2019-01",102.3263,
"POL","CCI","AMPLITUD","LTRENDIDX","M","2019-02",102.5514,
"POL","CCI","AMPLITUD","LTRENDIDX","M","2019-03",102.5882,
"POL","CCI","AMPLITUD","LTRENDIDX","M","2019-04",102.4394,
"POL","CCI","AMPLITUD","LTRENDIDX","M","2019-05",102.4668,
"POL","CCI","AMPLITUD","LTRENDIDX","M","2019-06",102.6824,
"POL","CCI","AMPLITUD","LTRENDIDX","M","2019-07",102.8031,
"POL","CCI","AMPLITUD","LTRENDIDX","M","2019-08",102.7699,
"POL","CCI","AMPLITUD","LTRENDIDX","M","2019-09",102.6275,
"POL","CCI","AMPLITUD","LTRENDIDX","M","2019-10",102.4141,
"POL","CCI","AMPLITUD","LTRENDIDX","M","2019-11",102.3248,
"POL","CCI","AMPLITUD","LTRENDIDX","M","2019-12",102.2506,
"POL","CCI","AMPLITUD","LTRENDIDX","M","2020-01",102.0315,
"POL","CCI","AMPLITUD","LTRENDIDX","M","2020-02",101.4486,
"POL","CCI","AMPLITUD","LTRENDIDX","M","2020-03",100.3209,
"POL","CCI","AMPLITUD","LTRENDIDX","M","2020-04",98.63903,
"POL","CCI","AMPLITUD","LTRENDIDX","M","2020-05",97.99912,
"POL","CCI","AMPLITUD","LTRENDIDX","M","2020-06",98.28149,
"POL","CCI","AMPLITUD","LTRENDIDX","M","2020-07",98.78066,
"POL","CCI","AMPLITUD","LTRENDIDX","M","2020-08",98.88286,
"POL","CCI","AMPLITUD","LTRENDIDX","M","2020-09",98.60822,
"POL","CCI","AMPLITUD","LTRENDIDX","M","2020-10",98.32485,
"POL","CCI","AMPLITUD","LTRENDIDX","M","2020-11",98.08416,
"POL","CCI","AMPLITUD","LTRENDIDX","M","2020-12",98.04704,
"CZE","CCI","AMPLITUD","LTRENDIDX","M","2018-12",103.4927,
"CZE","CCI","AMPLITUD","LTRENDIDX","M","2019-01",103.4945,
"CZE","CCI","AMPLITUD","LTRENDIDX","M","2019-02",103.3817,
"CZE","CCI","AMPLITUD","LTRENDIDX","M","2019-03",103.1342,
"CZE","CCI","AMPLITUD","LTRENDIDX","M","2019-04",102.9165,
"CZE","CCI","AMPLITUD","LTRENDIDX","M","2019-05",102.8435,
"CZE","CCI","AMPLITUD","LTRENDIDX","M","2019-06",102.934,
"CZE","CCI","AMPLITUD","LTRENDIDX","M","2019-07",103.0625,
"CZE","CCI","AMPLITUD","LTRENDIDX","M","2019-08",103.0139,
"CZE","CCI","AMPLITUD","LTRENDIDX","M","2019-09",102.836,
"CZE","CCI","AMPLITUD","LTRENDIDX","M","2019-10",102.7198,
"CZE","CCI","AMPLITUD","LTRENDIDX","M","2019-11",102.7442,
"CZE","CCI","AMPLITUD","LTRENDIDX","M","2019-12",102.7751,
"CZE","CCI","AMPLITUD","LTRENDIDX","M","2020-01",102.5374,
"CZE","CCI","AMPLITUD","LTRENDIDX","M","2020-02",102.0178,
"CZE","CCI","AMPLITUD","LTRENDIDX","M","2020-03",101.1965,
"CZE","CCI","AMPLITUD","LTRENDIDX","M","2020-04",100.2778,
"CZE","CCI","AMPLITUD","LTRENDIDX","M","2020-05",100.2711,
"CZE","CCI","AMPLITUD","LTRENDIDX","M","2020-06",100.5623,
"CZE","CCI","AMPLITUD","LTRENDIDX","M","2020-07",100.7505,
"CZE","CCI","AMPLITUD","LTRENDIDX","M","2020-08",100.5497,
"CZE","CCI","AMPLITUD","LTRENDIDX","M","2020-09",100.0095,
"CZE","CCI","AMPLITUD","LTRENDIDX","M","2020-10",99.23479,
"CZE","CCI","AMPLITUD","LTRENDIDX","M","2020-11",98.87731,
"CZE","CCI","AMPLITUD","LTRENDIDX","M","2020-12",99.08071,
"JPN","CCI","AMPLITUD","LTRENDIDX","M","2018-12",100.0337,
"JPN","CCI","AMPLITUD","LTRENDIDX","M","2019-01",99.88336,
"JPN","CCI","AMPLITUD","LTRENDIDX","M","2019-02",99.71841,
"JPN","CCI","AMPLITUD","LTRENDIDX","M","2019-03",99.53215,
"JPN","CCI","AMPLITUD","LTRENDIDX","M","2019-04",99.35225,
"JPN","CCI","AMPLITUD","LTRENDIDX","M","2019-05",99.12601,
"JPN","CCI","AMPLITUD","LTRENDIDX","M","2019-06",98.87016,
"JPN","CCI","AMPLITUD","LTRENDIDX","M","2019-07",98.5961,
"JPN","CCI","AMPLITUD","LTRENDIDX","M","2019-08",98.35502,
"JPN","CCI","AMPLITUD","LTRENDIDX","M","2019-09",98.2411,
"JPN","CCI","AMPLITUD","LTRENDIDX","M","2019-10",98.42183,
"JPN","CCI","AMPLITUD","LTRENDIDX","M","2019-11",98.80048,
"JPN","CCI","AMPLITUD","LTRENDIDX","M","2019-12",99.01598,
"JPN","CCI","AMPLITUD","LTRENDIDX","M","2020-01",98.81667,
"JPN","CCI","AMPLITUD","LTRENDIDX","M","2020-02",97.96538,
"JPN","CCI","AMPLITUD","LTRENDIDX","M","2020-03",96.43858,
"JPN","CCI","AMPLITUD","LTRENDIDX","M","2020-04",95.06703,
"JPN","CCI","AMPLITUD","LTRENDIDX","M","2020-05",94.80509,
"JPN","CCI","AMPLITUD","LTRENDIDX","M","2020-06",95.30283,
"JPN","CCI","AMPLITUD","LTRENDIDX","M","2020-07",95.8904,
"JPN","CCI","AMPLITUD","LTRENDIDX","M","2020-08",96.40477,
"JPN","CCI","AMPLITUD","LTRENDIDX","M","2020-09",96.93324,
"JPN","CCI","AMPLITUD","LTRENDIDX","M","2020-10",97.23884,
"JPN","CCI","AMPLITUD","LTRENDIDX","M","2020-11",97.25531,
"JPN","CCI","AMPLITUD","LTRENDIDX","M","2020-12",97.05241,
"OECDE","CCI","AMPLITUD","LTRENDIDX","M","2018-12",100.2824,
"OECDE","CCI","AMPLITUD","LTRENDIDX","M","2019-01",100.2368,
"OECDE","CCI","AMPLITUD","LTRENDIDX","M","2019-02",100.2743,
"OECDE","CCI","AMPLITUD","LTRENDIDX","M","2019-03",100.3271,
"OECDE","CCI","AMPLITUD","LTRENDIDX","M","2019-04",100.3446,
"OECDE","CCI","AMPLITUD","LTRENDIDX","M","2019-05",100.3468,
"OECDE","CCI","AMPLITUD","LTRENDIDX","M","2019-06",100.3482,
"OECDE","CCI","AMPLITUD","LTRENDIDX","M","2019-07",100.3446,
"OECDE","CCI","AMPLITUD","LTRENDIDX","M","2019-08",100.2877,
"OECDE","CCI","AMPLITUD","LTRENDIDX","M","2019-09",100.2449,
"OECDE","CCI","AMPLITUD","LTRENDIDX","M","2019-10",100.2216,
"OECDE","CCI","AMPLITUD","LTRENDIDX","M","2019-11",100.2672,
"OECDE","CCI","AMPLITUD","LTRENDIDX","M","2019-12",100.2932,
"OECDE","CCI","AMPLITUD","LTRENDIDX","M","2020-01",100.2263,
"OECDE","CCI","AMPLITUD","LTRENDIDX","M","2020-02",99.89031,
"OECDE","CCI","AMPLITUD","LTRENDIDX","M","2020-03",99.10873,
"OECDE","CCI","AMPLITUD","LTRENDIDX","M","2020-04",98.20028,
"OECDE","CCI","AMPLITUD","LTRENDIDX","M","2020-05",97.96358,
"OECDE","CCI","AMPLITUD","LTRENDIDX","M","2020-06",98.22373,
"OECDE","CCI","AMPLITUD","LTRENDIDX","M","2020-07",98.52429,
"OECDE","CCI","AMPLITUD","LTRENDIDX","M","2020-08",98.67966,
"OECDE","CCI","AMPLITUD","LTRENDIDX","M","2020-09",98.64912,
"OECDE","CCI","AMPLITUD","LTRENDIDX","M","2020-10",98.39766,
"OECDE","CCI","AMPLITUD","LTRENDIDX","M","2020-11",98.01418,
"AUS","CCI","AMPLITUD","LTRENDIDX","M","2018-12",100.1567,
"AUS","CCI","AMPLITUD","LTRENDIDX","M","2019-01",100.078,
"AUS","CCI","AMPLITUD","LTRENDIDX","M","2019-02",100.0451,
"AUS","CCI","AMPLITUD","LTRENDIDX","M","2019-03",99.95003,
"AUS","CCI","AMPLITUD","LTRENDIDX","M","2019-04",99.93172,
"AUS","CCI","AMPLITUD","LTRENDIDX","M","2019-05",99.91507,
"AUS","CCI","AMPLITUD","LTRENDIDX","M","2019-06",99.85161,
"AUS","CCI","AMPLITUD","LTRENDIDX","M","2019-07",99.73622,
"AUS","CCI","AMPLITUD","LTRENDIDX","M","2019-08",99.67057,
"AUS","CCI","AMPLITUD","LTRENDIDX","M","2019-09",99.53368,
"AUS","CCI","AMPLITUD","LTRENDIDX","M","2019-10",99.38119,
"AUS","CCI","AMPLITUD","LTRENDIDX","M","2019-11",99.35988,
"AUS","CCI","AMPLITUD","LTRENDIDX","M","2019-12",99.30407,
"AUS","CCI","AMPLITUD","LTRENDIDX","M","2020-01",99.2018,
"AUS","CCI","AMPLITUD","LTRENDIDX","M","2020-02",99.0282,
"AUS","CCI","AMPLITUD","LTRENDIDX","M","2020-03",98.62537,
"AUS","CCI","AMPLITUD","LTRENDIDX","M","2020-04",98.20959,
"AUS","CCI","AMPLITUD","LTRENDIDX","M","2020-05",98.3293,
"AUS","CCI","AMPLITUD","LTRENDIDX","M","2020-06",98.50163,
"AUS","CCI","AMPLITUD","LTRENDIDX","M","2020-07",98.42715,
"AUS","CCI","AMPLITUD","LTRENDIDX","M","2020-08",98.48476,
"AUS","CCI","AMPLITUD","LTRENDIDX","M","2020-09",99.13893,
"AUS","CCI","AMPLITUD","LTRENDIDX","M","2020-10",99.99247,
"AUS","CCI","AMPLITUD","LTRENDIDX","M","2020-11",100.6892,
"AUS","CCI","AMPLITUD","LTRENDIDX","M","2020-12",101.2838,
"OECD","CCI","AMPLITUD","LTRENDIDX","M","2018-12",100.6811,
"OECD","CCI","AMPLITUD","LTRENDIDX","M","2019-01",100.6304,
"OECD","CCI","AMPLITUD","LTRENDIDX","M","2019-02",100.6987,
"OECD","CCI","AMPLITUD","LTRENDIDX","M","2019-03",100.7891,
"OECD","CCI","AMPLITUD","LTRENDIDX","M","2019-04",100.813,
"OECD","CCI","AMPLITUD","LTRENDIDX","M","2019-05",100.7877,
"OECD","CCI","AMPLITUD","LTRENDIDX","M","2019-06",100.6945,
"OECD","CCI","AMPLITUD","LTRENDIDX","M","2019-07",100.5605,
"OECD","CCI","AMPLITUD","LTRENDIDX","M","2019-08",100.3995,
"OECD","CCI","AMPLITUD","LTRENDIDX","M","2019-09",100.3759,
"OECD","CCI","AMPLITUD","LTRENDIDX","M","2019-10",100.4507,
"OECD","CCI","AMPLITUD","LTRENDIDX","M","2019-11",100.5996,
"OECD","CCI","AMPLITUD","LTRENDIDX","M","2019-12",100.7135,
"OECD","CCI","AMPLITUD","LTRENDIDX","M","2020-01",100.6478,
"OECD","CCI","AMPLITUD","LTRENDIDX","M","2020-02",100.1653,
"OECD","CCI","AMPLITUD","LTRENDIDX","M","2020-03",99.11205,
"OECD","CCI","AMPLITUD","LTRENDIDX","M","2020-04",97.97813,
"OECD","CCI","AMPLITUD","LTRENDIDX","M","2020-05",97.59512,
"OECD","CCI","AMPLITUD","LTRENDIDX","M","2020-06",97.75736,
"OECD","CCI","AMPLITUD","LTRENDIDX","M","2020-07",98.0013,
"OECD","CCI","AMPLITUD","LTRENDIDX","M","2020-08",98.24657,
"OECD","CCI","AMPLITUD","LTRENDIDX","M","2020-09",98.4623,
"OECD","CCI","AMPLITUD","LTRENDIDX","M","2020-10",98.52423,
"OECD","CCI","AMPLITUD","LTRENDIDX","M","2020-11",98.40113,
"SWE","CCI","AMPLITUD","LTRENDIDX","M","2018-12",99.18915,
"SWE","CCI","AMPLITUD","LTRENDIDX","M","2019-01",98.94637,
"SWE","CCI","AMPLITUD","LTRENDIDX","M","2019-02",98.91583,
"SWE","CCI","AMPLITUD","LTRENDIDX","M","2019-03",99.00546,
"SWE","CCI","AMPLITUD","LTRENDIDX","M","2019-04",99.04669,
"SWE","CCI","AMPLITUD","LTRENDIDX","M","2019-05",98.90649,
"SWE","CCI","AMPLITUD","LTRENDIDX","M","2019-06",98.93013,
"SWE","CCI","AMPLITUD","LTRENDIDX","M","2019-07",98.99239,
"SWE","CCI","AMPLITUD","LTRENDIDX","M","2019-08",98.79655,
"SWE","CCI","AMPLITUD","LTRENDIDX","M","2019-09",98.57856,
"SWE","CCI","AMPLITUD","LTRENDIDX","M","2019-10",98.57674,
"SWE","CCI","AMPLITUD","LTRENDIDX","M","2019-11",98.64487,
"SWE","CCI","AMPLITUD","LTRENDIDX","M","2019-12",98.77821,
"SWE","CCI","AMPLITUD","LTRENDIDX","M","2020-01",98.76321,
"SWE","CCI","AMPLITUD","LTRENDIDX","M","2020-02",98.6087,
"SWE","CCI","AMPLITUD","LTRENDIDX","M","2020-03",98.11729,
"SWE","CCI","AMPLITUD","LTRENDIDX","M","2020-04",97.68526,
"SWE","CCI","AMPLITUD","LTRENDIDX","M","2020-05",97.7855,
"SWE","CCI","AMPLITUD","LTRENDIDX","M","2020-06",98.47192,
"SWE","CCI","AMPLITUD","LTRENDIDX","M","2020-07",99.1581,
"SWE","CCI","AMPLITUD","LTRENDIDX","M","2020-08",99.70575,
"SWE","CCI","AMPLITUD","LTRENDIDX","M","2020-09",100.1014,
"SWE","CCI","AMPLITUD","LTRENDIDX","M","2020-10",100.2317,
"SWE","CCI","AMPLITUD","LTRENDIDX","M","2020-11",100.2135,
"SWE","CCI","AMPLITUD","LTRENDIDX","M","2020-12",100.4248,
"MEX","CCI","AMPLITUD","LTRENDIDX","M","2018-12",103.2425,
"MEX","CCI","AMPLITUD","LTRENDIDX","M","2019-01",104.3397,
"MEX","CCI","AMPLITUD","LTRENDIDX","M","2019-02",105.0969,
"MEX","CCI","AMPLITUD","LTRENDIDX","M","2019-03",104.9898,
"MEX","CCI","AMPLITUD","LTRENDIDX","M","2019-04",104.3631,
"MEX","CCI","AMPLITUD","LTRENDIDX","M","2019-05",103.6066,
"MEX","CCI","AMPLITUD","LTRENDIDX","M","2019-06",103.0565,
"MEX","CCI","AMPLITUD","LTRENDIDX","M","2019-07",102.8409,
"MEX","CCI","AMPLITUD","LTRENDIDX","M","2019-08",102.9912,
"MEX","CCI","AMPLITUD","LTRENDIDX","M","2019-09",103.2248,
"MEX","CCI","AMPLITUD","LTRENDIDX","M","2019-10",103.1408,
"MEX","CCI","AMPLITUD","LTRENDIDX","M","2019-11",103.0245,
"MEX","CCI","AMPLITUD","LTRENDIDX","M","2019-12",103.0193,
"MEX","CCI","AMPLITUD","LTRENDIDX","M","2020-01",102.9046,
"MEX","CCI","AMPLITUD","LTRENDIDX","M","2020-02",102.114,
"MEX","CCI","AMPLITUD","LTRENDIDX","M","2020-03",100.1624,
"MEX","CCI","AMPLITUD","LTRENDIDX","M","2020-04",97.27082,
"MEX","CCI","AMPLITUD","LTRENDIDX","M","2020-05",95.57913,
"MEX","CCI","AMPLITUD","LTRENDIDX","M","2020-06",95.39993,
"MEX","CCI","AMPLITUD","LTRENDIDX","M","2020-07",96.13191,
"MEX","CCI","AMPLITUD","LTRENDIDX","M","2020-08",97.01112,
"MEX","CCI","AMPLITUD","LTRENDIDX","M","2020-09",97.81562,
"MEX","CCI","AMPLITUD","LTRENDIDX","M","2020-10",98.37877,
"MEX","CCI","AMPLITUD","LTRENDIDX","M","2020-11",98.58282,
"GBR","CCI","AMPLITUD","LTRENDIDX","M","2018-12",99.95121,
"GBR","CCI","AMPLITUD","LTRENDIDX","M","2019-01",99.66354,
"GBR","CCI","AMPLITUD","LTRENDIDX","M","2019-02",99.53313,
"GBR","CCI","AMPLITUD","LTRENDIDX","M","2019-03",99.52303,
"GBR","CCI","AMPLITUD","LTRENDIDX","M","2019-04",99.67981,
"GBR","CCI","AMPLITUD","LTRENDIDX","M","2019-05",99.91403,
"GBR","CCI","AMPLITUD","LTRENDIDX","M","2019-06",99.99657,
"GBR","CCI","AMPLITUD","LTRENDIDX","M","2019-07",100.0385,
"GBR","CCI","AMPLITUD","LTRENDIDX","M","2019-08",99.84738,
"GBR","CCI","AMPLITUD","LTRENDIDX","M","2019-09",99.80376,
"GBR","CCI","AMPLITUD","LTRENDIDX","M","2019-10",99.90427,
"GBR","CCI","AMPLITUD","LTRENDIDX","M","2019-11",100.2135,
"GBR","CCI","AMPLITUD","LTRENDIDX","M","2019-12",100.5593,
"GBR","CCI","AMPLITUD","LTRENDIDX","M","2020-01",100.6829,
"GBR","CCI","AMPLITUD","LTRENDIDX","M","2020-02",100.3264,
"GBR","CCI","AMPLITUD","LTRENDIDX","M","2020-03",99.26225,
"GBR","CCI","AMPLITUD","LTRENDIDX","M","2020-04",97.72653,
"GBR","CCI","AMPLITUD","LTRENDIDX","M","2020-05",96.9727,
"GBR","CCI","AMPLITUD","LTRENDIDX","M","2020-06",97.1092,
"GBR","CCI","AMPLITUD","LTRENDIDX","M","2020-07",97.59815,
"GBR","CCI","AMPLITUD","LTRENDIDX","M","2020-08",97.80755,
"GBR","CCI","AMPLITUD","LTRENDIDX","M","2020-09",97.64452,
"GBR","CCI","AMPLITUD","LTRENDIDX","M","2020-10",97.34595,
"GBR","CCI","AMPLITUD","LTRENDIDX","M","2020-11",97.30991,
"GBR","CCI","AMPLITUD","LTRENDIDX","M","2020-12",97.75658,
"ZAF","CCI","AMPLITUD","LTRENDIDX","M","2018-12",101.137,
"ZAF","CCI","AMPLITUD","LTRENDIDX","M","2019-01",100.9709,
"ZAF","CCI","AMPLITUD","LTRENDIDX","M","2019-02",100.7788,
"ZAF","CCI","AMPLITUD","LTRENDIDX","M","2019-03",100.6647,
"ZAF","CCI","AMPLITUD","LTRENDIDX","M","2019-04",100.6982,
"ZAF","CCI","AMPLITUD","LTRENDIDX","M","2019-05",100.757,
"ZAF","CCI","AMPLITUD","LTRENDIDX","M","2019-06",100.6559,
"ZAF","CCI","AMPLITUD","LTRENDIDX","M","2019-07",100.252,
"ZAF","CCI","AMPLITUD","LTRENDIDX","M","2019-08",99.70936,
"ZAF","CCI","AMPLITUD","LTRENDIDX","M","2019-09",99.24865,
"ZAF","CCI","AMPLITUD","LTRENDIDX","M","2019-10",99.0364,
"ZAF","CCI","AMPLITUD","LTRENDIDX","M","2019-11",98.99187,
"ZAF","CCI","AMPLITUD","LTRENDIDX","M","2019-12",98.99926,
"ZAF","CCI","AMPLITUD","LTRENDIDX","M","2020-01",98.95229,
"ZAF","CCI","AMPLITUD","LTRENDIDX","M","2020-02",98.74677,
"ZAF","CCI","AMPLITUD","LTRENDIDX","M","2020-03",98.21866,
"ZAF","CCI","AMPLITUD","LTRENDIDX","M","2020-04",97.24058,
"ZAF","CCI","AMPLITUD","LTRENDIDX","M","2020-05",96.14099,
"ZAF","CCI","AMPLITUD","LTRENDIDX","M","2020-06",95.37479,
"ZAF","CCI","AMPLITUD","LTRENDIDX","M","2020-07",95.31534,
"ZAF","CCI","AMPLITUD","LTRENDIDX","M","2020-08",95.71322,
"ZAF","CCI","AMPLITUD","LTRENDIDX","M","2020-09",96.30042,
"ZAF","CCI","AMPLITUD","LTRENDIDX","M","2020-10",96.93729,
"ZAF","CCI","AMPLITUD","LTRENDIDX","M","2020-11",97.57014,
"ZAF","CCI","AMPLITUD","LTRENDIDX","M","2020-12",98.19358,
"USA","CCI","AMPLITUD","LTRENDIDX","M","2018-12",101.2276,
"USA","CCI","AMPLITUD","LTRENDIDX","M","2019-01",101.0045,
"USA","CCI","AMPLITUD","LTRENDIDX","M","2019-02",101.0637,
"USA","CCI","AMPLITUD","LTRENDIDX","M","2019-03",101.3019,
"USA","CCI","AMPLITUD","LTRENDIDX","M","2019-04",101.4765,
"USA","CCI","AMPLITUD","LTRENDIDX","M","2019-05",101.5725,
"USA","CCI","AMPLITUD","LTRENDIDX","M","2019-06",101.47,
"USA","CCI","AMPLITUD","LTRENDIDX","M","2019-07",101.2168,
"USA","CCI","AMPLITUD","LTRENDIDX","M","2019-08",100.8934,
"USA","CCI","AMPLITUD","LTRENDIDX","M","2019-09",100.8934,
"USA","CCI","AMPLITUD","LTRENDIDX","M","2019-10",101.1149,
"USA","CCI","AMPLITUD","LTRENDIDX","M","2019-11",101.4083,
"USA","CCI","AMPLITUD","LTRENDIDX","M","2019-12",101.6571,
"USA","CCI","AMPLITUD","LTRENDIDX","M","2020-01",101.6553,
"USA","CCI","AMPLITUD","LTRENDIDX","M","2020-02",101.188,
"USA","CCI","AMPLITUD","LTRENDIDX","M","2020-03",100.0983,
"USA","CCI","AMPLITUD","LTRENDIDX","M","2020-04",98.91312,
"USA","CCI","AMPLITUD","LTRENDIDX","M","2020-05",98.36695,
"USA","CCI","AMPLITUD","LTRENDIDX","M","2020-06",98.31175,
"USA","CCI","AMPLITUD","LTRENDIDX","M","2020-07",98.32877,
"USA","CCI","AMPLITUD","LTRENDIDX","M","2020-08",98.5467,
"USA","CCI","AMPLITUD","LTRENDIDX","M","2020-09",98.88802,
"USA","CCI","AMPLITUD","LTRENDIDX","M","2020-10",99.06155,
"USA","CCI","AMPLITUD","LTRENDIDX","M","2020-11",99.04979,
"USA","CCI","AMPLITUD","LTRENDIDX","M","2020-12",99.11961,
"HUN","CCI","AMPLITUD","LTRENDIDX","M","2018-12",102.4542,
"HUN","CCI","AMPLITUD","LTRENDIDX","M","2019-01",102.4622,
"HUN","CCI","AMPLITUD","LTRENDIDX","M","2019-02",102.5218,
"HUN","CCI","AMPLITUD","LTRENDIDX","M","2019-03",102.5549,
"HUN","CCI","AMPLITUD","LTRENDIDX","M","2019-04",102.558,
"HUN","CCI","AMPLITUD","LTRENDIDX","M","2019-05",102.5694,
"HUN","CCI","AMPLITUD","LTRENDIDX","M","2019-06",102.6153,
"HUN","CCI","AMPLITUD","LTRENDIDX","M","2019-07",102.6727,
"HUN","CCI","AMPLITUD","LTRENDIDX","M","2019-08",102.8142,
"HUN","CCI","AMPLITUD","LTRENDIDX","M","2019-09",102.8715,
"HUN","CCI","AMPLITUD","LTRENDIDX","M","2019-10",102.7502,
"HUN","CCI","AMPLITUD","LTRENDIDX","M","2019-11",102.6643,
"HUN","CCI","AMPLITUD","LTRENDIDX","M","2019-12",102.598,
"HUN","CCI","AMPLITUD","LTRENDIDX","M","2020-01",102.3916,
"HUN","CCI","AMPLITUD","LTRENDIDX","M","2020-02",102.0362,
"HUN","CCI","AMPLITUD","LTRENDIDX","M","2020-03",101.2968,
"HUN","CCI","AMPLITUD","LTRENDIDX","M","2020-04",100.2196,
"HUN","CCI","AMPLITUD","LTRENDIDX","M","2020-05",99.82111,
"HUN","CCI","AMPLITUD","LTRENDIDX","M","2020-06",99.89349,
"HUN","CCI","AMPLITUD","LTRENDIDX","M","2020-07",100.177,
"HUN","CCI","AMPLITUD","LTRENDIDX","M","2020-08",100.414,
"HUN","CCI","AMPLITUD","LTRENDIDX","M","2020-09",100.4463,
"HUN","CCI","AMPLITUD","LTRENDIDX","M","2020-10",100.3075,
"HUN","CCI","AMPLITUD","LTRENDIDX","M","2020-11",100.1272,
"HUN","CCI","AMPLITUD","LTRENDIDX","M","2020-12",99.88962,
"PRT","CCI","AMPLITUD","LTRENDIDX","M","2018-12",101.3054,
"PRT","CCI","AMPLITUD","LTRENDIDX","M","2019-01",101.0439,
"PRT","CCI","AMPLITUD","LTRENDIDX","M","2019-02",100.8386,
"PRT","CCI","AMPLITUD","LTRENDIDX","M","2019-03",100.7381,
"PRT","CCI","AMPLITUD","LTRENDIDX","M","2019-04",100.7915,
"PRT","CCI","AMPLITUD","LTRENDIDX","M","2019-05",100.8202,
"PRT","CCI","AMPLITUD","LTRENDIDX","M","2019-06",100.8934,
"PRT","CCI","AMPLITUD","LTRENDIDX","M","2019-07",100.9901,
"PRT","CCI","AMPLITUD","LTRENDIDX","M","2019-08",101.0163,
"PRT","CCI","AMPLITUD","LTRENDIDX","M","2019-09",101.0552,
"PRT","CCI","AMPLITUD","LTRENDIDX","M","2019-10",101.1589,
"PRT","CCI","AMPLITUD","LTRENDIDX","M","2019-11",101.2546,
"PRT","CCI","AMPLITUD","LTRENDIDX","M","2019-12",101.2232,
"PRT","CCI","AMPLITUD","LTRENDIDX","M","2020-01",101.0591,
"PRT","CCI","AMPLITUD","LTRENDIDX","M","2020-02",100.5186,
"PRT","CCI","AMPLITUD","LTRENDIDX","M","2020-03",99.26557,
"PRT","CCI","AMPLITUD","LTRENDIDX","M","2020-04",97.70381,
"PRT","CCI","AMPLITUD","LTRENDIDX","M","2020-05",97.20832,
"PRT","CCI","AMPLITUD","LTRENDIDX","M","2020-06",97.32458,
"PRT","CCI","AMPLITUD","LTRENDIDX","M","2020-07",97.45049,
"PRT","CCI","AMPLITUD","LTRENDIDX","M","2020-08",97.50492,
"PRT","CCI","AMPLITUD","LTRENDIDX","M","2020-09",97.4186,
"PRT","CCI","AMPLITUD","LTRENDIDX","M","2020-10",97.3351,
"PRT","CCI","AMPLITUD","LTRENDIDX","M","2020-11",97.25918,
"PRT","CCI","AMPLITUD","LTRENDIDX","M","2020-12",97.37753,
"DNK","CCI","AMPLITUD","LTRENDIDX","M","2018-12",100.8808,
"DNK","CCI","AMPLITUD","LTRENDIDX","M","2019-01",100.7438,
"DNK","CCI","AMPLITUD","LTRENDIDX","M","2019-02",100.6689,
"DNK","CCI","AMPLITUD","LTRENDIDX","M","2019-03",100.695,
"DNK","CCI","AMPLITUD","LTRENDIDX","M","2019-04",100.7546,
"DNK","CCI","AMPLITUD","LTRENDIDX","M","2019-05",100.8362,
"DNK","CCI","AMPLITUD","LTRENDIDX","M","2019-06",100.7362,
"DNK","CCI","AMPLITUD","LTRENDIDX","M","2019-07",100.5866,
"DNK","CCI","AMPLITUD","LTRENDIDX","M","2019-08",100.6609,
"DNK","CCI","AMPLITUD","LTRENDIDX","M","2019-09",100.6822,
"DNK","CCI","AMPLITUD","LTRENDIDX","M","2019-10",100.6952,
"DNK","CCI","AMPLITUD","LTRENDIDX","M","2019-11",100.772,
"DNK","CCI","AMPLITUD","LTRENDIDX","M","2019-12",100.8516,
"DNK","CCI","AMPLITUD","LTRENDIDX","M","2020-01",100.7682,
"DNK","CCI","AMPLITUD","LTRENDIDX","M","2020-02",100.4662,
"DNK","CCI","AMPLITUD","LTRENDIDX","M","2020-03",99.91521,
"DNK","CCI","AMPLITUD","LTRENDIDX","M","2020-04",99.47547,
"DNK","CCI","AMPLITUD","LTRENDIDX","M","2020-05",99.56483,
"DNK","CCI","AMPLITUD","LTRENDIDX","M","2020-06",99.87867,
"DNK","CCI","AMPLITUD","LTRENDIDX","M","2020-07",100.0367,
"DNK","CCI","AMPLITUD","LTRENDIDX","M","2020-08",100.0265,
"DNK","CCI","AMPLITUD","LTRENDIDX","M","2020-09",100.0243,
"DNK","CCI","AMPLITUD","LTRENDIDX","M","2020-10",100.0479,
"DNK","CCI","AMPLITUD","LTRENDIDX","M","2020-11",100.1058,
"DNK","CCI","AMPLITUD","LTRENDIDX","M","2020-12",100.3629,
"ESP","CCI","AMPLITUD","LTRENDIDX","M","2018-12",101.4659,
"ESP","CCI","AMPLITUD","LTRENDIDX","M","2019-01",101.5566,
"ESP","CCI","AMPLITUD","LTRENDIDX","M","2019-02",101.8212,
"ESP","CCI","AMPLITUD","LTRENDIDX","M","2019-03",102.081,
"ESP","CCI","AMPLITUD","LTRENDIDX","M","2019-04",102.1008,
"ESP","CCI","AMPLITUD","LTRENDIDX","M","2019-05",102.2185,
"ESP","CCI","AMPLITUD","LTRENDIDX","M","2019-06",102.2521,
"ESP","CCI","AMPLITUD","LTRENDIDX","M","2019-07",102.0105,
"ESP","CCI","AMPLITUD","LTRENDIDX","M","2019-08",101.6786,
"ESP","CCI","AMPLITUD","LTRENDIDX","M","2019-09",101.3259,
"ESP","CCI","AMPLITUD","LTRENDIDX","M","2019-10",100.8982,
"ESP","CCI","AMPLITUD","LTRENDIDX","M","2019-11",100.5699,
"ESP","CCI","AMPLITUD","LTRENDIDX","M","2019-12",100.4126,
"ESP","CCI","AMPLITUD","LTRENDIDX","M","2020-01",100.4093,
"ESP","CCI","AMPLITUD","LTRENDIDX","M","2020-02",100.1405,
"ESP","CCI","AMPLITUD","LTRENDIDX","M","2020-03",98.94404,
"ESP","CCI","AMPLITUD","LTRENDIDX","M","2020-04",97.12702,
"ESP","CCI","AMPLITUD","LTRENDIDX","M","2020-05",96.1933,
"ESP","CCI","AMPLITUD","LTRENDIDX","M","2020-06",96.05233,
"ESP","CCI","AMPLITUD","LTRENDIDX","M","2020-07",96.05768,
"ESP","CCI","AMPLITUD","LTRENDIDX","M","2020-08",95.98579,
"ESP","CCI","AMPLITUD","LTRENDIDX","M","2020-09",96.03065,
"ESP","CCI","AMPLITUD","LTRENDIDX","M","2020-10",96.06406,
"ESP","CCI","AMPLITUD","LTRENDIDX","M","2020-11",96.21909,
"ESP","CCI","AMPLITUD","LTRENDIDX","M","2020-12",96.75195,
"LUX","CCI","AMPLITUD","LTRENDIDX","M","2018-12",102.4208,
"LUX","CCI","AMPLITUD","LTRENDIDX","M","2019-01",102.4953,
"LUX","CCI","AMPLITUD","LTRENDIDX","M","2019-02",102.6021,
"LUX","CCI","AMPLITUD","LTRENDIDX","M","2019-03",102.7906,
"LUX","CCI","AMPLITUD","LTRENDIDX","M","2019-04",102.8419,
"LUX","CCI","AMPLITUD","LTRENDIDX","M","2019-05",102.6787,
"LUX","CCI","AMPLITUD","LTRENDIDX","M","2019-06",102.4258,
"LUX","CCI","AMPLITUD","LTRENDIDX","M","2019-07",102.2366,
"LUX","CCI","AMPLITUD","LTRENDIDX","M","2019-08",102.0613,
"LUX","CCI","AMPLITUD","LTRENDIDX","M","2019-09",101.7602,
"LUX","CCI","AMPLITUD","LTRENDIDX","M","2019-10",101.6163,
"LUX","CCI","AMPLITUD","LTRENDIDX","M","2019-11",101.7016,
"LUX","CCI","AMPLITUD","LTRENDIDX","M","2019-12",101.7226,
"LUX","CCI","AMPLITUD","LTRENDIDX","M","2020-01",101.2708,
"LUX","CCI","AMPLITUD","LTRENDIDX","M","2020-02",100.4,
"LUX","CCI","AMPLITUD","LTRENDIDX","M","2020-03",98.77018,
"LUX","CCI","AMPLITUD","LTRENDIDX","M","2020-04",97.1907,
"LUX","CCI","AMPLITUD","LTRENDIDX","M","2020-05",96.97128,
"LUX","CCI","AMPLITUD","LTRENDIDX","M","2020-06",97.4664,
"LUX","CCI","AMPLITUD","LTRENDIDX","M","2020-07",97.60232,
"LUX","CCI","AMPLITUD","LTRENDIDX","M","2020-08",97.58631,
"LUX","CCI","AMPLITUD","LTRENDIDX","M","2020-09",97.87407,
"LUX","CCI","AMPLITUD","LTRENDIDX","M","2020-10",97.99014,
"LUX","CCI","AMPLITUD","LTRENDIDX","M","2020-11",97.80935,
"LUX","CCI","AMPLITUD","LTRENDIDX","M","2020-12",97.96381,
"GRC","CCI","AMPLITUD","LTRENDIDX","M","2018-12",100.0828,
"GRC","CCI","AMPLITUD","LTRENDIDX","M","2019-01",100.1442,
"GRC","CCI","AMPLITUD","LTRENDIDX","M","2019-02",100.0209,
"GRC","CCI","AMPLITUD","LTRENDIDX","M","2019-03",99.98011,
"GRC","CCI","AMPLITUD","LTRENDIDX","M","2019-04",100.0545,
"GRC","CCI","AMPLITUD","LTRENDIDX","M","2019-05",100.2973,
"GRC","CCI","AMPLITUD","LTRENDIDX","M","2019-06",100.7966,
"GRC","CCI","AMPLITUD","LTRENDIDX","M","2019-07",101.6088,
"GRC","CCI","AMPLITUD","LTRENDIDX","M","2019-08",102.4748,
"GRC","CCI","AMPLITUD","LTRENDIDX","M","2019-09",102.9672,
"GRC","CCI","AMPLITUD","LTRENDIDX","M","2019-10",103.1393,
"GRC","CCI","AMPLITUD","LTRENDIDX","M","2019-11",103.2102,
"GRC","CCI","AMPLITUD","LTRENDIDX","M","2019-12",103.1902,
"GRC","CCI","AMPLITUD","LTRENDIDX","M","2020-01",103.0121,
"GRC","CCI","AMPLITUD","LTRENDIDX","M","2020-02",102.627,
"GRC","CCI","AMPLITUD","LTRENDIDX","M","2020-03",101.7024,
"GRC","CCI","AMPLITUD","LTRENDIDX","M","2020-04",100.664,
"GRC","CCI","AMPLITUD","LTRENDIDX","M","2020-05",100.1427,
"GRC","CCI","AMPLITUD","LTRENDIDX","M","2020-06",99.98001,
"GRC","CCI","AMPLITUD","LTRENDIDX","M","2020-07",99.69893,
"GRC","CCI","AMPLITUD","LTRENDIDX","M","2020-08",99.33562,
"GRC","CCI","AMPLITUD","LTRENDIDX","M","2020-09",98.8367,
"GRC","CCI","AMPLITUD","LTRENDIDX","M","2020-10",98.38462,
"GRC","CCI","AMPLITUD","LTRENDIDX","M","2020-11",98.13888,
"GRC","CCI","AMPLITUD","LTRENDIDX","M","2020-12",98.11981,
"BRA","CCI","AMPLITUD","LTRENDIDX","M","2018-12",100.9921,
"BRA","CCI","AMPLITUD","LTRENDIDX","M","2019-01",101.1696,
"BRA","CCI","AMPLITUD","LTRENDIDX","M","2019-02",101.047,
"BRA","CCI","AMPLITUD","LTRENDIDX","M","2019-03",100.6967,
"BRA","CCI","AMPLITUD","LTRENDIDX","M","2019-04",100.3358,
"BRA","CCI","AMPLITUD","LTRENDIDX","M","2019-05",100.079,
"BRA","CCI","AMPLITUD","LTRENDIDX","M","2019-06",100.0995,
"BRA","CCI","AMPLITUD","LTRENDIDX","M","2019-07",100.2391,
"BRA","CCI","AMPLITUD","LTRENDIDX","M","2019-08",100.3858,
"BRA","CCI","AMPLITUD","LTRENDIDX","M","2019-09",100.4506,
"BRA","CCI","AMPLITUD","LTRENDIDX","M","2019-10",100.5028,
"BRA","CCI","AMPLITUD","LTRENDIDX","M","2019-11",100.5891,
"BRA","CCI","AMPLITUD","LTRENDIDX","M","2019-12",100.6315,
"BRA","CCI","AMPLITUD","LTRENDIDX","M","2020-01",100.3412,
"BRA","CCI","AMPLITUD","LTRENDIDX","M","2020-02",99.50816,
"BRA","CCI","AMPLITUD","LTRENDIDX","M","2020-03",98.09192,
"BRA","CCI","AMPLITUD","LTRENDIDX","M","2020-04",96.62331,
"BRA","CCI","AMPLITUD","LTRENDIDX","M","2020-05",96.35892,
"BRA","CCI","AMPLITUD","LTRENDIDX","M","2020-06",97.09754,
"BRA","CCI","AMPLITUD","LTRENDIDX","M","2020-07",98.09198,
"BRA","CCI","AMPLITUD","LTRENDIDX","M","2020-08",98.8045,
"BRA","CCI","AMPLITUD","LTRENDIDX","M","2020-09",99.19069,
"BRA","CCI","AMPLITUD","LTRENDIDX","M","2020-10",99.21931,
"BRA","CCI","AMPLITUD","LTRENDIDX","M","2020-11",99.01736,
"BRA","CCI","AMPLITUD","LTRENDIDX","M","2020-12",98.67544,
"SVK","CCI","AMPLITUD","LTRENDIDX","M","2018-12",102.9482,
"SVK","CCI","AMPLITUD","LTRENDIDX","M","2019-01",102.8207,
"SVK","CCI","AMPLITUD","LTRENDIDX","M","2019-02",102.911,
"SVK","CCI","AMPLITUD","LTRENDIDX","M","2019-03",103.002,
"SVK","CCI","AMPLITUD","LTRENDIDX","M","2019-04",103.0879,
"SVK","CCI","AMPLITUD","LTRENDIDX","M","2019-05",103.149,
"SVK","CCI","AMPLITUD","LTRENDIDX","M","2019-06",103.2544,
"SVK","CCI","AMPLITUD","LTRENDIDX","M","2019-07",103.2311,
"SVK","CCI","AMPLITUD","LTRENDIDX","M","2019-08",103.0716,
"SVK","CCI","AMPLITUD","LTRENDIDX","M","2019-09",102.9568,
"SVK","CCI","AMPLITUD","LTRENDIDX","M","2019-10",102.8758,
"SVK","CCI","AMPLITUD","LTRENDIDX","M","2019-11",102.8219,
"SVK","CCI","AMPLITUD","LTRENDIDX","M","2019-12",102.7381,
"SVK","CCI","AMPLITUD","LTRENDIDX","M","2020-01",102.6257,
"SVK","CCI","AMPLITUD","LTRENDIDX","M","2020-02",102.2768,
"SVK","CCI","AMPLITUD","LTRENDIDX","M","2020-03",101.1437,
"SVK","CCI","AMPLITUD","LTRENDIDX","M","2020-04",99.14691,
"SVK","CCI","AMPLITUD","LTRENDIDX","M","2020-05",98.18612,
"SVK","CCI","AMPLITUD","LTRENDIDX","M","2020-06",98.17139,
"SVK","CCI","AMPLITUD","LTRENDIDX","M","2020-07",98.55092,
"SVK","CCI","AMPLITUD","LTRENDIDX","M","2020-08",98.97355,
"SVK","CCI","AMPLITUD","LTRENDIDX","M","2020-09",99.07124,
"SVK","CCI","AMPLITUD","LTRENDIDX","M","2020-10",98.90016,
"SVK","CCI","AMPLITUD","LTRENDIDX","M","2020-11",98.81602,
"SVK","CCI","AMPLITUD","LTRENDIDX","M","2020-12",98.8354,
"CHN","CCI","AMPLITUD","LTRENDIDX","M","2018-12",104.4246,
"CHN","CCI","AMPLITUD","LTRENDIDX","M","2019-01",104.8461,
"CHN","CCI","AMPLITUD","LTRENDIDX","M","2019-02",105.1357,
"CHN","CCI","AMPLITUD","LTRENDIDX","M","2019-03",105.1403,
"CHN","CCI","AMPLITUD","LTRENDIDX","M","2019-04",105.1153,
"CHN","CCI","AMPLITUD","LTRENDIDX","M","2019-05",105.0335,
"CHN","CCI","AMPLITUD","LTRENDIDX","M","2019-06",105.0441,
"CHN","CCI","AMPLITUD","LTRENDIDX","M","2019-07",104.8669,
"CHN","CCI","AMPLITUD","LTRENDIDX","M","2019-08",104.6864,
"CHN","CCI","AMPLITUD","LTRENDIDX","M","2019-09",104.7861,
"CHN","CCI","AMPLITUD","LTRENDIDX","M","2019-10",105.0064,
"CHN","CCI","AMPLITUD","LTRENDIDX","M","2019-11",105.2589,
"CHN","CCI","AMPLITUD","LTRENDIDX","M","2019-12",105.3792,
"CHN","CCI","AMPLITUD","LTRENDIDX","M","2020-01",104.982,
"CHN","CCI","AMPLITUD","LTRENDIDX","M","2020-02",104.0643,
"CHN","CCI","AMPLITUD","LTRENDIDX","M","2020-03",103.33,
"CHN","CCI","AMPLITUD","LTRENDIDX","M","2020-04",102.3969,
"CHN","CCI","AMPLITUD","LTRENDIDX","M","2020-05",101.7234,
"CHN","CCI","AMPLITUD","LTRENDIDX","M","2020-06",101.4455,
"CHN","CCI","AMPLITUD","LTRENDIDX","M","2020-07",101.8332,
"CHN","CCI","AMPLITUD","LTRENDIDX","M","2020-08",102.4121,
"CHN","CCI","AMPLITUD","LTRENDIDX","M","2020-09",103.2377,
"CHN","CCI","AMPLITUD","LTRENDIDX","M","2020-10",104.0282,
"CHN","CCI","AMPLITUD","LTRENDIDX","M","2020-11",104.8201,
"BEL","CCI","AMPLITUD","LTRENDIDX","M","2018-12",100.0937,
"BEL","CCI","AMPLITUD","LTRENDIDX","M","2019-01",99.88805,
"BEL","CCI","AMPLITUD","LTRENDIDX","M","2019-02",99.88274,
"BEL","CCI","AMPLITUD","LTRENDIDX","M","2019-03",100.0226,
"BEL","CCI","AMPLITUD","LTRENDIDX","M","2019-04",100.1445,
"BEL","CCI","AMPLITUD","LTRENDIDX","M","2019-05",100.1643,
"BEL","CCI","AMPLITUD","LTRENDIDX","M","2019-06",100.0462,
"BEL","CCI","AMPLITUD","LTRENDIDX","M","2019-07",99.85548,
"BEL","CCI","AMPLITUD","LTRENDIDX","M","2019-08",99.65836,
"BEL","CCI","AMPLITUD","LTRENDIDX","M","2019-09",99.51311,
"BEL","CCI","AMPLITUD","LTRENDIDX","M","2019-10",99.53966,
"BEL","CCI","AMPLITUD","LTRENDIDX","M","2019-11",99.64694,
"BEL","CCI","AMPLITUD","LTRENDIDX","M","2019-12",99.77894,
"BEL","CCI","AMPLITUD","LTRENDIDX","M","2020-01",99.84373,
"BEL","CCI","AMPLITUD","LTRENDIDX","M","2020-02",99.74514,
"BEL","CCI","AMPLITUD","LTRENDIDX","M","2020-03",99.33606,
"BEL","CCI","AMPLITUD","LTRENDIDX","M","2020-04",98.95332,
"BEL","CCI","AMPLITUD","LTRENDIDX","M","2020-05",99.06335,
"BEL","CCI","AMPLITUD","LTRENDIDX","M","2020-06",99.31803,
"BEL","CCI","AMPLITUD","LTRENDIDX","M","2020-07",99.35348,
"BEL","CCI","AMPLITUD","LTRENDIDX","M","2020-08",99.35331,
"BEL","CCI","AMPLITUD","LTRENDIDX","M","2020-09",99.52243,
"BEL","CCI","AMPLITUD","LTRENDIDX","M","2020-10",99.72369,
"BEL","CCI","AMPLITUD","LTRENDIDX","M","2020-11",100.0721,
"BEL","CCI","AMPLITUD","LTRENDIDX","M","2020-12",100.6247,
"FIN","CCI","AMPLITUD","LTRENDIDX","M","2018-12",100.223,
"FIN","CCI","AMPLITUD","LTRENDIDX","M","2019-01",99.84632,
"FIN","CCI","AMPLITUD","LTRENDIDX","M","2019-02",99.69444,
"FIN","CCI","AMPLITUD","LTRENDIDX","M","2019-03",99.62627,
"FIN","CCI","AMPLITUD","LTRENDIDX","M","2019-04",99.51872,
"FIN","CCI","AMPLITUD","LTRENDIDX","M","2019-05",99.25153,
"FIN","CCI","AMPLITUD","LTRENDIDX","M","2019-06",98.89809,
"FIN","CCI","AMPLITUD","LTRENDIDX","M","2019-07",98.7429,
"FIN","CCI","AMPLITUD","LTRENDIDX","M","2019-08",98.71958,
"FIN","CCI","AMPLITUD","LTRENDIDX","M","2019-09",98.73247,
"FIN","CCI","AMPLITUD","LTRENDIDX","M","2019-10",98.67992,
"FIN","CCI","AMPLITUD","LTRENDIDX","M","2019-11",98.81599,
"FIN","CCI","AMPLITUD","LTRENDIDX","M","2019-12",98.84584,
"FIN","CCI","AMPLITUD","LTRENDIDX","M","2020-01",98.66356,
"FIN","CCI","AMPLITUD","LTRENDIDX","M","2020-02",98.19748,
"FIN","CCI","AMPLITUD","LTRENDIDX","M","2020-03",97.38437,
"FIN","CCI","AMPLITUD","LTRENDIDX","M","2020-04",96.71877,
"FIN","CCI","AMPLITUD","LTRENDIDX","M","2020-05",97.10896,
"FIN","CCI","AMPLITUD","LTRENDIDX","M","2020-06",98.08733,
"FIN","CCI","AMPLITUD","LTRENDIDX","M","2020-07",98.71021,
"FIN","CCI","AMPLITUD","LTRENDIDX","M","2020-08",98.70189,
"FIN","CCI","AMPLITUD","LTRENDIDX","M","2020-09",98.53906,
"FIN","CCI","AMPLITUD","LTRENDIDX","M","2020-10",98.50211,
"FIN","CCI","AMPLITUD","LTRENDIDX","M","2020-11",98.67146,
"FIN","CCI","AMPLITUD","LTRENDIDX","M","2020-12",98.7564,
"NZL","CCI","AMPLITUD","LTRENDIDX","M","2018-12",99.6214,
"NZL","CCI","AMPLITUD","LTRENDIDX","M","2019-01",99.55123,
"NZL","CCI","AMPLITUD","LTRENDIDX","M","2019-02",99.38922,
"NZL","CCI","AMPLITUD","LTRENDIDX","M","2019-03",99.23068,
"NZL","CCI","AMPLITUD","LTRENDIDX","M","2019-04",99.14127,
"NZL","CCI","AMPLITUD","LTRENDIDX","M","2019-05",99.10052,
"NZL","CCI","AMPLITUD","LTRENDIDX","M","2019-06",99.07918,
"NZL","CCI","AMPLITUD","LTRENDIDX","M","2019-07",99.06761,
"NZL","CCI","AMPLITUD","LTRENDIDX","M","2019-08",99.08513,
"NZL","CCI","AMPLITUD","LTRENDIDX","M","2019-09",99.17526,
"NZL","CCI","AMPLITUD","LTRENDIDX","M","2019-10",99.37202,
"NZL","CCI","AMPLITUD","LTRENDIDX","M","2019-11",99.59354,
"NZL","CCI","AMPLITUD","LTRENDIDX","M","2019-12",99.72116,
"NZL","CCI","AMPLITUD","LTRENDIDX","M","2020-01",99.65382,
"NZL","CCI","AMPLITUD","LTRENDIDX","M","2020-02",99.45621,
"NZL","CCI","AMPLITUD","LTRENDIDX","M","2020-03",99.19492,
"NZL","CCI","AMPLITUD","LTRENDIDX","M","2020-04",98.90486,
"NZL","CCI","AMPLITUD","LTRENDIDX","M","2020-05",98.61923,
"NZL","CCI","AMPLITUD","LTRENDIDX","M","2020-06",98.37566,
"NZL","CCI","AMPLITUD","LTRENDIDX","M","2020-07",98.2179,
"NZL","CCI","AMPLITUD","LTRENDIDX","M","2020-08",98.15533,
"NZL","CCI","AMPLITUD","LTRENDIDX","M","2020-09",98.23564,
"NZL","CCI","AMPLITUD","LTRENDIDX","M","2020-10",98.52215,
"NZL","CCI","AMPLITUD","LTRENDIDX","M","2020-11",98.92831,
"NZL","CCI","AMPLITUD","LTRENDIDX","M","2020-12",99.3734,
"G-7","CCI","AMPLITUD","LTRENDIDX","M","2018-12",100.7456,
"G-7","CCI","AMPLITUD","LTRENDIDX","M","2019-01",100.6016,
"G-7","CCI","AMPLITUD","LTRENDIDX","M","2019-02",100.6297,
"G-7","CCI","AMPLITUD","LTRENDIDX","M","2019-03",100.7462,
"G-7","CCI","AMPLITUD","LTRENDIDX","M","2019-04",100.8305,
"G-7","CCI","AMPLITUD","LTRENDIDX","M","2019-05",100.8804,
"G-7","CCI","AMPLITUD","LTRENDIDX","M","2019-06",100.8063,
"G-7","CCI","AMPLITUD","LTRENDIDX","M","2019-07",100.6593,
"G-7","CCI","AMPLITUD","LTRENDIDX","M","2019-08",100.4471,
"G-7","CCI","AMPLITUD","LTRENDIDX","M","2019-09",100.4232,
"G-7","CCI","AMPLITUD","LTRENDIDX","M","2019-10",100.5489,
"G-7","CCI","AMPLITUD","LTRENDIDX","M","2019-11",100.7582,
"G-7","CCI","AMPLITUD","LTRENDIDX","M","2019-12",100.916,
"G-7","CCI","AMPLITUD","LTRENDIDX","M","2020-01",100.8665,
"G-7","CCI","AMPLITUD","LTRENDIDX","M","2020-02",100.3734,
"G-7","CCI","AMPLITUD","LTRENDIDX","M","2020-03",99.28213,
"G-7","CCI","AMPLITUD","LTRENDIDX","M","2020-04",98.15145,
"G-7","CCI","AMPLITUD","LTRENDIDX","M","2020-05",97.76643,
"G-7","CCI","AMPLITUD","LTRENDIDX","M","2020-06",97.93913,
"G-7","CCI","AMPLITUD","LTRENDIDX","M","2020-07",98.17493,
"G-7","CCI","AMPLITUD","LTRENDIDX","M","2020-08",98.43253,
"G-7","CCI","AMPLITUD","LTRENDIDX","M","2020-09",98.65392,
"G-7","CCI","AMPLITUD","LTRENDIDX","M","2020-10",98.64623,
"G-7","CCI","AMPLITUD","LTRENDIDX","M","2020-11",98.45111,
"IDN","CCI","AMPLITUD","LTRENDIDX","M","2018-12",101.5669,
"IDN","CCI","AMPLITUD","LTRENDIDX","M","2019-01",101.6149,
"IDN","CCI","AMPLITUD","LTRENDIDX","M","2019-02",101.6294,
"IDN","CCI","AMPLITUD","LTRENDIDX","M","2019-03",101.6643,
"IDN","CCI","AMPLITUD","LTRENDIDX","M","2019-04",101.7365,
"IDN","CCI","AMPLITUD","LTRENDIDX","M","2019-05",101.7503,
"IDN","CCI","AMPLITUD","LTRENDIDX","M","2019-06",101.6809,
"IDN","CCI","AMPLITUD","LTRENDIDX","M","2019-07",101.5656,
"IDN","CCI","AMPLITUD","LTRENDIDX","M","2019-08",101.4442,
"IDN","CCI","AMPLITUD","LTRENDIDX","M","2019-09",101.3588,
"IDN","CCI","AMPLITUD","LTRENDIDX","M","2019-10",101.3577,
"IDN","CCI","AMPLITUD","LTRENDIDX","M","2019-11",101.4873,
"IDN","CCI","AMPLITUD","LTRENDIDX","M","2019-12",101.546,
"IDN","CCI","AMPLITUD","LTRENDIDX","M","2020-01",101.3726,
"IDN","CCI","AMPLITUD","LTRENDIDX","M","2020-02",100.9427,
"IDN","CCI","AMPLITUD","LTRENDIDX","M","2020-03",100.2045,
"IDN","CCI","AMPLITUD","LTRENDIDX","M","2020-04",99.21932,
"IDN","CCI","AMPLITUD","LTRENDIDX","M","2020-05",98.62177,
"IDN","CCI","AMPLITUD","LTRENDIDX","M","2020-06",98.52328,
"IDN","CCI","AMPLITUD","LTRENDIDX","M","2020-07",98.60482,
"IDN","CCI","AMPLITUD","LTRENDIDX","M","2020-08",98.64457,
"IDN","CCI","AMPLITUD","LTRENDIDX","M","2020-09",98.61009,
"IDN","CCI","AMPLITUD","LTRENDIDX","M","2020-10",98.66956,
"IDN","CCI","AMPLITUD","LTRENDIDX","M","2020-11",98.9715,
"TUR","CCI","AMPLITUD","LTRENDIDX","M","2018-12",96.36592,
"TUR","CCI","AMPLITUD","LTRENDIDX","M","2019-01",96.42165,
"TUR","CCI","AMPLITUD","LTRENDIDX","M","2019-02",96.51178,
"TUR","CCI","AMPLITUD","LTRENDIDX","M","2019-03",96.71779,
"TUR","CCI","AMPLITUD","LTRENDIDX","M","2019-04",96.69684,
"TUR","CCI","AMPLITUD","LTRENDIDX","M","2019-05",96.22221,
"TUR","CCI","AMPLITUD","LTRENDIDX","M","2019-06",96.02164,
"TUR","CCI","AMPLITUD","LTRENDIDX","M","2019-07",95.87073,
"TUR","CCI","AMPLITUD","LTRENDIDX","M","2019-08",95.82419,
"TUR","CCI","AMPLITUD","LTRENDIDX","M","2019-09",95.83362,
"TUR","CCI","AMPLITUD","LTRENDIDX","M","2019-10",96.07841,
"TUR","CCI","AMPLITUD","LTRENDIDX","M","2019-11",96.45869,
"TUR","CCI","AMPLITUD","LTRENDIDX","M","2019-12",96.63491,
"TUR","CCI","AMPLITUD","LTRENDIDX","M","2020-01",96.64272,
"TUR","CCI","AMPLITUD","LTRENDIDX","M","2020-02",96.50346,
"TUR","CCI","AMPLITUD","LTRENDIDX","M","2020-03",96.46518,
"TUR","CCI","AMPLITUD","LTRENDIDX","M","2020-04",96.50211,
"TUR","CCI","AMPLITUD","LTRENDIDX","M","2020-05",96.88609,
"TUR","CCI","AMPLITUD","LTRENDIDX","M","2020-06",97.08344,
"TUR","CCI","AMPLITUD","LTRENDIDX","M","2020-07",97.00581,
"TUR","CCI","AMPLITUD","LTRENDIDX","M","2020-08",96.81287,
"TUR","CCI","AMPLITUD","LTRENDIDX","M","2020-09",96.84772,
"TUR","CCI","AMPLITUD","LTRENDIDX","M","2020-10",96.79922,
"TUR","CCI","AMPLITUD","LTRENDIDX","M","2020-11",96.59118,
"TUR","CCI","AMPLITUD","LTRENDIDX","M","2020-12",96.39525,
"AUT","CCI","AMPLITUD","LTRENDIDX","M","2018-12",100.9689,
"AUT","CCI","AMPLITUD","LTRENDIDX","M","2019-01",100.8709,
"AUT","CCI","AMPLITUD","LTRENDIDX","M","2019-02",100.8184,
"AUT","CCI","AMPLITUD","LTRENDIDX","M","2019-03",100.7837,
"AUT","CCI","AMPLITUD","LTRENDIDX","M","2019-04",100.7449,
"AUT","CCI","AMPLITUD","LTRENDIDX","M","2019-05",100.754,
"AUT","CCI","AMPLITUD","LTRENDIDX","M","2019-06",100.644,
"AUT","CCI","AMPLITUD","LTRENDIDX","M","2019-07",100.5838,
"AUT","CCI","AMPLITUD","LTRENDIDX","M","2019-08",100.5908,
"AUT","CCI","AMPLITUD","LTRENDIDX","M","2019-09",100.5582,
"AUT","CCI","AMPLITUD","LTRENDIDX","M","2019-10",100.5463,
"AUT","CCI","AMPLITUD","LTRENDIDX","M","2019-11",100.5331,
"AUT","CCI","AMPLITUD","LTRENDIDX","M","2019-12",100.5591,
"AUT","CCI","AMPLITUD","LTRENDIDX","M","2020-01",100.5081,
"AUT","CCI","AMPLITUD","LTRENDIDX","M","2020-02",100.1975,
"AUT","CCI","AMPLITUD","LTRENDIDX","M","2020-03",99.56165,
"AUT","CCI","AMPLITUD","LTRENDIDX","M","2020-04",98.92979,
"AUT","CCI","AMPLITUD","LTRENDIDX","M","2020-05",98.91481,
"AUT","CCI","AMPLITUD","LTRENDIDX","M","2020-06",99.23647,
"AUT","CCI","AMPLITUD","LTRENDIDX","M","2020-07",99.4334,
"AUT","CCI","AMPLITUD","LTRENDIDX","M","2020-08",99.52032,
"AUT","CCI","AMPLITUD","LTRENDIDX","M","2020-09",99.49261,
"AUT","CCI","AMPLITUD","LTRENDIDX","M","2020-10",99.20603,
"AUT","CCI","AMPLITUD","LTRENDIDX","M","2020-11",98.93552,
"AUT","CCI","AMPLITUD","LTRENDIDX","M","2020-12",98.89843,
"ITA","CCI","AMPLITUD","LTRENDIDX","M","2018-12",101.2121,
"ITA","CCI","AMPLITUD","LTRENDIDX","M","2019-01",101.0776,
"ITA","CCI","AMPLITUD","LTRENDIDX","M","2019-02",100.8578,
"ITA","CCI","AMPLITUD","LTRENDIDX","M","2019-03",100.6517,
"ITA","CCI","AMPLITUD","LTRENDIDX","M","2019-04",100.5645,
"ITA","CCI","AMPLITUD","LTRENDIDX","M","2019-05",100.5803,
"ITA","CCI","AMPLITUD","LTRENDIDX","M","2019-06",100.5729,
"ITA","CCI","AMPLITUD","LTRENDIDX","M","2019-07",100.6228,
"ITA","CCI","AMPLITUD","LTRENDIDX","M","2019-08",100.5373,
"ITA","CCI","AMPLITUD","LTRENDIDX","M","2019-09",100.3653,
"ITA","CCI","AMPLITUD","LTRENDIDX","M","2019-10",100.2007,
"ITA","CCI","AMPLITUD","LTRENDIDX","M","2019-11",100.1229,
"ITA","CCI","AMPLITUD","LTRENDIDX","M","2019-12",100.208,
"ITA","CCI","AMPLITUD","LTRENDIDX","M","2020-01",100.1705,
"ITA","CCI","AMPLITUD","LTRENDIDX","M","2020-02",99.76526,
"ITA","CCI","AMPLITUD","LTRENDIDX","M","2020-03",99.08189,
"ITA","CCI","AMPLITUD","LTRENDIDX","M","2020-04",98.82154,
"ITA","CCI","AMPLITUD","LTRENDIDX","M","2020-05",99.05647,
"ITA","CCI","AMPLITUD","LTRENDIDX","M","2020-06",99.54174,
"ITA","CCI","AMPLITUD","LTRENDIDX","M","2020-07",99.78802,
"ITA","CCI","AMPLITUD","LTRENDIDX","M","2020-08",99.88462,
"ITA","CCI","AMPLITUD","LTRENDIDX","M","2020-09",99.7914,
"ITA","CCI","AMPLITUD","LTRENDIDX","M","2020-10",99.52441,
"ITA","CCI","AMPLITUD","LTRENDIDX","M","2020-11",99.32597,
"ITA","CCI","AMPLITUD","LTRENDIDX","M","2020-12",99.39307,
"IRL","CCI","AMPLITUD","LTRENDIDX","M","2018-12",102.1447,
"IRL","CCI","AMPLITUD","LTRENDIDX","M","2019-01",101.7248,
"IRL","CCI","AMPLITUD","LTRENDIDX","M","2019-02",101.4234,
"IRL","CCI","AMPLITUD","LTRENDIDX","M","2019-03",101.3507,
"IRL","CCI","AMPLITUD","LTRENDIDX","M","2019-04",101.4892,
"IRL","CCI","AMPLITUD","LTRENDIDX","M","2019-05",101.7336,
"IRL","CCI","AMPLITUD","LTRENDIDX","M","2019-06",101.667,
"IRL","CCI","AMPLITUD","LTRENDIDX","M","2019-07",101.1938,
"IRL","CCI","AMPLITUD","LTRENDIDX","M","2019-08",100.6399,
"IRL","CCI","AMPLITUD","LTRENDIDX","M","2019-09",100.3152,
"IRL","CCI","AMPLITUD","LTRENDIDX","M","2019-10",100.3263,
"IRL","CCI","AMPLITUD","LTRENDIDX","M","2019-11",100.6483,
"IRL","CCI","AMPLITUD","LTRENDIDX","M","2019-12",100.9278,
"IRL","CCI","AMPLITUD","LTRENDIDX","M","2020-01",101.1223,
"IRL","CCI","AMPLITUD","LTRENDIDX","M","2020-02",100.951,
"IRL","CCI","AMPLITUD","LTRENDIDX","M","2020-03",100.0706,
"IRL","CCI","AMPLITUD","LTRENDIDX","M","2020-04",98.75273,
"IRL","CCI","AMPLITUD","LTRENDIDX","M","2020-05",98.1912,
"IRL","CCI","AMPLITUD","LTRENDIDX","M","2020-06",98.26304,
"IRL","CCI","AMPLITUD","LTRENDIDX","M","2020-07",98.52839,
"IRL","CCI","AMPLITUD","LTRENDIDX","M","2020-08",98.68121,
"IRL","CCI","AMPLITUD","LTRENDIDX","M","2020-09",98.82329,
"IRL","CCI","AMPLITUD","LTRENDIDX","M","2020-10",99.15974,
"IRL","CCI","AMPLITUD","LTRENDIDX","M","2020-11",99.8232,
"IRL","CCI","AMPLITUD","LTRENDIDX","M","2020-12",100.6048,
"SVN","CCI","AMPLITUD","LTRENDIDX","M","2018-12",102.4994,
"SVN","CCI","AMPLITUD","LTRENDIDX","M","2019-01",102.7921,
"SVN","CCI","AMPLITUD","LTRENDIDX","M","2019-02",102.9778,
"SVN","CCI","AMPLITUD","LTRENDIDX","M","2019-03",102.9318,
"SVN","CCI","AMPLITUD","LTRENDIDX","M","2019-04",102.7921,
"SVN","CCI","AMPLITUD","LTRENDIDX","M","2019-05",102.8047,
"SVN","CCI","AMPLITUD","LTRENDIDX","M","2019-06",102.8274,
"SVN","CCI","AMPLITUD","LTRENDIDX","M","2019-07",102.7855,
"SVN","CCI","AMPLITUD","LTRENDIDX","M","2019-08",102.4821,
"SVN","CCI","AMPLITUD","LTRENDIDX","M","2019-09",102.0081,
"SVN","CCI","AMPLITUD","LTRENDIDX","M","2019-10",101.4763,
"SVN","CCI","AMPLITUD","LTRENDIDX","M","2019-11",101.1278,
"SVN","CCI","AMPLITUD","LTRENDIDX","M","2019-12",100.9927,
"SVN","CCI","AMPLITUD","LTRENDIDX","M","2020-01",100.9376,
"SVN","CCI","AMPLITUD","LTRENDIDX","M","2020-02",100.2656,
"SVN","CCI","AMPLITUD","LTRENDIDX","M","2020-03",98.4735,
"SVN","CCI","AMPLITUD","LTRENDIDX","M","2020-04",95.9914,
"SVN","CCI","AMPLITUD","LTRENDIDX","M","2020-05",95.0038,
"SVN","CCI","AMPLITUD","LTRENDIDX","M","2020-06",95.30371,
"SVN","CCI","AMPLITUD","LTRENDIDX","M","2020-07",96.11716,
"SVN","CCI","AMPLITUD","LTRENDIDX","M","2020-08",96.8075,
"SVN","CCI","AMPLITUD","LTRENDIDX","M","2020-09",96.69797,
"SVN","CCI","AMPLITUD","LTRENDIDX","M","2020-10",95.88773,
"SVN","CCI","AMPLITUD","LTRENDIDX","M","2020-11",95.02666,
"SVN","CCI","AMPLITUD","LTRENDIDX","M","2020-12",94.51878,
"DEU","CCI","AMPLITUD","LTRENDIDX","M","2018-12",101.6293,
"DEU","CCI","AMPLITUD","LTRENDIDX","M","2019-01",101.5812,
"DEU","CCI","AMPLITUD","LTRENDIDX","M","2019-02",101.5702,
"DEU","CCI","AMPLITUD","LTRENDIDX","M","2019-03",101.5395,
"DEU","CCI","AMPLITUD","LTRENDIDX","M","2019-04",101.4387,
"DEU","CCI","AMPLITUD","LTRENDIDX","M","2019-05",101.275,
"DEU","CCI","AMPLITUD","LTRENDIDX","M","2019-06",101.0905,
"DEU","CCI","AMPLITUD","LTRENDIDX","M","2019-07",100.9814,
"DEU","CCI","AMPLITUD","LTRENDIDX","M","2019-08",100.9318,
"DEU","CCI","AMPLITUD","LTRENDIDX","M","2019-09",100.9638,
"DEU","CCI","AMPLITUD","LTRENDIDX","M","2019-10",100.9811,
"DEU","CCI","AMPLITUD","LTRENDIDX","M","2019-11",101.0465,
"DEU","CCI","AMPLITUD","LTRENDIDX","M","2019-12",101.0136,
"DEU","CCI","AMPLITUD","LTRENDIDX","M","2020-01",100.895,
"DEU","CCI","AMPLITUD","LTRENDIDX","M","2020-02",100.5439,
"DEU","CCI","AMPLITUD","LTRENDIDX","M","2020-03",99.79393,
"DEU","CCI","AMPLITUD","LTRENDIDX","M","2020-04",99.01624,
"DEU","CCI","AMPLITUD","LTRENDIDX","M","2020-05",98.83796,
"DEU","CCI","AMPLITUD","LTRENDIDX","M","2020-06",99.12502,
"DEU","CCI","AMPLITUD","LTRENDIDX","M","2020-07",99.46984,
"DEU","CCI","AMPLITUD","LTRENDIDX","M","2020-08",99.72958,
"DEU","CCI","AMPLITUD","LTRENDIDX","M","2020-09",99.78442,
"DEU","CCI","AMPLITUD","LTRENDIDX","M","2020-10",99.64921,
"DEU","CCI","AMPLITUD","LTRENDIDX","M","2020-11",99.45988,
"DEU","CCI","AMPLITUD","LTRENDIDX","M","2020-12",99.36108,
"KOR","CCI","AMPLITUD","LTRENDIDX","M","2018-12",99.42094,
"KOR","CCI","AMPLITUD","LTRENDIDX","M","2019-01",99.55842,
"KOR","CCI","AMPLITUD","LTRENDIDX","M","2019-02",99.76384,
"KOR","CCI","AMPLITUD","LTRENDIDX","M","2019-03",99.90066,
"KOR","CCI","AMPLITUD","LTRENDIDX","M","2019-04",99.90556,
"KOR","CCI","AMPLITUD","LTRENDIDX","M","2019-05",99.68459,
"KOR","CCI","AMPLITUD","LTRENDIDX","M","2019-06",99.42136,
"KOR","CCI","AMPLITUD","LTRENDIDX","M","2019-07",99.17178,
"KOR","CCI","AMPLITUD","LTRENDIDX","M","2019-08",99.07779,
"KOR","CCI","AMPLITUD","LTRENDIDX","M","2019-09",99.33678,
"KOR","CCI","AMPLITUD","LTRENDIDX","M","2019-10",99.71866,
"KOR","CCI","AMPLITUD","LTRENDIDX","M","2019-11",100.0651,
"KOR","CCI","AMPLITUD","LTRENDIDX","M","2019-12",100.1713,
"KOR","CCI","AMPLITUD","LTRENDIDX","M","2020-01",99.83515,
"KOR","CCI","AMPLITUD","LTRENDIDX","M","2020-02",98.66873,
"KOR","CCI","AMPLITUD","LTRENDIDX","M","2020-03",97.0441,
"KOR","CCI","AMPLITUD","LTRENDIDX","M","2020-04",96.05664,
"KOR","CCI","AMPLITUD","LTRENDIDX","M","2020-05",96.10049,
"KOR","CCI","AMPLITUD","LTRENDIDX","M","2020-06",96.6033,
"KOR","CCI","AMPLITUD","LTRENDIDX","M","2020-07",97.10323,
"KOR","CCI","AMPLITUD","LTRENDIDX","M","2020-08",97.43835,
"KOR","CCI","AMPLITUD","LTRENDIDX","M","2020-09",97.64228,
"KOR","CCI","AMPLITUD","LTRENDIDX","M","2020-10",98.26838,
"KOR","CCI","AMPLITUD","LTRENDIDX","M","2020-11",98.73537,
"KOR","CCI","AMPLITUD","LTRENDIDX","M","2020-12",98.71208,
"EST","CCI","AMPLITUD","LTRENDIDX","M","2018-12",102.9791,
"EST","CCI","AMPLITUD","LTRENDIDX","M","2019-01",103.1909,
"EST","CCI","AMPLITUD","LTRENDIDX","M","2019-02",103.3889,
"EST","CCI","AMPLITUD","LTRENDIDX","M","2019-03",103.4129,
"EST","CCI","AMPLITUD","LTRENDIDX","M","2019-04",103.2952,
"EST","CCI","AMPLITUD","LTRENDIDX","M","2019-05",103.3023,
"EST","CCI","AMPLITUD","LTRENDIDX","M","2019-06",103.225,
"EST","CCI","AMPLITUD","LTRENDIDX","M","2019-07",103.3313,
"EST","CCI","AMPLITUD","LTRENDIDX","M","2019-08",103.451,
"EST","CCI","AMPLITUD","LTRENDIDX","M","2019-09",103.1996,
"EST","CCI","AMPLITUD","LTRENDIDX","M","2019-10",103.0845,
"EST","CCI","AMPLITUD","LTRENDIDX","M","2019-11",103.2663,
"EST","CCI","AMPLITUD","LTRENDIDX","M","2019-12",103.5077,
"EST","CCI","AMPLITUD","LTRENDIDX","M","2020-01",103.4889,
"EST","CCI","AMPLITUD","LTRENDIDX","M","2020-02",103.0296,
"EST","CCI","AMPLITUD","LTRENDIDX","M","2020-03",101.8099,
"EST","CCI","AMPLITUD","LTRENDIDX","M","2020-04",100.1278,
"EST","CCI","AMPLITUD","LTRENDIDX","M","2020-05",99.12489,
"EST","CCI","AMPLITUD","LTRENDIDX","M","2020-06",98.26287,
"EST","CCI","AMPLITUD","LTRENDIDX","M","2020-07",98.214,
"EST","CCI","AMPLITUD","LTRENDIDX","M","2020-08",98.47753,
"EST","CCI","AMPLITUD","LTRENDIDX","M","2020-09",98.62084,
"EST","CCI","AMPLITUD","LTRENDIDX","M","2020-10",98.24776,
"EST","CCI","AMPLITUD","LTRENDIDX","M","2020-11",97.31887,
"EST","CCI","AMPLITUD","LTRENDIDX","M","2020-12",96.82272,
"EA19","CCI","AMPLITUD","LTRENDIDX","M","2018-12",100.9899,
"EA19","CCI","AMPLITUD","LTRENDIDX","M","2019-01",100.9331,
"EA19","CCI","AMPLITUD","LTRENDIDX","M","2019-02",100.9735,
"EA19","CCI","AMPLITUD","LTRENDIDX","M","2019-03",101.0132,
"EA19","CCI","AMPLITUD","LTRENDIDX","M","2019-04",101.0126,
"EA19","CCI","AMPLITUD","LTRENDIDX","M","2019-05",101.0411,
"EA19","CCI","AMPLITUD","LTRENDIDX","M","2019-06",101.0371,
"EA19","CCI","AMPLITUD","LTRENDIDX","M","2019-07",101.0501,
"EA19","CCI","AMPLITUD","LTRENDIDX","M","2019-08",101.034,
"EA19","CCI","AMPLITUD","LTRENDIDX","M","2019-09",101.015,
"EA19","CCI","AMPLITUD","LTRENDIDX","M","2019-10",100.9567,
"EA19","CCI","AMPLITUD","LTRENDIDX","M","2019-11",100.9298,
"EA19","CCI","AMPLITUD","LTRENDIDX","M","2019-12",100.8705,
"EA19","CCI","AMPLITUD","LTRENDIDX","M","2020-01",100.7271,
"EA19","CCI","AMPLITUD","LTRENDIDX","M","2020-02",100.2497,
"EA19","CCI","AMPLITUD","LTRENDIDX","M","2020-03",99.13367,
"EA19","CCI","AMPLITUD","LTRENDIDX","M","2020-04",97.94661,
"EA19","CCI","AMPLITUD","LTRENDIDX","M","2020-05",97.74611,
"EA19","CCI","AMPLITUD","LTRENDIDX","M","2020-06",98.15101,
"EA19","CCI","AMPLITUD","LTRENDIDX","M","2020-07",98.50068,
"EA19","CCI","AMPLITUD","LTRENDIDX","M","2020-08",98.67842,
"EA19","CCI","AMPLITUD","LTRENDIDX","M","2020-09",98.67198,
"EA19","CCI","AMPLITUD","LTRENDIDX","M","2020-10",98.48566,
"EA19","CCI","AMPLITUD","LTRENDIDX","M","2020-11",98.38645,
"EA19","CCI","AMPLITUD","LTRENDIDX","M","2020-12",98.61095,
"ISR","CCI","AMPLITUD","LTRENDIDX","M","2018-12",101.7731,
"ISR","CCI","AMPLITUD","LTRENDIDX","M","2019-01",101.8459,
"ISR","CCI","AMPLITUD","LTRENDIDX","M","2019-02",102.0507,
"ISR","CCI","AMPLITUD","LTRENDIDX","M","2019-03",102.1895,
"ISR","CCI","AMPLITUD","LTRENDIDX","M","2019-04",102.197,
"ISR","CCI","AMPLITUD","LTRENDIDX","M","2019-05",101.9074,
"ISR","CCI","AMPLITUD","LTRENDIDX","M","2019-06",101.3703,
"ISR","CCI","AMPLITUD","LTRENDIDX","M","2019-07",101.3411,
"ISR","CCI","AMPLITUD","LTRENDIDX","M","2019-08",101.5178,
"ISR","CCI","AMPLITUD","LTRENDIDX","M","2019-09",101.7004,
"ISR","CCI","AMPLITUD","LTRENDIDX","M","2019-10",101.62,
"ISR","CCI","AMPLITUD","LTRENDIDX","M","2019-11",101.4815,
"ISR","CCI","AMPLITUD","LTRENDIDX","M","2019-12",101.3529,
"ISR","CCI","AMPLITUD","LTRENDIDX","M","2020-01",100.9061,
"ISR","CCI","AMPLITUD","LTRENDIDX","M","2020-02",99.80885,
"ISR","CCI","AMPLITUD","LTRENDIDX","M","2020-03",97.76952,
"ISR","CCI","AMPLITUD","LTRENDIDX","M","2020-04",96.4977,
"ISR","CCI","AMPLITUD","LTRENDIDX","M","2020-05",96.64157,
"ISR","CCI","AMPLITUD","LTRENDIDX","M","2020-06",96.16068,
"ISR","CCI","AMPLITUD","LTRENDIDX","M","2020-07",95.50647,
"ISR","CCI","AMPLITUD","LTRENDIDX","M","2020-08",95.47394,
"ISR","CCI","AMPLITUD","LTRENDIDX","M","2020-09",95.53714,
"ISR","CCI","AMPLITUD","LTRENDIDX","M","2020-10",95.82077,
"ISR","CCI","AMPLITUD","LTRENDIDX","M","2020-11",96.77651,
"RUS","CCI","AMPLITUD","LTRENDIDX","M","2018-12",98.73473,
"RUS","CCI","AMPLITUD","LTRENDIDX","M","2019-01",98.81173,
"RUS","CCI","AMPLITUD","LTRENDIDX","M","2019-02",98.91988,
"RUS","CCI","AMPLITUD","LTRENDIDX","M","2019-03",99.03288,
"RUS","CCI","AMPLITUD","LTRENDIDX","M","2019-04",99.15125,
"RUS","CCI","AMPLITUD","LTRENDIDX","M","2019-05",99.29009,
"RUS","CCI","AMPLITUD","LTRENDIDX","M","2019-06",99.46149,
"RUS","CCI","AMPLITUD","LTRENDIDX","M","2019-07",99.63641,
"RUS","CCI","AMPLITUD","LTRENDIDX","M","2019-08",99.77477,
"RUS","CCI","AMPLITUD","LTRENDIDX","M","2019-09",99.85215,
"RUS","CCI","AMPLITUD","LTRENDIDX","M","2019-10",99.92283,
"RUS","CCI","AMPLITUD","LTRENDIDX","M","2019-11",100.0425,
"RUS","CCI","AMPLITUD","LTRENDIDX","M","2019-12",100.1974,
"RUS","CCI","AMPLITUD","LTRENDIDX","M","2020-01",100.1851,
"RUS","CCI","AMPLITUD","LTRENDIDX","M","2020-02",99.66049,
"RUS","CCI","AMPLITUD","LTRENDIDX","M","2020-03",98.34995,
"RUS","CCI","AMPLITUD","LTRENDIDX","M","2020-04",96.77747,
"RUS","CCI","AMPLITUD","LTRENDIDX","M","2020-05",95.66074,
"RUS","CCI","AMPLITUD","LTRENDIDX","M","2020-06",95.56928,
"RUS","CCI","AMPLITUD","LTRENDIDX","M","2020-07",96.12681,
"RUS","CCI","AMPLITUD","LTRENDIDX","M","2020-08",96.90871,
"LVA","CCI","AMPLITUD","LTRENDIDX","M","2018-12",100.9534,
"LVA","CCI","AMPLITUD","LTRENDIDX","M","2019-01",100.868,
"LVA","CCI","AMPLITUD","LTRENDIDX","M","2019-02",100.8477,
"LVA","CCI","AMPLITUD","LTRENDIDX","M","2019-03",101.1743,
"LVA","CCI","AMPLITUD","LTRENDIDX","M","2019-04",101.3986,
"LVA","CCI","AMPLITUD","LTRENDIDX","M","2019-05",101.3301,
"LVA","CCI","AMPLITUD","LTRENDIDX","M","2019-06",101.1832,
"LVA","CCI","AMPLITUD","LTRENDIDX","M","2019-07",101.193,
"LVA","CCI","AMPLITUD","LTRENDIDX","M","2019-08",101.31,
"LVA","CCI","AMPLITUD","LTRENDIDX","M","2019-09",101.4363,
"LVA","CCI","AMPLITUD","LTRENDIDX","M","2019-10",101.5152,
"LVA","CCI","AMPLITUD","LTRENDIDX","M","2019-11",101.5692,
"LVA","CCI","AMPLITUD","LTRENDIDX","M","2019-12",101.621,
"LVA","CCI","AMPLITUD","LTRENDIDX","M","2020-01",101.0636,
"LVA","CCI","AMPLITUD","LTRENDIDX","M","2020-02",100.0894,
"LVA","CCI","AMPLITUD","LTRENDIDX","M","2020-03",97.98521,
"LVA","CCI","AMPLITUD","LTRENDIDX","M","2020-04",95.54579,
"LVA","CCI","AMPLITUD","LTRENDIDX","M","2020-05",94.99762,
"LVA","CCI","AMPLITUD","LTRENDIDX","M","2020-06",95.44212,
"LVA","CCI","AMPLITUD","LTRENDIDX","M","2020-07",95.99655,
"LVA","CCI","AMPLITUD","LTRENDIDX","M","2020-08",96.62512,
"LVA","CCI","AMPLITUD","LTRENDIDX","M","2020-09",96.67932,
"LVA","CCI","AMPLITUD","LTRENDIDX","M","2020-10",96.45036,
"LVA","CCI","AMPLITUD","LTRENDIDX","M","2020-11",95.51003,
"LVA","CCI","AMPLITUD","LTRENDIDX","M","2020-12",94.29773,
"LTU","CCI","AMPLITUD","LTRENDIDX","M","2018-12",102.7149,
"LTU","CCI","AMPLITUD","LTRENDIDX","M","2019-01",103.1123,
"LTU","CCI","AMPLITUD","LTRENDIDX","M","2019-02",103.6211,
"LTU","CCI","AMPLITUD","LTRENDIDX","M","2019-03",103.9491,
"LTU","CCI","AMPLITUD","LTRENDIDX","M","2019-04",104.1968,
"LTU","CCI","AMPLITUD","LTRENDIDX","M","2019-05",104.46,
"LTU","CCI","AMPLITUD","LTRENDIDX","M","2019-06",104.6515,
"LTU","CCI","AMPLITUD","LTRENDIDX","M","2019-07",104.6214,
"LTU","CCI","AMPLITUD","LTRENDIDX","M","2019-08",104.488,
"LTU","CCI","AMPLITUD","LTRENDIDX","M","2019-09",104.1799,
"LTU","CCI","AMPLITUD","LTRENDIDX","M","2019-10",103.8139,
"LTU","CCI","AMPLITUD","LTRENDIDX","M","2019-11",103.5497,
"LTU","CCI","AMPLITUD","LTRENDIDX","M","2019-12",103.2595,
"LTU","CCI","AMPLITUD","LTRENDIDX","M","2020-01",103.0009,
"LTU","CCI","AMPLITUD","LTRENDIDX","M","2020-02",102.4359,
"LTU","CCI","AMPLITUD","LTRENDIDX","M","2020-03",101.0555,
"LTU","CCI","AMPLITUD","LTRENDIDX","M","2020-04",99.47537,
"LTU","CCI","AMPLITUD","LTRENDIDX","M","2020-05",99.21442,
"LTU","CCI","AMPLITUD","LTRENDIDX","M","2020-06",99.81495,
"LTU","CCI","AMPLITUD","LTRENDIDX","M","2020-07",100.4974,
"LTU","CCI","AMPLITUD","LTRENDIDX","M","2020-08",101.0928,
"LTU","CCI","AMPLITUD","LTRENDIDX","M","2020-09",101.5691,
"LTU","CCI","AMPLITUD","LTRENDIDX","M","2020-10",101.6451,
"LTU","CCI","AMPLITUD","LTRENDIDX","M","2020-11",101.2197,
"LTU","CCI","AMPLITUD","LTRENDIDX","M","2020-12",100.8886,
"COL","CCI","AMPLITUD","LTRENDIDX","M","2018-12",98.98161,
"COL","CCI","AMPLITUD","LTRENDIDX","M","2019-01",99.15852,
"COL","CCI","AMPLITUD","LTRENDIDX","M","2019-02",99.26444,
"COL","CCI","AMPLITUD","LTRENDIDX","M","2019-03",99.30677,
"COL","CCI","AMPLITUD","LTRENDIDX","M","2019-04",99.21532,
"COL","CCI","AMPLITUD","LTRENDIDX","M","2019-05",99.1818,
"COL","CCI","AMPLITUD","LTRENDIDX","M","2019-06",99.14467,
"COL","CCI","AMPLITUD","LTRENDIDX","M","2019-07",99.07818,
"COL","CCI","AMPLITUD","LTRENDIDX","M","2019-08",98.95819,
"COL","CCI","AMPLITUD","LTRENDIDX","M","2019-09",98.89837,
"COL","CCI","AMPLITUD","LTRENDIDX","M","2019-10",98.88924,
"COL","CCI","AMPLITUD","LTRENDIDX","M","2019-11",98.9189,
"COL","CCI","AMPLITUD","LTRENDIDX","M","2019-12",99.03422,
"COL","CCI","AMPLITUD","LTRENDIDX","M","2020-01",99.04928,
"COL","CCI","AMPLITUD","LTRENDIDX","M","2020-02",98.70889,
"COL","CCI","AMPLITUD","LTRENDIDX","M","2020-03",98.14301,
"COL","CCI","AMPLITUD","LTRENDIDX","M","2020-04",97.63958,
"COL","CCI","AMPLITUD","LTRENDIDX","M","2020-05",97.50172,
"COL","CCI","AMPLITUD","LTRENDIDX","M","2020-06",97.56156,
"COL","CCI","AMPLITUD","LTRENDIDX","M","2020-07",97.73043,
"COL","CCI","AMPLITUD","LTRENDIDX","M","2020-08",97.98988,
"COL","CCI","AMPLITUD","LTRENDIDX","M","2020-09",98.24539,
"COL","CCI","AMPLITUD","LTRENDIDX","M","2020-10",98.47931,
"COL","CCI","AMPLITUD","LTRENDIDX","M","2020-11",98.70999,
"COL","CCI","AMPLITUD","LTRENDIDX","M","2020-12",98.92739,
"CHL","CCI","AMPLITUD","LTRENDIDX","M","2018-12",100.3646,
"CHL","CCI","AMPLITUD","LTRENDIDX","M","2019-01",100.4501,
"CHL","CCI","AMPLITUD","LTRENDIDX","M","2019-02",100.2792,
"CHL","CCI","AMPLITUD","LTRENDIDX","M","2019-03",99.85529,
"CHL","CCI","AMPLITUD","LTRENDIDX","M","2019-04",99.47147,
"CHL","CCI","AMPLITUD","LTRENDIDX","M","2019-05",99.04593,
"CHL","CCI","AMPLITUD","LTRENDIDX","M","2019-06",98.74514,
"CHL","CCI","AMPLITUD","LTRENDIDX","M","2019-07",98.71427,
"CHL","CCI","AMPLITUD","LTRENDIDX","M","2019-08",98.58326,
"CHL","CCI","AMPLITUD","LTRENDIDX","M","2019-09",98.17995,
"CHL","CCI","AMPLITUD","LTRENDIDX","M","2019-10",97.43283,
"CHL","CCI","AMPLITUD","LTRENDIDX","M","2019-11",96.53703,
"CHL","CCI","AMPLITUD","LTRENDIDX","M","2019-12",96.18878,
"CHL","CCI","AMPLITUD","LTRENDIDX","M","2020-01",96.1769,
"CHL","CCI","AMPLITUD","LTRENDIDX","M","2020-02",96.01919,
"CHL","CCI","AMPLITUD","LTRENDIDX","M","2020-03",95.27301,
"CHL","CCI","AMPLITUD","LTRENDIDX","M","2020-04",94.3111,
"CHL","CCI","AMPLITUD","LTRENDIDX","M","2020-05",93.72616,
"CHL","CCI","AMPLITUD","LTRENDIDX","M","2020-06",93.58578,
"CHL","CCI","AMPLITUD","LTRENDIDX","M","2020-07",93.91241,
"CHL","CCI","AMPLITUD","LTRENDIDX","M","2020-08",94.57724,
"CHL","CCI","AMPLITUD","LTRENDIDX","M","2020-09",95.21928,
"CHL","CCI","AMPLITUD","LTRENDIDX","M","2020-10",95.75246,
"CHL","CCI","AMPLITUD","LTRENDIDX","M","2020-11",96.01488,
"CHL","CCI","AMPLITUD","LTRENDIDX","M","2020-12",96.16454,
