﻿"LOCATION","INDICATOR","SUBJECT","MEASURE","FREQUENCY","TIME","Value","Flag Codes"
"KOR","QGDP","TOT","PC_CHGPP","Q","2018-Q1",1.06627,
"KOR","QGDP","TOT","PC_CHGPP","Q","2018-Q2",0.61552,
"KOR","QGDP","TOT","PC_CHGPP","Q","2018-Q3",0.577085,
"KOR","QGDP","TOT","PC_CHGPP","Q","2018-Q4",0.86544,
"KOR","QGDP","TOT","PC_CHGPP","Q","2019-Q1",-0.339694341,"P"
"KOR","QGDP","TOT","PC_CHGPP","Q","2019-Q2",1.014142649,"P"
"KOR","QGDP","TOT","PC_CHGPP","Q","2019-Q3",0.375455057,"P"
"KOR","QGDP","TOT","PC_CHGPP","Q","2019-Q4",1.311630082,"P"
"KOR","QGDP","TOT","PC_CHGPP","Q","2020-Q1",-1.281701518,"P"
"KOR","QGDP","TOT","PC_CHGPP","Q","2020-Q2",-3.153851888,"P"
"KOR","QGDP","TOT","PC_CHGPP","Q","2020-Q3",2.136144877,"P"
"AUS","QGDP","TOT","PC_CHGPP","Q","2018-Q1",0.904627933,
"AUS","QGDP","TOT","PC_CHGPP","Q","2018-Q2",0.872744108,
"AUS","QGDP","TOT","PC_CHGPP","Q","2018-Q3",0.36840484,
"AUS","QGDP","TOT","PC_CHGPP","Q","2018-Q4",0.186409991,
"AUS","QGDP","TOT","PC_CHGPP","Q","2019-Q1",0.497127843,
"AUS","QGDP","TOT","PC_CHGPP","Q","2019-Q2",0.649124817,
"AUS","QGDP","TOT","PC_CHGPP","Q","2019-Q3",0.607538848,
"AUS","QGDP","TOT","PC_CHGPP","Q","2019-Q4",0.393353994,
"AUS","QGDP","TOT","PC_CHGPP","Q","2020-Q1",-0.279320053,
"AUS","QGDP","TOT","PC_CHGPP","Q","2020-Q2",-7.027382636,
"AUS","QGDP","TOT","PC_CHGPP","Q","2020-Q3",3.328123983,
"ISL","QGDP","TOT","PC_CHGPP","Q","2018-Q1",-0.339312213,
"ISL","QGDP","TOT","PC_CHGPP","Q","2018-Q2",0.1852505,
"ISL","QGDP","TOT","PC_CHGPP","Q","2018-Q3",0.115587011,
"ISL","QGDP","TOT","PC_CHGPP","Q","2018-Q4",2.940023884,
"ISL","QGDP","TOT","PC_CHGPP","Q","2019-Q1",-0.167527946,
"ISL","QGDP","TOT","PC_CHGPP","Q","2019-Q2",-0.756734557,
"ISL","QGDP","TOT","PC_CHGPP","Q","2019-Q3",-2.278947744,
"ISL","QGDP","TOT","PC_CHGPP","Q","2019-Q4",6.211608107,
"ISL","QGDP","TOT","PC_CHGPP","Q","2020-Q1",-7.600387833,
"ISL","QGDP","TOT","PC_CHGPP","Q","2020-Q2",-7.314675727,
"ISL","QGDP","TOT","PC_CHGPP","Q","2020-Q3",2.58498745,
"GBR","QGDP","TOT","PC_CHGPP","Q","2018-Q1",0.069019083,
"GBR","QGDP","TOT","PC_CHGPP","Q","2018-Q2",0.382631967,
"GBR","QGDP","TOT","PC_CHGPP","Q","2018-Q3",0.596472835,
"GBR","QGDP","TOT","PC_CHGPP","Q","2018-Q4",0.166751655,
"GBR","QGDP","TOT","PC_CHGPP","Q","2019-Q1",0.551073721,
"GBR","QGDP","TOT","PC_CHGPP","Q","2019-Q2",-0.017923531,
"GBR","QGDP","TOT","PC_CHGPP","Q","2019-Q3",0.325823198,
"GBR","QGDP","TOT","PC_CHGPP","Q","2019-Q4",0.149395602,
"GBR","QGDP","TOT","PC_CHGPP","Q","2020-Q1",-2.522693203,
"GBR","QGDP","TOT","PC_CHGPP","Q","2020-Q2",-19.810925559,
"GBR","QGDP","TOT","PC_CHGPP","Q","2020-Q3",15.50703357,
"EST","QGDP","TOT","PC_CHGPP","Q","2018-Q1",0.939774395,
"EST","QGDP","TOT","PC_CHGPP","Q","2018-Q2",1.159542095,
"EST","QGDP","TOT","PC_CHGPP","Q","2018-Q3",0.70398595,
"EST","QGDP","TOT","PC_CHGPP","Q","2018-Q4",1.266420628,
"EST","QGDP","TOT","PC_CHGPP","Q","2019-Q1",2.409699061,
"EST","QGDP","TOT","PC_CHGPP","Q","2019-Q2",0.426008333,
"EST","QGDP","TOT","PC_CHGPP","Q","2019-Q3",0.471135039,
"EST","QGDP","TOT","PC_CHGPP","Q","2019-Q4",0.484044841,
"EST","QGDP","TOT","PC_CHGPP","Q","2020-Q1",-0.820471658,
"EST","QGDP","TOT","PC_CHGPP","Q","2020-Q2",-5.493447446,
"EST","QGDP","TOT","PC_CHGPP","Q","2020-Q3",3.255995705,
"DNK","QGDP","TOT","PC_CHGPP","Q","2018-Q1",0.597633546,
"DNK","QGDP","TOT","PC_CHGPP","Q","2018-Q2",0.433290394,
"DNK","QGDP","TOT","PC_CHGPP","Q","2018-Q3",0.832906364,
"DNK","QGDP","TOT","PC_CHGPP","Q","2018-Q4",0.634173709,
"DNK","QGDP","TOT","PC_CHGPP","Q","2019-Q1",0.759283924,
"DNK","QGDP","TOT","PC_CHGPP","Q","2019-Q2",1.070546377,
"DNK","QGDP","TOT","PC_CHGPP","Q","2019-Q3",0.505676254,
"DNK","QGDP","TOT","PC_CHGPP","Q","2019-Q4",0.024241094,
"DNK","QGDP","TOT","PC_CHGPP","Q","2020-Q1",-1.648087256,
"DNK","QGDP","TOT","PC_CHGPP","Q","2020-Q2",-7.0153227,
"DNK","QGDP","TOT","PC_CHGPP","Q","2020-Q3",4.899527658,
"ESP","QGDP","TOT","PC_CHGPP","Q","2018-Q1",0.549619907,"P"
"ESP","QGDP","TOT","PC_CHGPP","Q","2018-Q2",0.52043867,"P"
"ESP","QGDP","TOT","PC_CHGPP","Q","2018-Q3",0.610602276,"P"
"ESP","QGDP","TOT","PC_CHGPP","Q","2018-Q4",0.554108131,"P"
"ESP","QGDP","TOT","PC_CHGPP","Q","2019-Q1",0.522265726,"P"
"ESP","QGDP","TOT","PC_CHGPP","Q","2019-Q2",0.378039987,"P"
"ESP","QGDP","TOT","PC_CHGPP","Q","2019-Q3",0.353791001,"P"
"ESP","QGDP","TOT","PC_CHGPP","Q","2019-Q4",0.414757334,"P"
"ESP","QGDP","TOT","PC_CHGPP","Q","2020-Q1",-5.249658572,"P"
"ESP","QGDP","TOT","PC_CHGPP","Q","2020-Q2",-17.791879065,"P"
"ESP","QGDP","TOT","PC_CHGPP","Q","2020-Q3",16.69809828,"P"
"JPN","QGDP","TOT","PC_CHGPP","Q","2018-Q1",-0.034943123,
"JPN","QGDP","TOT","PC_CHGPP","Q","2018-Q2",0.05179369,
"JPN","QGDP","TOT","PC_CHGPP","Q","2018-Q3",-0.653421834,
"JPN","QGDP","TOT","PC_CHGPP","Q","2018-Q4",0.453692756,
"JPN","QGDP","TOT","PC_CHGPP","Q","2019-Q1",0.57740988,
"JPN","QGDP","TOT","PC_CHGPP","Q","2019-Q2",0.077576528,
"JPN","QGDP","TOT","PC_CHGPP","Q","2019-Q3",0.179240981,
"JPN","QGDP","TOT","PC_CHGPP","Q","2019-Q4",-1.861715352,
"JPN","QGDP","TOT","PC_CHGPP","Q","2020-Q1",-0.538012647,
"JPN","QGDP","TOT","PC_CHGPP","Q","2020-Q2",-8.261777428,
"JPN","QGDP","TOT","PC_CHGPP","Q","2020-Q3",5.295470884,
"OECD","QGDP","TOT","PC_CHGPP","Q","2018-Q1",0.63551667,
"OECD","QGDP","TOT","PC_CHGPP","Q","2018-Q2",0.526786475,
"OECD","QGDP","TOT","PC_CHGPP","Q","2018-Q3",0.216691718,
"OECD","QGDP","TOT","PC_CHGPP","Q","2018-Q4",0.280836718,
"OECD","QGDP","TOT","PC_CHGPP","Q","2019-Q1",0.603998202,
"OECD","QGDP","TOT","PC_CHGPP","Q","2019-Q2",0.395746009,
"OECD","QGDP","TOT","PC_CHGPP","Q","2019-Q3",0.409135366,
"OECD","QGDP","TOT","PC_CHGPP","Q","2019-Q4",0.204874368,
"OECD","QGDP","TOT","PC_CHGPP","Q","2020-Q1",-1.839815835,
"OECD","QGDP","TOT","PC_CHGPP","Q","2020-Q2",-10.519747731,
"OECD","QGDP","TOT","PC_CHGPP","Q","2020-Q3",9.1,
"NOR","QGDP","TOT","PC_CHGPP","Q","2018-Q1",0.454499614,
"NOR","QGDP","TOT","PC_CHGPP","Q","2018-Q2",0.210937147,
"NOR","QGDP","TOT","PC_CHGPP","Q","2018-Q3",0.688098695,
"NOR","QGDP","TOT","PC_CHGPP","Q","2018-Q4",0.013862447,
"NOR","QGDP","TOT","PC_CHGPP","Q","2019-Q1",-0.061478136,
"NOR","QGDP","TOT","PC_CHGPP","Q","2019-Q2",0.15960594,
"NOR","QGDP","TOT","PC_CHGPP","Q","2019-Q3",-0.050586039,
"NOR","QGDP","TOT","PC_CHGPP","Q","2019-Q4",1.669737255,
"NOR","QGDP","TOT","PC_CHGPP","Q","2020-Q1",-1.502753858,
"NOR","QGDP","TOT","PC_CHGPP","Q","2020-Q2",-4.663954097,
"NOR","QGDP","TOT","PC_CHGPP","Q","2020-Q3",4.605174619,
"HUN","QGDP","TOT","PC_CHGPP","Q","2018-Q1",1.831774139,
"HUN","QGDP","TOT","PC_CHGPP","Q","2018-Q2",1.1016095,
"HUN","QGDP","TOT","PC_CHGPP","Q","2018-Q3",1.252620921,
"HUN","QGDP","TOT","PC_CHGPP","Q","2018-Q4",1.041623335,
"HUN","QGDP","TOT","PC_CHGPP","Q","2019-Q1",1.620558047,
"HUN","QGDP","TOT","PC_CHGPP","Q","2019-Q2",0.752325123,
"HUN","QGDP","TOT","PC_CHGPP","Q","2019-Q3",0.959587026,
"HUN","QGDP","TOT","PC_CHGPP","Q","2019-Q4",0.634506772,
"HUN","QGDP","TOT","PC_CHGPP","Q","2020-Q1",-0.351820843,
"HUN","QGDP","TOT","PC_CHGPP","Q","2020-Q2",-14.5825665,
"HUN","QGDP","TOT","PC_CHGPP","Q","2020-Q3",11.38472413,
"CAN","QGDP","TOT","PC_CHGPP","Q","2018-Q1",0.657093788,
"CAN","QGDP","TOT","PC_CHGPP","Q","2018-Q2",0.647084332,
"CAN","QGDP","TOT","PC_CHGPP","Q","2018-Q3",0.684309029,
"CAN","QGDP","TOT","PC_CHGPP","Q","2018-Q4",0.276436735,
"CAN","QGDP","TOT","PC_CHGPP","Q","2019-Q1",0.088235138,
"CAN","QGDP","TOT","PC_CHGPP","Q","2019-Q2",1.069136226,
"CAN","QGDP","TOT","PC_CHGPP","Q","2019-Q3",0.45210412,
"CAN","QGDP","TOT","PC_CHGPP","Q","2019-Q4",0.094407559,
"CAN","QGDP","TOT","PC_CHGPP","Q","2020-Q1",-1.87241647,
"CAN","QGDP","TOT","PC_CHGPP","Q","2020-Q2",-11.314573725,
"CAN","QGDP","TOT","PC_CHGPP","Q","2020-Q3",8.874858409,
"ARG","QGDP","TOT","PC_CHGPP","Q","2018-Q1",-0.092170863,
"ARG","QGDP","TOT","PC_CHGPP","Q","2018-Q2",-5.10548118,
"ARG","QGDP","TOT","PC_CHGPP","Q","2018-Q3",-0.067025498,
"ARG","QGDP","TOT","PC_CHGPP","Q","2018-Q4",-1.035574913,
"ARG","QGDP","TOT","PC_CHGPP","Q","2019-Q1",0.176674988,
"ARG","QGDP","TOT","PC_CHGPP","Q","2019-Q2",-0.428969962,
"ARG","QGDP","TOT","PC_CHGPP","Q","2019-Q3",0.846522367,
"ARG","QGDP","TOT","PC_CHGPP","Q","2019-Q4",-0.919976045,
"ARG","QGDP","TOT","PC_CHGPP","Q","2020-Q1",-4.156615174,
"ARG","QGDP","TOT","PC_CHGPP","Q","2020-Q2",-16.222777398,
"SVN","QGDP","TOT","PC_CHGPP","Q","2018-Q1",0.212534901,
"SVN","QGDP","TOT","PC_CHGPP","Q","2018-Q2",1.321517705,
"SVN","QGDP","TOT","PC_CHGPP","Q","2018-Q3",1.267852871,
"SVN","QGDP","TOT","PC_CHGPP","Q","2018-Q4",1.035719972,
"SVN","QGDP","TOT","PC_CHGPP","Q","2019-Q1",0.865598009,
"SVN","QGDP","TOT","PC_CHGPP","Q","2019-Q2",-0.028890392,
"SVN","QGDP","TOT","PC_CHGPP","Q","2019-Q3",0.852022851,
"SVN","QGDP","TOT","PC_CHGPP","Q","2019-Q4",0.389073528,
"SVN","QGDP","TOT","PC_CHGPP","Q","2020-Q1",-4.660072286,
"SVN","QGDP","TOT","PC_CHGPP","Q","2020-Q2",-9.788389611,
"SVN","QGDP","TOT","PC_CHGPP","Q","2020-Q3",12.405556548,
"FIN","QGDP","TOT","PC_CHGPP","Q","2018-Q1",0.116198917,
"FIN","QGDP","TOT","PC_CHGPP","Q","2018-Q2",-0.143604674,
"FIN","QGDP","TOT","PC_CHGPP","Q","2018-Q3",0.242312011,
"FIN","QGDP","TOT","PC_CHGPP","Q","2018-Q4",0.371433063,
"FIN","QGDP","TOT","PC_CHGPP","Q","2019-Q1",0.340688818,
"FIN","QGDP","TOT","PC_CHGPP","Q","2019-Q2",0.913224189,
"FIN","QGDP","TOT","PC_CHGPP","Q","2019-Q3",-0.189500145,
"FIN","QGDP","TOT","PC_CHGPP","Q","2019-Q4",-0.612201407,
"FIN","QGDP","TOT","PC_CHGPP","Q","2020-Q1",-1.50679324,
"FIN","QGDP","TOT","PC_CHGPP","Q","2020-Q2",-3.89091197,
"FIN","QGDP","TOT","PC_CHGPP","Q","2020-Q3",3.272105762,
"BRA","QGDP","TOT","PC_CHGPP","Q","2018-Q1",0.927976071,
"BRA","QGDP","TOT","PC_CHGPP","Q","2018-Q2",-0.1106895,
"BRA","QGDP","TOT","PC_CHGPP","Q","2018-Q3",0.815089964,
"BRA","QGDP","TOT","PC_CHGPP","Q","2018-Q4",-0.496834472,
"BRA","QGDP","TOT","PC_CHGPP","Q","2019-Q1",1.281938697,
"BRA","QGDP","TOT","PC_CHGPP","Q","2019-Q2",0.196867523,
"BRA","QGDP","TOT","PC_CHGPP","Q","2019-Q3",-0.156076473,
"BRA","QGDP","TOT","PC_CHGPP","Q","2019-Q4",0.22028172,
"BRA","QGDP","TOT","PC_CHGPP","Q","2020-Q1",-1.545879168,
"BRA","QGDP","TOT","PC_CHGPP","Q","2020-Q2",-9.599817806,
"BRA","QGDP","TOT","PC_CHGPP","Q","2020-Q3",7.707789052,
"NLD","QGDP","TOT","PC_CHGPP","Q","2018-Q1",0.457198359,"P"
"NLD","QGDP","TOT","PC_CHGPP","Q","2018-Q2",0.60398532,"P"
"NLD","QGDP","TOT","PC_CHGPP","Q","2018-Q3",0.221109846,"P"
"NLD","QGDP","TOT","PC_CHGPP","Q","2018-Q4",0.406568278,"P"
"NLD","QGDP","TOT","PC_CHGPP","Q","2019-Q1",0.506884582,"P"
"NLD","QGDP","TOT","PC_CHGPP","Q","2019-Q2",0.357657943,"P"
"NLD","QGDP","TOT","PC_CHGPP","Q","2019-Q3",0.330901959,"P"
"NLD","QGDP","TOT","PC_CHGPP","Q","2019-Q4",0.45347504,"P"
"NLD","QGDP","TOT","PC_CHGPP","Q","2020-Q1",-1.494445659,"P"
"NLD","QGDP","TOT","PC_CHGPP","Q","2020-Q2",-8.542121912,"P"
"NLD","QGDP","TOT","PC_CHGPP","Q","2020-Q3",7.683129545,"P"
"USA","QGDP","TOT","PC_CHGPP","Q","2018-Q1",0.93167915,
"USA","QGDP","TOT","PC_CHGPP","Q","2018-Q2",0.668628011,
"USA","QGDP","TOT","PC_CHGPP","Q","2018-Q3",0.525195607,
"USA","QGDP","TOT","PC_CHGPP","Q","2018-Q4",0.328321429,
"USA","QGDP","TOT","PC_CHGPP","Q","2019-Q1",0.72512256,
"USA","QGDP","TOT","PC_CHGPP","Q","2019-Q2",0.370716167,
"USA","QGDP","TOT","PC_CHGPP","Q","2019-Q3",0.636914747,
"USA","QGDP","TOT","PC_CHGPP","Q","2019-Q4",0.58623185,
"USA","QGDP","TOT","PC_CHGPP","Q","2020-Q1",-1.262654605,
"USA","QGDP","TOT","PC_CHGPP","Q","2020-Q2",-8.986116769,
"USA","QGDP","TOT","PC_CHGPP","Q","2020-Q3",7.403491898,
"SVK","QGDP","TOT","PC_CHGPP","Q","2018-Q1",0.810634223,
"SVK","QGDP","TOT","PC_CHGPP","Q","2018-Q2",1.10283222,
"SVK","QGDP","TOT","PC_CHGPP","Q","2018-Q3",0.934900715,
"SVK","QGDP","TOT","PC_CHGPP","Q","2018-Q4",0.451523934,
"SVK","QGDP","TOT","PC_CHGPP","Q","2019-Q1",0.619755665,
"SVK","QGDP","TOT","PC_CHGPP","Q","2019-Q2",0.351751942,
"SVK","QGDP","TOT","PC_CHGPP","Q","2019-Q3",0.378811853,
"SVK","QGDP","TOT","PC_CHGPP","Q","2019-Q4",0.586932948,
"SVK","QGDP","TOT","PC_CHGPP","Q","2020-Q1",-5.077927914,
"SVK","QGDP","TOT","PC_CHGPP","Q","2020-Q2",-8.300909507,"E"
"SVK","QGDP","TOT","PC_CHGPP","Q","2020-Q3",11.641680353,"E"
"MEX","QGDP","TOT","PC_CHGPP","Q","2018-Q1",1.161371825,
"MEX","QGDP","TOT","PC_CHGPP","Q","2018-Q2",0.035992323,
"MEX","QGDP","TOT","PC_CHGPP","Q","2018-Q3",0.160195378,
"MEX","QGDP","TOT","PC_CHGPP","Q","2018-Q4",-0.089801417,
"MEX","QGDP","TOT","PC_CHGPP","Q","2019-Q1",0.261182403,
"MEX","QGDP","TOT","PC_CHGPP","Q","2019-Q2",-0.095319207,
"MEX","QGDP","TOT","PC_CHGPP","Q","2019-Q3",-0.198749289,
"MEX","QGDP","TOT","PC_CHGPP","Q","2019-Q4",-0.637792726,
"MEX","QGDP","TOT","PC_CHGPP","Q","2020-Q1",-1.23751342,
"MEX","QGDP","TOT","PC_CHGPP","Q","2020-Q2",-16.950964949,
"MEX","QGDP","TOT","PC_CHGPP","Q","2020-Q3",12.118183042,
"BEL","QGDP","TOT","PC_CHGPP","Q","2018-Q1",0.43203753,
"BEL","QGDP","TOT","PC_CHGPP","Q","2018-Q2",0.475412409,
"BEL","QGDP","TOT","PC_CHGPP","Q","2018-Q3",0.341779828,
"BEL","QGDP","TOT","PC_CHGPP","Q","2018-Q4",0.860695515,
"BEL","QGDP","TOT","PC_CHGPP","Q","2019-Q1",0.158868493,
"BEL","QGDP","TOT","PC_CHGPP","Q","2019-Q2",0.311794723,
"BEL","QGDP","TOT","PC_CHGPP","Q","2019-Q3",0.506898702,
"BEL","QGDP","TOT","PC_CHGPP","Q","2019-Q4",0.609525864,
"BEL","QGDP","TOT","PC_CHGPP","Q","2020-Q1",-3.416970477,"P"
"BEL","QGDP","TOT","PC_CHGPP","Q","2020-Q2",-11.817223003,"P"
"BEL","QGDP","TOT","PC_CHGPP","Q","2020-Q3",11.441011383,"P"
"ISR","QGDP","TOT","PC_CHGPP","Q","2018-Q1",1.144083352,
"ISR","QGDP","TOT","PC_CHGPP","Q","2018-Q2",0.34448629,
"ISR","QGDP","TOT","PC_CHGPP","Q","2018-Q3",0.722588051,
"ISR","QGDP","TOT","PC_CHGPP","Q","2018-Q4",0.733966532,
"ISR","QGDP","TOT","PC_CHGPP","Q","2019-Q1",1.32266361,
"ISR","QGDP","TOT","PC_CHGPP","Q","2019-Q2",0.179684859,
"ISR","QGDP","TOT","PC_CHGPP","Q","2019-Q3",1.00240225,
"ISR","QGDP","TOT","PC_CHGPP","Q","2019-Q4",1.141136673,
"ISR","QGDP","TOT","PC_CHGPP","Q","2020-Q1",-1.788586875,
"ISR","QGDP","TOT","PC_CHGPP","Q","2020-Q2",-8.4515864,
"ISR","QGDP","TOT","PC_CHGPP","Q","2020-Q3",8.374901942,
"TUR","QGDP","TOT","PC_CHGPP","Q","2018-Q1",1.49132668,
"TUR","QGDP","TOT","PC_CHGPP","Q","2018-Q2",0.508565009,
"TUR","QGDP","TOT","PC_CHGPP","Q","2018-Q3",-1.590547654,
"TUR","QGDP","TOT","PC_CHGPP","Q","2018-Q4",-2.989422987,
"TUR","QGDP","TOT","PC_CHGPP","Q","2019-Q1",1.683891932,
"TUR","QGDP","TOT","PC_CHGPP","Q","2019-Q2",2.069027578,
"TUR","QGDP","TOT","PC_CHGPP","Q","2019-Q3",0.402388106,
"TUR","QGDP","TOT","PC_CHGPP","Q","2019-Q4",2.007254486,
"TUR","QGDP","TOT","PC_CHGPP","Q","2020-Q1",0.17856591,
"TUR","QGDP","TOT","PC_CHGPP","Q","2020-Q2",-10.783870904,
"TUR","QGDP","TOT","PC_CHGPP","Q","2020-Q3",15.564347437,
"IND","QGDP","TOT","PC_CHGPP","Q","2018-Q1",1.641989,
"IND","QGDP","TOT","PC_CHGPP","Q","2018-Q2",1.324898,
"IND","QGDP","TOT","PC_CHGPP","Q","2018-Q3",1.39794,
"IND","QGDP","TOT","PC_CHGPP","Q","2018-Q4",1.17275,
"IND","QGDP","TOT","PC_CHGPP","Q","2019-Q1",1.41451,
"IND","QGDP","TOT","PC_CHGPP","Q","2019-Q2",0.90548,
"IND","QGDP","TOT","PC_CHGPP","Q","2019-Q3",0.83647,
"IND","QGDP","TOT","PC_CHGPP","Q","2019-Q4",0.860955,
"IND","QGDP","TOT","PC_CHGPP","Q","2020-Q1",0.65894,
"IND","QGDP","TOT","PC_CHGPP","Q","2020-Q2",-25.2481,
"IND","QGDP","TOT","PC_CHGPP","Q","2020-Q3",21.94015,
"LVA","QGDP","TOT","PC_CHGPP","Q","2018-Q1",0.989505788,
"LVA","QGDP","TOT","PC_CHGPP","Q","2018-Q2",1.750048835,
"LVA","QGDP","TOT","PC_CHGPP","Q","2018-Q3",1.419048614,
"LVA","QGDP","TOT","PC_CHGPP","Q","2018-Q4",0.897847423,
"LVA","QGDP","TOT","PC_CHGPP","Q","2019-Q1",-0.526596551,
"LVA","QGDP","TOT","PC_CHGPP","Q","2019-Q2",0.642457206,
"LVA","QGDP","TOT","PC_CHGPP","Q","2019-Q3",0.521850217,
"LVA","QGDP","TOT","PC_CHGPP","Q","2019-Q4",0.114614812,
"LVA","QGDP","TOT","PC_CHGPP","Q","2020-Q1",-2.267312198,
"LVA","QGDP","TOT","PC_CHGPP","Q","2020-Q2",-7.076491025,
"LVA","QGDP","TOT","PC_CHGPP","Q","2020-Q3",7.130099448,
"CZE","QGDP","TOT","PC_CHGPP","Q","2018-Q1",0.667768705,
"CZE","QGDP","TOT","PC_CHGPP","Q","2018-Q2",0.608028229,
"CZE","QGDP","TOT","PC_CHGPP","Q","2018-Q3",0.552180298,
"CZE","QGDP","TOT","PC_CHGPP","Q","2018-Q4",0.742058418,
"CZE","QGDP","TOT","PC_CHGPP","Q","2019-Q1",0.525039301,
"CZE","QGDP","TOT","PC_CHGPP","Q","2019-Q2",0.533997102,
"CZE","QGDP","TOT","PC_CHGPP","Q","2019-Q3",0.462778435,
"CZE","QGDP","TOT","PC_CHGPP","Q","2019-Q4",0.432102317,
"CZE","QGDP","TOT","PC_CHGPP","Q","2020-Q1",-3.300064307,
"CZE","QGDP","TOT","PC_CHGPP","Q","2020-Q2",-8.482285206,
"CZE","QGDP","TOT","PC_CHGPP","Q","2020-Q3",6.924278719,
"POL","QGDP","TOT","PC_CHGPP","Q","2018-Q1",1.322513561,
"POL","QGDP","TOT","PC_CHGPP","Q","2018-Q2",1.330969303,
"POL","QGDP","TOT","PC_CHGPP","Q","2018-Q3",1.379781343,
"POL","QGDP","TOT","PC_CHGPP","Q","2018-Q4",0.762008939,
"POL","QGDP","TOT","PC_CHGPP","Q","2019-Q1",1.699926885,
"POL","QGDP","TOT","PC_CHGPP","Q","2019-Q2",0.738602466,
"POL","QGDP","TOT","PC_CHGPP","Q","2019-Q3",1.151562197,
"POL","QGDP","TOT","PC_CHGPP","Q","2019-Q4",0.248456273,
"POL","QGDP","TOT","PC_CHGPP","Q","2020-Q1",-0.26103648,
"POL","QGDP","TOT","PC_CHGPP","Q","2020-Q2",-9.000662267,
"POL","QGDP","TOT","PC_CHGPP","Q","2020-Q3",7.878236969,
"DEU","QGDP","TOT","PC_CHGPP","Q","2018-Q1",-0.206973575,
"DEU","QGDP","TOT","PC_CHGPP","Q","2018-Q2",0.471387432,
"DEU","QGDP","TOT","PC_CHGPP","Q","2018-Q3",-0.328427895,
"DEU","QGDP","TOT","PC_CHGPP","Q","2018-Q4",0.338921472,
"DEU","QGDP","TOT","PC_CHGPP","Q","2019-Q1",0.612222858,
"DEU","QGDP","TOT","PC_CHGPP","Q","2019-Q2",-0.503593062,
"DEU","QGDP","TOT","PC_CHGPP","Q","2019-Q3",0.309311452,
"DEU","QGDP","TOT","PC_CHGPP","Q","2019-Q4",-0.018690252,
"DEU","QGDP","TOT","PC_CHGPP","Q","2020-Q1",-1.897193488,"P"
"DEU","QGDP","TOT","PC_CHGPP","Q","2020-Q2",-9.793281077,"P"
"DEU","QGDP","TOT","PC_CHGPP","Q","2020-Q3",8.480305474,"P"
"IDN","QGDP","TOT","PC_CHGPP","Q","2018-Q1",1.28641546,
"IDN","QGDP","TOT","PC_CHGPP","Q","2018-Q2",1.248867808,
"IDN","QGDP","TOT","PC_CHGPP","Q","2018-Q3",1.265286784,
"IDN","QGDP","TOT","PC_CHGPP","Q","2018-Q4",1.258905224,
"IDN","QGDP","TOT","PC_CHGPP","Q","2019-Q1",1.206573025,
"IDN","QGDP","TOT","PC_CHGPP","Q","2019-Q2",1.252144717,
"IDN","QGDP","TOT","PC_CHGPP","Q","2019-Q3",1.205683305,
"IDN","QGDP","TOT","PC_CHGPP","Q","2019-Q4",1.183474343,
"IDN","QGDP","TOT","PC_CHGPP","Q","2020-Q1",-0.688299374,
"IDN","QGDP","TOT","PC_CHGPP","Q","2020-Q2",-6.947945723,
"IDN","QGDP","TOT","PC_CHGPP","Q","2020-Q3",3.100770289,
"LUX","QGDP","TOT","PC_CHGPP","Q","2018-Q1",1.59550209,
"LUX","QGDP","TOT","PC_CHGPP","Q","2018-Q2",-0.674681668,
"LUX","QGDP","TOT","PC_CHGPP","Q","2018-Q3",0.507707676,
"LUX","QGDP","TOT","PC_CHGPP","Q","2018-Q4",0.368784482,
"LUX","QGDP","TOT","PC_CHGPP","Q","2019-Q1",0.01869894,
"LUX","QGDP","TOT","PC_CHGPP","Q","2019-Q2",2.154830271,
"LUX","QGDP","TOT","PC_CHGPP","Q","2019-Q3",0.403184297,
"LUX","QGDP","TOT","PC_CHGPP","Q","2019-Q4",0.370829119,
"LUX","QGDP","TOT","PC_CHGPP","Q","2020-Q1",-1.374458382,
"LUX","QGDP","TOT","PC_CHGPP","Q","2020-Q2",-7.193458508,
"ZAF","QGDP","TOT","PC_CHGPP","Q","2018-Q1",-0.683101,
"ZAF","QGDP","TOT","PC_CHGPP","Q","2018-Q2",-0.131193,
"ZAF","QGDP","TOT","PC_CHGPP","Q","2018-Q3",0.648958,
"ZAF","QGDP","TOT","PC_CHGPP","Q","2018-Q4",0.340713,
"ZAF","QGDP","TOT","PC_CHGPP","Q","2019-Q1",-0.803969,
"ZAF","QGDP","TOT","PC_CHGPP","Q","2019-Q2",0.816711,
"ZAF","QGDP","TOT","PC_CHGPP","Q","2019-Q3",-0.209579,
"ZAF","QGDP","TOT","PC_CHGPP","Q","2019-Q4",-0.362879287,
"ZAF","QGDP","TOT","PC_CHGPP","Q","2020-Q1",-0.422548271,
"ZAF","QGDP","TOT","PC_CHGPP","Q","2020-Q2",-16.641962996,
"ZAF","QGDP","TOT","PC_CHGPP","Q","2020-Q3",13.530993656,
"RUS","QGDP","TOT","PC_CHGPP","Q","2018-Q1",1.325750672,
"RUS","QGDP","TOT","PC_CHGPP","Q","2018-Q2",0.306660176,
"RUS","QGDP","TOT","PC_CHGPP","Q","2018-Q3",0.367169797,
"RUS","QGDP","TOT","PC_CHGPP","Q","2018-Q4",0.429617251,
"RUS","QGDP","TOT","PC_CHGPP","Q","2019-Q1",-0.468618348,
"RUS","QGDP","TOT","PC_CHGPP","Q","2019-Q2",2.37118293,
"RUS","QGDP","TOT","PC_CHGPP","Q","2019-Q3",-0.878903266,
"RUS","QGDP","TOT","PC_CHGPP","Q","2019-Q4",-0.705263376,
"RUS","QGDP","TOT","PC_CHGPP","Q","2020-Q1",-0.879546459,
"RUS","QGDP","TOT","PC_CHGPP","Q","2020-Q2",-3.237636448,
"PRT","QGDP","TOT","PC_CHGPP","Q","2018-Q1",0.741950743,
"PRT","QGDP","TOT","PC_CHGPP","Q","2018-Q2",0.826983977,
"PRT","QGDP","TOT","PC_CHGPP","Q","2018-Q3",0.522540898,
"PRT","QGDP","TOT","PC_CHGPP","Q","2018-Q4",0.416432642,
"PRT","QGDP","TOT","PC_CHGPP","Q","2019-Q1",0.666772653,"P"
"PRT","QGDP","TOT","PC_CHGPP","Q","2019-Q2",0.542915963,"P"
"PRT","QGDP","TOT","PC_CHGPP","Q","2019-Q3",0.396466374,"P"
"PRT","QGDP","TOT","PC_CHGPP","Q","2019-Q4",0.662808505,"P"
"PRT","QGDP","TOT","PC_CHGPP","Q","2020-Q1",-3.954021598,"E"
"PRT","QGDP","TOT","PC_CHGPP","Q","2020-Q2",-13.897573882,"E"
"PRT","QGDP","TOT","PC_CHGPP","Q","2020-Q3",13.325471392,"E"
"ITA","QGDP","TOT","PC_CHGPP","Q","2018-Q1",0.014591881,
"ITA","QGDP","TOT","PC_CHGPP","Q","2018-Q2",0.121744153,
"ITA","QGDP","TOT","PC_CHGPP","Q","2018-Q3",-0.062680567,
"ITA","QGDP","TOT","PC_CHGPP","Q","2018-Q4",0.113067874,
"ITA","QGDP","TOT","PC_CHGPP","Q","2019-Q1",0.169874846,
"ITA","QGDP","TOT","PC_CHGPP","Q","2019-Q2",0.194237482,
"ITA","QGDP","TOT","PC_CHGPP","Q","2019-Q3",0.041313487,
"ITA","QGDP","TOT","PC_CHGPP","Q","2019-Q4",-0.323639046,
"ITA","QGDP","TOT","PC_CHGPP","Q","2020-Q1",-5.494567729,
"ITA","QGDP","TOT","PC_CHGPP","Q","2020-Q2",-12.993646373,
"ITA","QGDP","TOT","PC_CHGPP","Q","2020-Q3",15.893958978,
"AUT","QGDP","TOT","PC_CHGPP","Q","2018-Q1",1.161979387,
"AUT","QGDP","TOT","PC_CHGPP","Q","2018-Q2",0.437671214,
"AUT","QGDP","TOT","PC_CHGPP","Q","2018-Q3",0.226776162,
"AUT","QGDP","TOT","PC_CHGPP","Q","2018-Q4",0.850672169,
"AUT","QGDP","TOT","PC_CHGPP","Q","2019-Q1",0.80027473,
"AUT","QGDP","TOT","PC_CHGPP","Q","2019-Q2",-0.317891543,
"AUT","QGDP","TOT","PC_CHGPP","Q","2019-Q3",0.30910888,
"AUT","QGDP","TOT","PC_CHGPP","Q","2019-Q4",-0.53619398,
"AUT","QGDP","TOT","PC_CHGPP","Q","2020-Q1",-2.766996016,
"AUT","QGDP","TOT","PC_CHGPP","Q","2020-Q2",-11.567637769,
"AUT","QGDP","TOT","PC_CHGPP","Q","2020-Q3",11.964897099,
"IRL","QGDP","TOT","PC_CHGPP","Q","2018-Q1",1.167629302,
"IRL","QGDP","TOT","PC_CHGPP","Q","2018-Q2",2.247457291,
"IRL","QGDP","TOT","PC_CHGPP","Q","2018-Q3",-0.906033221,
"IRL","QGDP","TOT","PC_CHGPP","Q","2018-Q4",2.564214262,
"IRL","QGDP","TOT","PC_CHGPP","Q","2019-Q1",-0.484611871,
"IRL","QGDP","TOT","PC_CHGPP","Q","2019-Q2",4.94494433,
"IRL","QGDP","TOT","PC_CHGPP","Q","2019-Q3",-0.884237889,
"IRL","QGDP","TOT","PC_CHGPP","Q","2019-Q4",4.265485715,
"IRL","QGDP","TOT","PC_CHGPP","Q","2020-Q1",-3.527067979,
"IRL","QGDP","TOT","PC_CHGPP","Q","2020-Q2",-3.200561874,
"IRL","QGDP","TOT","PC_CHGPP","Q","2020-Q3",11.053229439,
"CHE","QGDP","TOT","PC_CHGPP","Q","2018-Q1",1.116710493,
"CHE","QGDP","TOT","PC_CHGPP","Q","2018-Q2",0.978363331,
"CHE","QGDP","TOT","PC_CHGPP","Q","2018-Q3",-0.161779541,
"CHE","QGDP","TOT","PC_CHGPP","Q","2018-Q4",0.174014277,
"CHE","QGDP","TOT","PC_CHGPP","Q","2019-Q1",0.169915172,
"CHE","QGDP","TOT","PC_CHGPP","Q","2019-Q2",0.370392471,
"CHE","QGDP","TOT","PC_CHGPP","Q","2019-Q3",0.541743876,
"CHE","QGDP","TOT","PC_CHGPP","Q","2019-Q4",0.389792285,
"CHE","QGDP","TOT","PC_CHGPP","Q","2020-Q1",-1.731200029,
"CHE","QGDP","TOT","PC_CHGPP","Q","2020-Q2",-7.028700796,
"CHE","QGDP","TOT","PC_CHGPP","Q","2020-Q3",7.166023226,
"NZL","QGDP","TOT","PC_CHGPP","Q","2018-Q1",0.712631535,
"NZL","QGDP","TOT","PC_CHGPP","Q","2018-Q2",1.048898574,
"NZL","QGDP","TOT","PC_CHGPP","Q","2018-Q3",0.495503655,
"NZL","QGDP","TOT","PC_CHGPP","Q","2018-Q4",0.988612693,
"NZL","QGDP","TOT","PC_CHGPP","Q","2019-Q1",0.447294621,
"NZL","QGDP","TOT","PC_CHGPP","Q","2019-Q2",0.145090972,
"NZL","QGDP","TOT","PC_CHGPP","Q","2019-Q3",0.720095198,
"NZL","QGDP","TOT","PC_CHGPP","Q","2019-Q4",0.463651969,
"NZL","QGDP","TOT","PC_CHGPP","Q","2020-Q1",-1.437603976,
"NZL","QGDP","TOT","PC_CHGPP","Q","2020-Q2",-12.164277498,
"CHN","QGDP","TOT","PC_CHGPP","Q","2018-Q1",1.9,
"CHN","QGDP","TOT","PC_CHGPP","Q","2018-Q2",1.7,
"CHN","QGDP","TOT","PC_CHGPP","Q","2018-Q3",1.3,
"CHN","QGDP","TOT","PC_CHGPP","Q","2018-Q4",1.5,
"CHN","QGDP","TOT","PC_CHGPP","Q","2019-Q1",1.9,
"CHN","QGDP","TOT","PC_CHGPP","Q","2019-Q2",1.3,
"CHN","QGDP","TOT","PC_CHGPP","Q","2019-Q3",1,
"CHN","QGDP","TOT","PC_CHGPP","Q","2019-Q4",1.6,
"CHN","QGDP","TOT","PC_CHGPP","Q","2020-Q1",-10,
"CHN","QGDP","TOT","PC_CHGPP","Q","2020-Q2",11.7,
"CHN","QGDP","TOT","PC_CHGPP","Q","2020-Q3",2.7,
"CHL","QGDP","TOT","PC_CHGPP","Q","2018-Q1",1.201077611,
"CHL","QGDP","TOT","PC_CHGPP","Q","2018-Q2",1.090614297,
"CHL","QGDP","TOT","PC_CHGPP","Q","2018-Q3",-0.125778295,
"CHL","QGDP","TOT","PC_CHGPP","Q","2018-Q4",0.822710089,
"CHL","QGDP","TOT","PC_CHGPP","Q","2019-Q1",0.071490463,
"CHL","QGDP","TOT","PC_CHGPP","Q","2019-Q2",1.072555088,
"CHL","QGDP","TOT","PC_CHGPP","Q","2019-Q3",0.808769274,
"CHL","QGDP","TOT","PC_CHGPP","Q","2019-Q4",-4.275588305,
"CHL","QGDP","TOT","PC_CHGPP","Q","2020-Q1",2.968463318,
"CHL","QGDP","TOT","PC_CHGPP","Q","2020-Q2",-13.468095999,
"CHL","QGDP","TOT","PC_CHGPP","Q","2020-Q3",5.222944289,
"SWE","QGDP","TOT","PC_CHGPP","Q","2018-Q1",0.441330639,
"SWE","QGDP","TOT","PC_CHGPP","Q","2018-Q2",0.893542859,
"SWE","QGDP","TOT","PC_CHGPP","Q","2018-Q3",-0.856692498,
"SWE","QGDP","TOT","PC_CHGPP","Q","2018-Q4",1.428456766,
"SWE","QGDP","TOT","PC_CHGPP","Q","2019-Q1",0.405899694,
"SWE","QGDP","TOT","PC_CHGPP","Q","2019-Q2",0.073877939,
"SWE","QGDP","TOT","PC_CHGPP","Q","2019-Q3",-0.145021614,
"SWE","QGDP","TOT","PC_CHGPP","Q","2019-Q4",0.445973689,
"SWE","QGDP","TOT","PC_CHGPP","Q","2020-Q1",0.332241724,
"SWE","QGDP","TOT","PC_CHGPP","Q","2020-Q2",-7.950005454,
"SWE","QGDP","TOT","PC_CHGPP","Q","2020-Q3",4.930314681,
"FRA","QGDP","TOT","PC_CHGPP","Q","2018-Q1",0.127819232,
"FRA","QGDP","TOT","PC_CHGPP","Q","2018-Q2",0.235118938,
"FRA","QGDP","TOT","PC_CHGPP","Q","2018-Q3",0.367880204,
"FRA","QGDP","TOT","PC_CHGPP","Q","2018-Q4",0.622929532,
"FRA","QGDP","TOT","PC_CHGPP","Q","2019-Q1",0.524885214,
"FRA","QGDP","TOT","PC_CHGPP","Q","2019-Q2",0.29541027,
"FRA","QGDP","TOT","PC_CHGPP","Q","2019-Q3",0.138151726,
"FRA","QGDP","TOT","PC_CHGPP","Q","2019-Q4",-0.178164,
"FRA","QGDP","TOT","PC_CHGPP","Q","2020-Q1",-5.894380657,
"FRA","QGDP","TOT","PC_CHGPP","Q","2020-Q2",-13.789130228,
"FRA","QGDP","TOT","PC_CHGPP","Q","2020-Q3",18.667076819,
"GRC","QGDP","TOT","PC_CHGPP","Q","2018-Q1",0.648740412,"P"
"GRC","QGDP","TOT","PC_CHGPP","Q","2018-Q2",0.242496537,"P"
"GRC","QGDP","TOT","PC_CHGPP","Q","2018-Q3",0.232783031,"P"
"GRC","QGDP","TOT","PC_CHGPP","Q","2018-Q4",0.491419777,"P"
"GRC","QGDP","TOT","PC_CHGPP","Q","2019-Q1",0.918650638,"P"
"GRC","QGDP","TOT","PC_CHGPP","Q","2019-Q2",0.512949379,"P"
"GRC","QGDP","TOT","PC_CHGPP","Q","2019-Q3",-0.682023896,"P"
"GRC","QGDP","TOT","PC_CHGPP","Q","2019-Q4",0.473879523,"P"
"GRC","QGDP","TOT","PC_CHGPP","Q","2020-Q1",0.129790373,"P"
"GRC","QGDP","TOT","PC_CHGPP","Q","2020-Q2",-14.14776204,"P"
"GRC","QGDP","TOT","PC_CHGPP","Q","2020-Q3",2.290037872,"E"
"OECDE","QGDP","TOT","PC_CHGPP","Q","2018-Q1",0.417554,
"OECDE","QGDP","TOT","PC_CHGPP","Q","2018-Q2",0.510889,
"OECDE","QGDP","TOT","PC_CHGPP","Q","2018-Q3",0.074002,
"OECDE","QGDP","TOT","PC_CHGPP","Q","2018-Q4",0.164401,
"OECDE","QGDP","TOT","PC_CHGPP","Q","2019-Q1",0.659603,
"OECDE","QGDP","TOT","PC_CHGPP","Q","2019-Q2",0.393202,
"OECDE","QGDP","TOT","PC_CHGPP","Q","2019-Q3",0.291406,
"OECDE","QGDP","TOT","PC_CHGPP","Q","2019-Q4",0.364196,
"OECDE","QGDP","TOT","PC_CHGPP","Q","2020-Q1",-2.857181,
"OECDE","QGDP","TOT","PC_CHGPP","Q","2020-Q2",-12.195644,
"OECDE","QGDP","TOT","PC_CHGPP","Q","2020-Q3",12.265111,
"G-7","QGDP","TOT","PC_CHGPP","Q","2018-Q1",0.479296,
"G-7","QGDP","TOT","PC_CHGPP","Q","2018-Q2",0.475247,
"G-7","QGDP","TOT","PC_CHGPP","Q","2018-Q3",0.239432,
"G-7","QGDP","TOT","PC_CHGPP","Q","2018-Q4",0.339806,
"G-7","QGDP","TOT","PC_CHGPP","Q","2019-Q1",0.602966,
"G-7","QGDP","TOT","PC_CHGPP","Q","2019-Q2",0.22226,
"G-7","QGDP","TOT","PC_CHGPP","Q","2019-Q3",0.435392,
"G-7","QGDP","TOT","PC_CHGPP","Q","2019-Q4",0.037017,
"G-7","QGDP","TOT","PC_CHGPP","Q","2020-Q1",-1.987959,
"G-7","QGDP","TOT","PC_CHGPP","Q","2020-Q2",-10.500079,
"G-7","QGDP","TOT","PC_CHGPP","Q","2020-Q3",9.155883,
"G-20","QGDP","TOT","PC_CHGPP","Q","2018-Q1",0.96012,
"G-20","QGDP","TOT","PC_CHGPP","Q","2018-Q2",0.7553,
"G-20","QGDP","TOT","PC_CHGPP","Q","2018-Q3",0.64964,
"G-20","QGDP","TOT","PC_CHGPP","Q","2018-Q4",0.60773,
"G-20","QGDP","TOT","PC_CHGPP","Q","2019-Q1",0.8862,
"G-20","QGDP","TOT","PC_CHGPP","Q","2019-Q2",0.78059,
"G-20","QGDP","TOT","PC_CHGPP","Q","2019-Q3",0.46178,
"G-20","QGDP","TOT","PC_CHGPP","Q","2019-Q4",0.47668,
"G-20","QGDP","TOT","PC_CHGPP","Q","2020-Q1",-3.36543,
"G-20","QGDP","TOT","PC_CHGPP","Q","2020-Q2",-6.6407,
"G-20","QGDP","TOT","PC_CHGPP","Q","2020-Q3",8.1,
"COL","QGDP","TOT","PC_CHGPP","Q","2018-Q1",0.695815613,
"COL","QGDP","TOT","PC_CHGPP","Q","2018-Q2",0.824281556,
"COL","QGDP","TOT","PC_CHGPP","Q","2018-Q3",0.560912377,
"COL","QGDP","TOT","PC_CHGPP","Q","2018-Q4",0.73877997,
"COL","QGDP","TOT","PC_CHGPP","Q","2019-Q1",0.897739933,
"COL","QGDP","TOT","PC_CHGPP","Q","2019-Q2",0.930258372,
"COL","QGDP","TOT","PC_CHGPP","Q","2019-Q3",0.839128248,
"COL","QGDP","TOT","PC_CHGPP","Q","2019-Q4",0.658645277,
"COL","QGDP","TOT","PC_CHGPP","Q","2020-Q1",-1.380323028,
"COL","QGDP","TOT","PC_CHGPP","Q","2020-Q2",-16.104953772,
"COL","QGDP","TOT","PC_CHGPP","Q","2020-Q3",8.707209073,
"EA19","QGDP","TOT","PC_CHGPP","Q","2018-Q1",0.196643,
"EA19","QGDP","TOT","PC_CHGPP","Q","2018-Q2",0.435599,
"EA19","QGDP","TOT","PC_CHGPP","Q","2018-Q3",0.092984,
"EA19","QGDP","TOT","PC_CHGPP","Q","2018-Q4",0.505564,
"EA19","QGDP","TOT","PC_CHGPP","Q","2019-Q1",0.474896,
"EA19","QGDP","TOT","PC_CHGPP","Q","2019-Q2",0.206398,
"EA19","QGDP","TOT","PC_CHGPP","Q","2019-Q3",0.200874,
"EA19","QGDP","TOT","PC_CHGPP","Q","2019-Q4",0.137132,
"EA19","QGDP","TOT","PC_CHGPP","Q","2020-Q1",-3.728348,
"EA19","QGDP","TOT","PC_CHGPP","Q","2020-Q2",-11.700615,
"EA19","QGDP","TOT","PC_CHGPP","Q","2020-Q3",12.470677,
"LTU","QGDP","TOT","PC_CHGPP","Q","2018-Q1",0.793621355,
"LTU","QGDP","TOT","PC_CHGPP","Q","2018-Q2",1.187943569,
"LTU","QGDP","TOT","PC_CHGPP","Q","2018-Q3",0.9371041,
"LTU","QGDP","TOT","PC_CHGPP","Q","2018-Q4",1.061503368,
"LTU","QGDP","TOT","PC_CHGPP","Q","2019-Q1",1.611793989,
"LTU","QGDP","TOT","PC_CHGPP","Q","2019-Q2",0.750013608,
"LTU","QGDP","TOT","PC_CHGPP","Q","2019-Q3",0.658747853,
"LTU","QGDP","TOT","PC_CHGPP","Q","2019-Q4",0.780901519,
"LTU","QGDP","TOT","PC_CHGPP","Q","2020-Q1",-0.026924279,
"LTU","QGDP","TOT","PC_CHGPP","Q","2020-Q2",-5.91185151,
"LTU","QGDP","TOT","PC_CHGPP","Q","2020-Q3",3.799421107,
"SAU","QGDP","TOT","PC_CHGPP","Q","2018-Q1",1.5,
"SAU","QGDP","TOT","PC_CHGPP","Q","2018-Q2",1.164743906,
"SAU","QGDP","TOT","PC_CHGPP","Q","2018-Q3",0.873780123,
"SAU","QGDP","TOT","PC_CHGPP","Q","2018-Q4",0.617773716,
"SAU","QGDP","TOT","PC_CHGPP","Q","2019-Q1",-0.766428183,
"SAU","QGDP","TOT","PC_CHGPP","Q","2019-Q2",0.216188905,
"SAU","QGDP","TOT","PC_CHGPP","Q","2019-Q3",-0.618688239,
"SAU","QGDP","TOT","PC_CHGPP","Q","2019-Q4",0.26783148,
"SAU","QGDP","TOT","PC_CHGPP","Q","2020-Q1",-0.90199214,
"SAU","QGDP","TOT","PC_CHGPP","Q","2020-Q2",-4.906523369,
"SAU","QGDP","TOT","PC_CHGPP","Q","2020-Q3",1.199999992,
"BGR","QGDP","TOT","PC_CHGPP","Q","2018-Q1",0.583063232,
"BGR","QGDP","TOT","PC_CHGPP","Q","2018-Q2",0.934428445,
"BGR","QGDP","TOT","PC_CHGPP","Q","2018-Q3",1.048671131,
"BGR","QGDP","TOT","PC_CHGPP","Q","2018-Q4",0.866075138,
"BGR","QGDP","TOT","PC_CHGPP","Q","2019-Q1",1.253743415,
"BGR","QGDP","TOT","PC_CHGPP","Q","2019-Q2",0.591437158,
"BGR","QGDP","TOT","PC_CHGPP","Q","2019-Q3",0.567909373,
"BGR","QGDP","TOT","PC_CHGPP","Q","2019-Q4",0.640259306,
"BGR","QGDP","TOT","PC_CHGPP","Q","2020-Q1",0.445050608,"P"
"BGR","QGDP","TOT","PC_CHGPP","Q","2020-Q2",-10.069032243,"P"
"BGR","QGDP","TOT","PC_CHGPP","Q","2020-Q3",4.281045762,"P"
"ROU","QGDP","TOT","PC_CHGPP","Q","2018-Q1",0.44336438,
"ROU","QGDP","TOT","PC_CHGPP","Q","2018-Q2",2.098237351,
"ROU","QGDP","TOT","PC_CHGPP","Q","2018-Q3",0.954204509,
"ROU","QGDP","TOT","PC_CHGPP","Q","2018-Q4",0.43210546,
"ROU","QGDP","TOT","PC_CHGPP","Q","2019-Q1",1.775456042,"P"
"ROU","QGDP","TOT","PC_CHGPP","Q","2019-Q2",0.37558619,"P"
"ROU","QGDP","TOT","PC_CHGPP","Q","2019-Q3",0.777018298,"P"
"ROU","QGDP","TOT","PC_CHGPP","Q","2019-Q4",1.418056209,"P"
"ROU","QGDP","TOT","PC_CHGPP","Q","2020-Q1",0.000919282,"P"
"ROU","QGDP","TOT","PC_CHGPP","Q","2020-Q2",-12.191641042,"P"
"ROU","QGDP","TOT","PC_CHGPP","Q","2020-Q3",5.555162965,"P"
"EU27_2020","QGDP","TOT","PC_CHGPP","Q","2018-Q1",0.282061,
"EU27_2020","QGDP","TOT","PC_CHGPP","Q","2018-Q2",0.526933,
"EU27_2020","QGDP","TOT","PC_CHGPP","Q","2018-Q3",0.157094,
"EU27_2020","QGDP","TOT","PC_CHGPP","Q","2018-Q4",0.561289,
"EU27_2020","QGDP","TOT","PC_CHGPP","Q","2019-Q1",0.56152,
"EU27_2020","QGDP","TOT","PC_CHGPP","Q","2019-Q2",0.259161,
"EU27_2020","QGDP","TOT","PC_CHGPP","Q","2019-Q3",0.254837,
"EU27_2020","QGDP","TOT","PC_CHGPP","Q","2019-Q4",0.181867,
"EU27_2020","QGDP","TOT","PC_CHGPP","Q","2020-Q1",-3.279383,
"EU27_2020","QGDP","TOT","PC_CHGPP","Q","2020-Q2",-11.346776,
"EU27_2020","QGDP","TOT","PC_CHGPP","Q","2020-Q3",11.54845,
