﻿"LOCATION","INDICATOR","SUBJECT","MEASURE","FREQUENCY","TIME","Value","Flag Codes"
"ZAF","BCI","AMPLITUD","LTRENDIDX","M","2018-12",98.90263,
"ZAF","BCI","AMPLITUD","LTRENDIDX","M","2019-01",98.81673,
"ZAF","BCI","AMPLITUD","LTRENDIDX","M","2019-02",98.73988,
"ZAF","BCI","AMPLITUD","LTRENDIDX","M","2019-03",98.68465,
"ZAF","BCI","AMPLITUD","LTRENDIDX","M","2019-04",98.65871,
"ZAF","BCI","AMPLITUD","LTRENDIDX","M","2019-05",98.63126,
"ZAF","BCI","AMPLITUD","LTRENDIDX","M","2019-06",98.55904,
"ZAF","BCI","AMPLITUD","LTRENDIDX","M","2019-07",98.4137,
"ZAF","BCI","AMPLITUD","LTRENDIDX","M","2019-08",98.2541,
"ZAF","BCI","AMPLITUD","LTRENDIDX","M","2019-09",98.16441,
"ZAF","BCI","AMPLITUD","LTRENDIDX","M","2019-10",98.20662,
"ZAF","BCI","AMPLITUD","LTRENDIDX","M","2019-11",98.30303,
"ZAF","BCI","AMPLITUD","LTRENDIDX","M","2019-12",98.34206,
"ZAF","BCI","AMPLITUD","LTRENDIDX","M","2020-01",98.22974,
"ZAF","BCI","AMPLITUD","LTRENDIDX","M","2020-02",97.99873,
"ZAF","BCI","AMPLITUD","LTRENDIDX","M","2020-03",97.68379,
"ZAF","BCI","AMPLITUD","LTRENDIDX","M","2020-04",97.31614,
"ZAF","BCI","AMPLITUD","LTRENDIDX","M","2020-05",97.00161,
"ZAF","BCI","AMPLITUD","LTRENDIDX","M","2020-06",96.90356,
"ZAF","BCI","AMPLITUD","LTRENDIDX","M","2020-07",97.1727,
"ZAF","BCI","AMPLITUD","LTRENDIDX","M","2020-08",97.66046,
"ZAF","BCI","AMPLITUD","LTRENDIDX","M","2020-09",98.21207,
"ZAF","BCI","AMPLITUD","LTRENDIDX","M","2020-10",98.74113,
"ZAF","BCI","AMPLITUD","LTRENDIDX","M","2020-11",99.24025,
"ZAF","BCI","AMPLITUD","LTRENDIDX","M","2020-12",99.72547,
"RUS","BCI","AMPLITUD","LTRENDIDX","M","2018-12",101.5216,
"RUS","BCI","AMPLITUD","LTRENDIDX","M","2019-01",101.6135,
"RUS","BCI","AMPLITUD","LTRENDIDX","M","2019-02",101.4804,
"RUS","BCI","AMPLITUD","LTRENDIDX","M","2019-03",101.3754,
"RUS","BCI","AMPLITUD","LTRENDIDX","M","2019-04",101.436,
"RUS","BCI","AMPLITUD","LTRENDIDX","M","2019-05",101.2772,
"RUS","BCI","AMPLITUD","LTRENDIDX","M","2019-06",101.1211,
"RUS","BCI","AMPLITUD","LTRENDIDX","M","2019-07",101.1,
"RUS","BCI","AMPLITUD","LTRENDIDX","M","2019-08",101.1094,
"RUS","BCI","AMPLITUD","LTRENDIDX","M","2019-09",101.1209,
"RUS","BCI","AMPLITUD","LTRENDIDX","M","2019-10",101.0082,
"RUS","BCI","AMPLITUD","LTRENDIDX","M","2019-11",100.8421,
"RUS","BCI","AMPLITUD","LTRENDIDX","M","2019-12",100.5581,
"RUS","BCI","AMPLITUD","LTRENDIDX","M","2020-01",100.1742,
"RUS","BCI","AMPLITUD","LTRENDIDX","M","2020-02",99.53387,
"RUS","BCI","AMPLITUD","LTRENDIDX","M","2020-03",98.62994,
"RUS","BCI","AMPLITUD","LTRENDIDX","M","2020-04",98.02205,
"RUS","BCI","AMPLITUD","LTRENDIDX","M","2020-05",98.72379,
"RUS","BCI","AMPLITUD","LTRENDIDX","M","2020-06",99.91322,
"RUS","BCI","AMPLITUD","LTRENDIDX","M","2020-07",100.8694,
"RUS","BCI","AMPLITUD","LTRENDIDX","M","2020-08",101.3974,
"RUS","BCI","AMPLITUD","LTRENDIDX","M","2020-09",101.609,
"RUS","BCI","AMPLITUD","LTRENDIDX","M","2020-10",102.0459,
"RUS","BCI","AMPLITUD","LTRENDIDX","M","2020-11",102.8121,
"ITA","BCI","AMPLITUD","LTRENDIDX","M","2018-12",100.7601,
"ITA","BCI","AMPLITUD","LTRENDIDX","M","2019-01",100.6098,
"ITA","BCI","AMPLITUD","LTRENDIDX","M","2019-02",100.4817,
"ITA","BCI","AMPLITUD","LTRENDIDX","M","2019-03",100.3891,
"ITA","BCI","AMPLITUD","LTRENDIDX","M","2019-04",100.3597,
"ITA","BCI","AMPLITUD","LTRENDIDX","M","2019-05",100.3691,
"ITA","BCI","AMPLITUD","LTRENDIDX","M","2019-06",100.3277,
"ITA","BCI","AMPLITUD","LTRENDIDX","M","2019-07",100.2724,
"ITA","BCI","AMPLITUD","LTRENDIDX","M","2019-08",100.2211,
"ITA","BCI","AMPLITUD","LTRENDIDX","M","2019-09",100.1699,
"ITA","BCI","AMPLITUD","LTRENDIDX","M","2019-10",100.1739,
"ITA","BCI","AMPLITUD","LTRENDIDX","M","2019-11",100.2102,
"ITA","BCI","AMPLITUD","LTRENDIDX","M","2019-12",100.247,
"ITA","BCI","AMPLITUD","LTRENDIDX","M","2020-01",100.1632,
"ITA","BCI","AMPLITUD","LTRENDIDX","M","2020-02",99.72627,
"ITA","BCI","AMPLITUD","LTRENDIDX","M","2020-03",98.80582,
"ITA","BCI","AMPLITUD","LTRENDIDX","M","2020-04",97.86812,
"ITA","BCI","AMPLITUD","LTRENDIDX","M","2020-05",97.32597,
"ITA","BCI","AMPLITUD","LTRENDIDX","M","2020-06",97.42442,
"ITA","BCI","AMPLITUD","LTRENDIDX","M","2020-07",97.86078,
"ITA","BCI","AMPLITUD","LTRENDIDX","M","2020-08",98.34898,
"ITA","BCI","AMPLITUD","LTRENDIDX","M","2020-09",98.80284,
"ITA","BCI","AMPLITUD","LTRENDIDX","M","2020-10",99.03513,
"ITA","BCI","AMPLITUD","LTRENDIDX","M","2020-11",98.98105,
"FIN","BCI","AMPLITUD","LTRENDIDX","M","2018-12",100.5465,
"FIN","BCI","AMPLITUD","LTRENDIDX","M","2019-01",100.2402,
"FIN","BCI","AMPLITUD","LTRENDIDX","M","2019-02",99.89017,
"FIN","BCI","AMPLITUD","LTRENDIDX","M","2019-03",99.70329,
"FIN","BCI","AMPLITUD","LTRENDIDX","M","2019-04",99.60213,
"FIN","BCI","AMPLITUD","LTRENDIDX","M","2019-05",99.54892,
"FIN","BCI","AMPLITUD","LTRENDIDX","M","2019-06",99.38792,
"FIN","BCI","AMPLITUD","LTRENDIDX","M","2019-07",99.35526,
"FIN","BCI","AMPLITUD","LTRENDIDX","M","2019-08",99.28105,
"FIN","BCI","AMPLITUD","LTRENDIDX","M","2019-09",99.00266,
"FIN","BCI","AMPLITUD","LTRENDIDX","M","2019-10",98.77358,
"FIN","BCI","AMPLITUD","LTRENDIDX","M","2019-11",98.73536,
"FIN","BCI","AMPLITUD","LTRENDIDX","M","2019-12",98.72043,
"FIN","BCI","AMPLITUD","LTRENDIDX","M","2020-01",98.67087,
"FIN","BCI","AMPLITUD","LTRENDIDX","M","2020-02",98.53156,
"FIN","BCI","AMPLITUD","LTRENDIDX","M","2020-03",97.96493,
"FIN","BCI","AMPLITUD","LTRENDIDX","M","2020-04",97.05338,
"FIN","BCI","AMPLITUD","LTRENDIDX","M","2020-05",96.53111,
"FIN","BCI","AMPLITUD","LTRENDIDX","M","2020-06",96.48884,
"FIN","BCI","AMPLITUD","LTRENDIDX","M","2020-07",96.72874,
"FIN","BCI","AMPLITUD","LTRENDIDX","M","2020-08",96.80669,
"FIN","BCI","AMPLITUD","LTRENDIDX","M","2020-09",96.91853,
"FIN","BCI","AMPLITUD","LTRENDIDX","M","2020-10",97.22868,
"FIN","BCI","AMPLITUD","LTRENDIDX","M","2020-11",97.57553,
"G-7","BCI","AMPLITUD","LTRENDIDX","M","2018-12",101.0075,
"G-7","BCI","AMPLITUD","LTRENDIDX","M","2019-01",100.8073,
"G-7","BCI","AMPLITUD","LTRENDIDX","M","2019-02",100.604,
"G-7","BCI","AMPLITUD","LTRENDIDX","M","2019-03",100.431,
"G-7","BCI","AMPLITUD","LTRENDIDX","M","2019-04",100.2157,
"G-7","BCI","AMPLITUD","LTRENDIDX","M","2019-05",100.0269,
"G-7","BCI","AMPLITUD","LTRENDIDX","M","2019-06",99.84023,
"G-7","BCI","AMPLITUD","LTRENDIDX","M","2019-07",99.63953,
"G-7","BCI","AMPLITUD","LTRENDIDX","M","2019-08",99.43918,
"G-7","BCI","AMPLITUD","LTRENDIDX","M","2019-09",99.26395,
"G-7","BCI","AMPLITUD","LTRENDIDX","M","2019-10",99.20927,
"G-7","BCI","AMPLITUD","LTRENDIDX","M","2019-11",99.2115,
"G-7","BCI","AMPLITUD","LTRENDIDX","M","2019-12",99.25323,
"G-7","BCI","AMPLITUD","LTRENDIDX","M","2020-01",99.30804,
"G-7","BCI","AMPLITUD","LTRENDIDX","M","2020-02",99.07806,
"G-7","BCI","AMPLITUD","LTRENDIDX","M","2020-03",98.47056,
"G-7","BCI","AMPLITUD","LTRENDIDX","M","2020-04",97.76679,
"G-7","BCI","AMPLITUD","LTRENDIDX","M","2020-05",97.71829,
"G-7","BCI","AMPLITUD","LTRENDIDX","M","2020-06",98.26522,
"G-7","BCI","AMPLITUD","LTRENDIDX","M","2020-07",98.8789,
"G-7","BCI","AMPLITUD","LTRENDIDX","M","2020-08",99.35349,
"G-7","BCI","AMPLITUD","LTRENDIDX","M","2020-09",99.67488,
"G-7","BCI","AMPLITUD","LTRENDIDX","M","2020-10",99.92966,
"G-7","BCI","AMPLITUD","LTRENDIDX","M","2020-11",99.93903,
"KOR","BCI","AMPLITUD","LTRENDIDX","M","2018-12",98.56844,
"KOR","BCI","AMPLITUD","LTRENDIDX","M","2019-01",98.58735,
"KOR","BCI","AMPLITUD","LTRENDIDX","M","2019-02",98.64957,
"KOR","BCI","AMPLITUD","LTRENDIDX","M","2019-03",98.7315,
"KOR","BCI","AMPLITUD","LTRENDIDX","M","2019-04",98.78407,
"KOR","BCI","AMPLITUD","LTRENDIDX","M","2019-05",98.76273,
"KOR","BCI","AMPLITUD","LTRENDIDX","M","2019-06",98.61217,
"KOR","BCI","AMPLITUD","LTRENDIDX","M","2019-07",98.43678,
"KOR","BCI","AMPLITUD","LTRENDIDX","M","2019-08",98.3529,
"KOR","BCI","AMPLITUD","LTRENDIDX","M","2019-09",98.36598,
"KOR","BCI","AMPLITUD","LTRENDIDX","M","2019-10",98.41718,
"KOR","BCI","AMPLITUD","LTRENDIDX","M","2019-11",98.51938,
"KOR","BCI","AMPLITUD","LTRENDIDX","M","2019-12",98.55686,
"KOR","BCI","AMPLITUD","LTRENDIDX","M","2020-01",98.44412,
"KOR","BCI","AMPLITUD","LTRENDIDX","M","2020-02",98.05109,
"KOR","BCI","AMPLITUD","LTRENDIDX","M","2020-03",97.39043,
"KOR","BCI","AMPLITUD","LTRENDIDX","M","2020-04",96.78689,
"KOR","BCI","AMPLITUD","LTRENDIDX","M","2020-05",96.49394,
"KOR","BCI","AMPLITUD","LTRENDIDX","M","2020-06",96.62623,
"KOR","BCI","AMPLITUD","LTRENDIDX","M","2020-07",97.00504,
"KOR","BCI","AMPLITUD","LTRENDIDX","M","2020-08",97.47349,
"KOR","BCI","AMPLITUD","LTRENDIDX","M","2020-09",97.9651,
"KOR","BCI","AMPLITUD","LTRENDIDX","M","2020-10",98.48277,
"KOR","BCI","AMPLITUD","LTRENDIDX","M","2020-11",98.9428,
"SWE","BCI","AMPLITUD","LTRENDIDX","M","2018-12",102.7585,
"SWE","BCI","AMPLITUD","LTRENDIDX","M","2019-01",102.4324,
"SWE","BCI","AMPLITUD","LTRENDIDX","M","2019-02",102.1697,
"SWE","BCI","AMPLITUD","LTRENDIDX","M","2019-03",101.7868,
"SWE","BCI","AMPLITUD","LTRENDIDX","M","2019-04",101.4123,
"SWE","BCI","AMPLITUD","LTRENDIDX","M","2019-05",100.8677,
"SWE","BCI","AMPLITUD","LTRENDIDX","M","2019-06",100.3431,
"SWE","BCI","AMPLITUD","LTRENDIDX","M","2019-07",99.87645,
"SWE","BCI","AMPLITUD","LTRENDIDX","M","2019-08",99.4948,
"SWE","BCI","AMPLITUD","LTRENDIDX","M","2019-09",99.26781,
"SWE","BCI","AMPLITUD","LTRENDIDX","M","2019-10",99.19551,
"SWE","BCI","AMPLITUD","LTRENDIDX","M","2019-11",99.22835,
"SWE","BCI","AMPLITUD","LTRENDIDX","M","2019-12",99.41913,
"SWE","BCI","AMPLITUD","LTRENDIDX","M","2020-01",99.6991,
"SWE","BCI","AMPLITUD","LTRENDIDX","M","2020-02",99.52798,
"SWE","BCI","AMPLITUD","LTRENDIDX","M","2020-03",98.52148,
"SWE","BCI","AMPLITUD","LTRENDIDX","M","2020-04",97.00454,
"SWE","BCI","AMPLITUD","LTRENDIDX","M","2020-05",96.6039,
"SWE","BCI","AMPLITUD","LTRENDIDX","M","2020-06",97.30701,
"SWE","BCI","AMPLITUD","LTRENDIDX","M","2020-07",98.35619,
"SWE","BCI","AMPLITUD","LTRENDIDX","M","2020-08",99.26508,
"SWE","BCI","AMPLITUD","LTRENDIDX","M","2020-09",99.9795,
"SWE","BCI","AMPLITUD","LTRENDIDX","M","2020-10",100.478,
"SWE","BCI","AMPLITUD","LTRENDIDX","M","2020-11",100.9492,
"MEX","BCI","AMPLITUD","LTRENDIDX","M","2018-12",100.1115,
"MEX","BCI","AMPLITUD","LTRENDIDX","M","2019-01",100.3842,
"MEX","BCI","AMPLITUD","LTRENDIDX","M","2019-02",100.6767,
"MEX","BCI","AMPLITUD","LTRENDIDX","M","2019-03",100.8607,
"MEX","BCI","AMPLITUD","LTRENDIDX","M","2019-04",100.9099,
"MEX","BCI","AMPLITUD","LTRENDIDX","M","2019-05",100.7598,
"MEX","BCI","AMPLITUD","LTRENDIDX","M","2019-06",100.3532,
"MEX","BCI","AMPLITUD","LTRENDIDX","M","2019-07",99.9171,
"MEX","BCI","AMPLITUD","LTRENDIDX","M","2019-08",99.71197,
"MEX","BCI","AMPLITUD","LTRENDIDX","M","2019-09",99.59325,
"MEX","BCI","AMPLITUD","LTRENDIDX","M","2019-10",99.46365,
"MEX","BCI","AMPLITUD","LTRENDIDX","M","2019-11",99.30662,
"MEX","BCI","AMPLITUD","LTRENDIDX","M","2019-12",99.04012,
"MEX","BCI","AMPLITUD","LTRENDIDX","M","2020-01",98.5539,
"MEX","BCI","AMPLITUD","LTRENDIDX","M","2020-02",97.73691,
"MEX","BCI","AMPLITUD","LTRENDIDX","M","2020-03",96.39287,
"MEX","BCI","AMPLITUD","LTRENDIDX","M","2020-04",94.87176,
"MEX","BCI","AMPLITUD","LTRENDIDX","M","2020-05",94.08983,
"MEX","BCI","AMPLITUD","LTRENDIDX","M","2020-06",94.19191,
"MEX","BCI","AMPLITUD","LTRENDIDX","M","2020-07",94.56186,
"MEX","BCI","AMPLITUD","LTRENDIDX","M","2020-08",94.98243,
"MEX","BCI","AMPLITUD","LTRENDIDX","M","2020-09",95.45772,
"MEX","BCI","AMPLITUD","LTRENDIDX","M","2020-10",95.91856,
"CHN","BCI","AMPLITUD","LTRENDIDX","M","2018-12",98.06749,
"CHN","BCI","AMPLITUD","LTRENDIDX","M","2019-01",98.00945,
"CHN","BCI","AMPLITUD","LTRENDIDX","M","2019-02",98.10819,
"CHN","BCI","AMPLITUD","LTRENDIDX","M","2019-03",98.33242,
"CHN","BCI","AMPLITUD","LTRENDIDX","M","2019-04",98.31398,
"CHN","BCI","AMPLITUD","LTRENDIDX","M","2019-05",98.13648,
"CHN","BCI","AMPLITUD","LTRENDIDX","M","2019-06",98.04211,
"CHN","BCI","AMPLITUD","LTRENDIDX","M","2019-07",98.06373,
"CHN","BCI","AMPLITUD","LTRENDIDX","M","2019-08",98.11931,
"CHN","BCI","AMPLITUD","LTRENDIDX","M","2019-09",98.22401,
"CHN","BCI","AMPLITUD","LTRENDIDX","M","2019-10",98.27876,
"CHN","BCI","AMPLITUD","LTRENDIDX","M","2019-11",98.19929,
"CHN","BCI","AMPLITUD","LTRENDIDX","M","2019-12",97.47188,
"CHN","BCI","AMPLITUD","LTRENDIDX","M","2020-01",95.93395,
"CHN","BCI","AMPLITUD","LTRENDIDX","M","2020-02",94.50153,
"CHN","BCI","AMPLITUD","LTRENDIDX","M","2020-03",96.55129,
"CHN","BCI","AMPLITUD","LTRENDIDX","M","2020-04",98.21212,
"CHN","BCI","AMPLITUD","LTRENDIDX","M","2020-05",99.01438,
"CHN","BCI","AMPLITUD","LTRENDIDX","M","2020-06",99.29423,
"CHN","BCI","AMPLITUD","LTRENDIDX","M","2020-07",99.23554,
"CHN","BCI","AMPLITUD","LTRENDIDX","M","2020-08",98.82379,
"CHN","BCI","AMPLITUD","LTRENDIDX","M","2020-09",98.06054,
"POL","BCI","AMPLITUD","LTRENDIDX","M","2018-12",101.8738,
"POL","BCI","AMPLITUD","LTRENDIDX","M","2019-01",101.6215,
"POL","BCI","AMPLITUD","LTRENDIDX","M","2019-02",101.4288,
"POL","BCI","AMPLITUD","LTRENDIDX","M","2019-03",101.2915,
"POL","BCI","AMPLITUD","LTRENDIDX","M","2019-04",101.1696,
"POL","BCI","AMPLITUD","LTRENDIDX","M","2019-05",101.0788,
"POL","BCI","AMPLITUD","LTRENDIDX","M","2019-06",100.9548,
"POL","BCI","AMPLITUD","LTRENDIDX","M","2019-07",100.8372,
"POL","BCI","AMPLITUD","LTRENDIDX","M","2019-08",100.7838,
"POL","BCI","AMPLITUD","LTRENDIDX","M","2019-09",100.8006,
"POL","BCI","AMPLITUD","LTRENDIDX","M","2019-10",100.8486,
"POL","BCI","AMPLITUD","LTRENDIDX","M","2019-11",100.8503,
"POL","BCI","AMPLITUD","LTRENDIDX","M","2019-12",100.7586,
"POL","BCI","AMPLITUD","LTRENDIDX","M","2020-01",100.415,
"POL","BCI","AMPLITUD","LTRENDIDX","M","2020-02",99.59393,
"POL","BCI","AMPLITUD","LTRENDIDX","M","2020-03",97.99641,
"POL","BCI","AMPLITUD","LTRENDIDX","M","2020-04",96.02374,
"POL","BCI","AMPLITUD","LTRENDIDX","M","2020-05",95.48647,
"POL","BCI","AMPLITUD","LTRENDIDX","M","2020-06",96.15129,
"POL","BCI","AMPLITUD","LTRENDIDX","M","2020-07",97.16695,
"POL","BCI","AMPLITUD","LTRENDIDX","M","2020-08",97.943,
"POL","BCI","AMPLITUD","LTRENDIDX","M","2020-09",98.30352,
"POL","BCI","AMPLITUD","LTRENDIDX","M","2020-10",98.29573,
"POL","BCI","AMPLITUD","LTRENDIDX","M","2020-11",97.96978,
"JPN","BCI","AMPLITUD","LTRENDIDX","M","2018-12",101.4931,
"JPN","BCI","AMPLITUD","LTRENDIDX","M","2019-01",101.3547,
"JPN","BCI","AMPLITUD","LTRENDIDX","M","2019-02",101.1791,
"JPN","BCI","AMPLITUD","LTRENDIDX","M","2019-03",101.0117,
"JPN","BCI","AMPLITUD","LTRENDIDX","M","2019-04",100.8843,
"JPN","BCI","AMPLITUD","LTRENDIDX","M","2019-05",100.7849,
"JPN","BCI","AMPLITUD","LTRENDIDX","M","2019-06",100.6971,
"JPN","BCI","AMPLITUD","LTRENDIDX","M","2019-07",100.6124,
"JPN","BCI","AMPLITUD","LTRENDIDX","M","2019-08",100.5301,
"JPN","BCI","AMPLITUD","LTRENDIDX","M","2019-09",100.454,
"JPN","BCI","AMPLITUD","LTRENDIDX","M","2019-10",100.3871,
"JPN","BCI","AMPLITUD","LTRENDIDX","M","2019-11",100.3203,
"JPN","BCI","AMPLITUD","LTRENDIDX","M","2019-12",100.2332,
"JPN","BCI","AMPLITUD","LTRENDIDX","M","2020-01",100.0954,
"JPN","BCI","AMPLITUD","LTRENDIDX","M","2020-02",99.88757,
"JPN","BCI","AMPLITUD","LTRENDIDX","M","2020-03",99.56387,
"JPN","BCI","AMPLITUD","LTRENDIDX","M","2020-04",99.08453,
"JPN","BCI","AMPLITUD","LTRENDIDX","M","2020-05",98.56413,
"JPN","BCI","AMPLITUD","LTRENDIDX","M","2020-06",98.15888,
"JPN","BCI","AMPLITUD","LTRENDIDX","M","2020-07",97.99512,
"JPN","BCI","AMPLITUD","LTRENDIDX","M","2020-08",97.98257,
"JPN","BCI","AMPLITUD","LTRENDIDX","M","2020-09",98.02191,
"OECDE","BCI","AMPLITUD","LTRENDIDX","M","2018-12",100.8725,
"OECDE","BCI","AMPLITUD","LTRENDIDX","M","2019-01",100.6885,
"OECDE","BCI","AMPLITUD","LTRENDIDX","M","2019-02",100.5099,
"OECDE","BCI","AMPLITUD","LTRENDIDX","M","2019-03",100.3679,
"OECDE","BCI","AMPLITUD","LTRENDIDX","M","2019-04",100.2256,
"OECDE","BCI","AMPLITUD","LTRENDIDX","M","2019-05",100.0877,
"OECDE","BCI","AMPLITUD","LTRENDIDX","M","2019-06",99.91651,
"OECDE","BCI","AMPLITUD","LTRENDIDX","M","2019-07",99.74882,
"OECDE","BCI","AMPLITUD","LTRENDIDX","M","2019-08",99.67729,
"OECDE","BCI","AMPLITUD","LTRENDIDX","M","2019-09",99.57441,
"OECDE","BCI","AMPLITUD","LTRENDIDX","M","2019-10",99.60686,
"OECDE","BCI","AMPLITUD","LTRENDIDX","M","2019-11",99.71701,
"OECDE","BCI","AMPLITUD","LTRENDIDX","M","2019-12",99.8075,
"OECDE","BCI","AMPLITUD","LTRENDIDX","M","2020-01",99.72189,
"OECDE","BCI","AMPLITUD","LTRENDIDX","M","2020-02",99.15099,
"OECDE","BCI","AMPLITUD","LTRENDIDX","M","2020-03",97.81904,
"OECDE","BCI","AMPLITUD","LTRENDIDX","M","2020-04",96.24888,
"OECDE","BCI","AMPLITUD","LTRENDIDX","M","2020-05",95.99664,
"OECDE","BCI","AMPLITUD","LTRENDIDX","M","2020-06",96.85281,
"OECDE","BCI","AMPLITUD","LTRENDIDX","M","2020-07",97.98235,
"OECDE","BCI","AMPLITUD","LTRENDIDX","M","2020-08",98.80041,
"OECDE","BCI","AMPLITUD","LTRENDIDX","M","2020-09",99.26875,
"OECDE","BCI","AMPLITUD","LTRENDIDX","M","2020-10",99.47289,
"OECDE","BCI","AMPLITUD","LTRENDIDX","M","2020-11",99.3543,
"FRA","BCI","AMPLITUD","LTRENDIDX","M","2018-12",101.0372,
"FRA","BCI","AMPLITUD","LTRENDIDX","M","2019-01",100.7643,
"FRA","BCI","AMPLITUD","LTRENDIDX","M","2019-02",100.5167,
"FRA","BCI","AMPLITUD","LTRENDIDX","M","2019-03",100.3936,
"FRA","BCI","AMPLITUD","LTRENDIDX","M","2019-04",100.3483,
"FRA","BCI","AMPLITUD","LTRENDIDX","M","2019-05",100.4728,
"FRA","BCI","AMPLITUD","LTRENDIDX","M","2019-06",100.4498,
"FRA","BCI","AMPLITUD","LTRENDIDX","M","2019-07",100.3633,
"FRA","BCI","AMPLITUD","LTRENDIDX","M","2019-08",100.3079,
"FRA","BCI","AMPLITUD","LTRENDIDX","M","2019-09",100.2058,
"FRA","BCI","AMPLITUD","LTRENDIDX","M","2019-10",100.1856,
"FRA","BCI","AMPLITUD","LTRENDIDX","M","2019-11",100.2354,
"FRA","BCI","AMPLITUD","LTRENDIDX","M","2019-12",100.3121,
"FRA","BCI","AMPLITUD","LTRENDIDX","M","2020-01",100.3464,
"FRA","BCI","AMPLITUD","LTRENDIDX","M","2020-02",99.86002,
"FRA","BCI","AMPLITUD","LTRENDIDX","M","2020-03",98.59647,
"FRA","BCI","AMPLITUD","LTRENDIDX","M","2020-04",97.06161,
"FRA","BCI","AMPLITUD","LTRENDIDX","M","2020-05",96.99614,
"FRA","BCI","AMPLITUD","LTRENDIDX","M","2020-06",97.84098,
"FRA","BCI","AMPLITUD","LTRENDIDX","M","2020-07",98.74426,
"FRA","BCI","AMPLITUD","LTRENDIDX","M","2020-08",99.31638,
"FRA","BCI","AMPLITUD","LTRENDIDX","M","2020-09",99.37396,
"FRA","BCI","AMPLITUD","LTRENDIDX","M","2020-10",99.14064,
"FRA","BCI","AMPLITUD","LTRENDIDX","M","2020-11",98.7581,
"BEL","BCI","AMPLITUD","LTRENDIDX","M","2018-12",100.9854,
"BEL","BCI","AMPLITUD","LTRENDIDX","M","2019-01",101.0285,
"BEL","BCI","AMPLITUD","LTRENDIDX","M","2019-02",101.0167,
"BEL","BCI","AMPLITUD","LTRENDIDX","M","2019-03",100.8537,
"BEL","BCI","AMPLITUD","LTRENDIDX","M","2019-04",100.5336,
"BEL","BCI","AMPLITUD","LTRENDIDX","M","2019-05",100.2541,
"BEL","BCI","AMPLITUD","LTRENDIDX","M","2019-06",99.99603,
"BEL","BCI","AMPLITUD","LTRENDIDX","M","2019-07",99.88751,
"BEL","BCI","AMPLITUD","LTRENDIDX","M","2019-08",99.78873,
"BEL","BCI","AMPLITUD","LTRENDIDX","M","2019-09",99.77068,
"BEL","BCI","AMPLITUD","LTRENDIDX","M","2019-10",99.84393,
"BEL","BCI","AMPLITUD","LTRENDIDX","M","2019-11",99.94297,
"BEL","BCI","AMPLITUD","LTRENDIDX","M","2019-12",100.1053,
"BEL","BCI","AMPLITUD","LTRENDIDX","M","2020-01",100.2882,
"BEL","BCI","AMPLITUD","LTRENDIDX","M","2020-02",100.072,
"BEL","BCI","AMPLITUD","LTRENDIDX","M","2020-03",99.13311,
"BEL","BCI","AMPLITUD","LTRENDIDX","M","2020-04",97.6788,
"BEL","BCI","AMPLITUD","LTRENDIDX","M","2020-05",96.86476,
"BEL","BCI","AMPLITUD","LTRENDIDX","M","2020-06",96.98621,
"BEL","BCI","AMPLITUD","LTRENDIDX","M","2020-07",97.82098,
"BEL","BCI","AMPLITUD","LTRENDIDX","M","2020-08",98.69313,
"BEL","BCI","AMPLITUD","LTRENDIDX","M","2020-09",99.38744,
"BEL","BCI","AMPLITUD","LTRENDIDX","M","2020-10",99.79871,
"BEL","BCI","AMPLITUD","LTRENDIDX","M","2020-11",100.0448,
"HUN","BCI","AMPLITUD","LTRENDIDX","M","2018-12",104.0251,
"HUN","BCI","AMPLITUD","LTRENDIDX","M","2019-01",103.9473,
"HUN","BCI","AMPLITUD","LTRENDIDX","M","2019-02",103.62,
"HUN","BCI","AMPLITUD","LTRENDIDX","M","2019-03",103.062,
"HUN","BCI","AMPLITUD","LTRENDIDX","M","2019-04",102.3924,
"HUN","BCI","AMPLITUD","LTRENDIDX","M","2019-05",101.9673,
"HUN","BCI","AMPLITUD","LTRENDIDX","M","2019-06",101.5416,
"HUN","BCI","AMPLITUD","LTRENDIDX","M","2019-07",101.2381,
"HUN","BCI","AMPLITUD","LTRENDIDX","M","2019-08",101.0825,
"HUN","BCI","AMPLITUD","LTRENDIDX","M","2019-09",100.8872,
"HUN","BCI","AMPLITUD","LTRENDIDX","M","2019-10",101.0246,
"HUN","BCI","AMPLITUD","LTRENDIDX","M","2019-11",101.164,
"HUN","BCI","AMPLITUD","LTRENDIDX","M","2019-12",100.7518,
"HUN","BCI","AMPLITUD","LTRENDIDX","M","2020-01",100.2569,
"HUN","BCI","AMPLITUD","LTRENDIDX","M","2020-02",99.58054,
"HUN","BCI","AMPLITUD","LTRENDIDX","M","2020-03",98.13031,
"HUN","BCI","AMPLITUD","LTRENDIDX","M","2020-04",96.09013,
"HUN","BCI","AMPLITUD","LTRENDIDX","M","2020-05",95.15334,
"HUN","BCI","AMPLITUD","LTRENDIDX","M","2020-06",95.41959,
"HUN","BCI","AMPLITUD","LTRENDIDX","M","2020-07",95.96067,
"HUN","BCI","AMPLITUD","LTRENDIDX","M","2020-08",96.43358,
"HUN","BCI","AMPLITUD","LTRENDIDX","M","2020-09",96.76199,
"HUN","BCI","AMPLITUD","LTRENDIDX","M","2020-10",96.91058,
"HUN","BCI","AMPLITUD","LTRENDIDX","M","2020-11",96.65562,
"LUX","BCI","AMPLITUD","LTRENDIDX","M","2018-12",100.7241,
"LUX","BCI","AMPLITUD","LTRENDIDX","M","2019-01",100.5505,
"LUX","BCI","AMPLITUD","LTRENDIDX","M","2019-02",100.2602,
"LUX","BCI","AMPLITUD","LTRENDIDX","M","2019-03",99.91972,
"LUX","BCI","AMPLITUD","LTRENDIDX","M","2019-04",99.54556,
"LUX","BCI","AMPLITUD","LTRENDIDX","M","2019-05",99.36938,
"LUX","BCI","AMPLITUD","LTRENDIDX","M","2019-06",99.34278,
"LUX","BCI","AMPLITUD","LTRENDIDX","M","2019-07",99.36384,
"LUX","BCI","AMPLITUD","LTRENDIDX","M","2019-08",99.26594,
"LUX","BCI","AMPLITUD","LTRENDIDX","M","2019-09",99.01091,
"LUX","BCI","AMPLITUD","LTRENDIDX","M","2019-10",98.93808,
"LUX","BCI","AMPLITUD","LTRENDIDX","M","2019-11",99.02403,
"LUX","BCI","AMPLITUD","LTRENDIDX","M","2019-12",99.13184,
"LUX","BCI","AMPLITUD","LTRENDIDX","M","2020-01",98.96288,
"LUX","BCI","AMPLITUD","LTRENDIDX","M","2020-02",98.71753,
"LUX","BCI","AMPLITUD","LTRENDIDX","M","2020-03",98.02952,
"LUX","BCI","AMPLITUD","LTRENDIDX","M","2020-04",97.13092,
"LUX","BCI","AMPLITUD","LTRENDIDX","M","2020-05",97.35122,
"LUX","BCI","AMPLITUD","LTRENDIDX","M","2020-06",98.04741,
"LUX","BCI","AMPLITUD","LTRENDIDX","M","2020-07",98.99155,
"LUX","BCI","AMPLITUD","LTRENDIDX","M","2020-08",99.6116,
"LUX","BCI","AMPLITUD","LTRENDIDX","M","2020-09",99.82361,
"LUX","BCI","AMPLITUD","LTRENDIDX","M","2020-10",99.99125,
"LUX","BCI","AMPLITUD","LTRENDIDX","M","2020-11",99.78149,
"ESP","BCI","AMPLITUD","LTRENDIDX","M","2018-12",101.0784,
"ESP","BCI","AMPLITUD","LTRENDIDX","M","2019-01",100.9337,
"ESP","BCI","AMPLITUD","LTRENDIDX","M","2019-02",100.8656,
"ESP","BCI","AMPLITUD","LTRENDIDX","M","2019-03",100.8949,
"ESP","BCI","AMPLITUD","LTRENDIDX","M","2019-04",100.8485,
"ESP","BCI","AMPLITUD","LTRENDIDX","M","2019-05",100.863,
"ESP","BCI","AMPLITUD","LTRENDIDX","M","2019-06",100.9513,
"ESP","BCI","AMPLITUD","LTRENDIDX","M","2019-07",101.1305,
"ESP","BCI","AMPLITUD","LTRENDIDX","M","2019-08",101.2089,
"ESP","BCI","AMPLITUD","LTRENDIDX","M","2019-09",100.9271,
"ESP","BCI","AMPLITUD","LTRENDIDX","M","2019-10",100.6963,
"ESP","BCI","AMPLITUD","LTRENDIDX","M","2019-11",100.779,
"ESP","BCI","AMPLITUD","LTRENDIDX","M","2019-12",100.9332,
"ESP","BCI","AMPLITUD","LTRENDIDX","M","2020-01",100.8272,
"ESP","BCI","AMPLITUD","LTRENDIDX","M","2020-02",100.3297,
"ESP","BCI","AMPLITUD","LTRENDIDX","M","2020-03",99.15378,
"ESP","BCI","AMPLITUD","LTRENDIDX","M","2020-04",97.56776,
"ESP","BCI","AMPLITUD","LTRENDIDX","M","2020-05",97.0379,
"ESP","BCI","AMPLITUD","LTRENDIDX","M","2020-06",97.60347,
"ESP","BCI","AMPLITUD","LTRENDIDX","M","2020-07",98.61977,
"ESP","BCI","AMPLITUD","LTRENDIDX","M","2020-08",99.31196,
"ESP","BCI","AMPLITUD","LTRENDIDX","M","2020-09",99.62447,
"ESP","BCI","AMPLITUD","LTRENDIDX","M","2020-10",99.68869,
"ESP","BCI","AMPLITUD","LTRENDIDX","M","2020-11",99.63479,
"NOR","BCI","AMPLITUD","LTRENDIDX","M","2018-12",100.8744,
"NOR","BCI","AMPLITUD","LTRENDIDX","M","2019-01",100.8044,
"NOR","BCI","AMPLITUD","LTRENDIDX","M","2019-02",100.7158,
"NOR","BCI","AMPLITUD","LTRENDIDX","M","2019-03",100.6314,
"NOR","BCI","AMPLITUD","LTRENDIDX","M","2019-04",100.5639,
"NOR","BCI","AMPLITUD","LTRENDIDX","M","2019-05",100.4974,
"NOR","BCI","AMPLITUD","LTRENDIDX","M","2019-06",100.4055,
"NOR","BCI","AMPLITUD","LTRENDIDX","M","2019-07",100.2677,
"NOR","BCI","AMPLITUD","LTRENDIDX","M","2019-08",100.1116,
"NOR","BCI","AMPLITUD","LTRENDIDX","M","2019-09",99.96445,
"NOR","BCI","AMPLITUD","LTRENDIDX","M","2019-10",99.82305,
"NOR","BCI","AMPLITUD","LTRENDIDX","M","2019-11",99.61466,
"NOR","BCI","AMPLITUD","LTRENDIDX","M","2019-12",99.21407,
"NOR","BCI","AMPLITUD","LTRENDIDX","M","2020-01",98.52765,
"NOR","BCI","AMPLITUD","LTRENDIDX","M","2020-02",97.76965,
"NOR","BCI","AMPLITUD","LTRENDIDX","M","2020-03",97.24896,
"NOR","BCI","AMPLITUD","LTRENDIDX","M","2020-04",97.22749,
"NOR","BCI","AMPLITUD","LTRENDIDX","M","2020-05",97.54116,
"NOR","BCI","AMPLITUD","LTRENDIDX","M","2020-06",98.02585,
"NOR","BCI","AMPLITUD","LTRENDIDX","M","2020-07",98.60815,
"NOR","BCI","AMPLITUD","LTRENDIDX","M","2020-08",99.22517,
"NOR","BCI","AMPLITUD","LTRENDIDX","M","2020-09",99.8481,
"USA","BCI","AMPLITUD","LTRENDIDX","M","2018-12",100.7144,
"USA","BCI","AMPLITUD","LTRENDIDX","M","2019-01",100.5568,
"USA","BCI","AMPLITUD","LTRENDIDX","M","2019-02",100.3851,
"USA","BCI","AMPLITUD","LTRENDIDX","M","2019-03",100.2477,
"USA","BCI","AMPLITUD","LTRENDIDX","M","2019-04",100.017,
"USA","BCI","AMPLITUD","LTRENDIDX","M","2019-05",99.80515,
"USA","BCI","AMPLITUD","LTRENDIDX","M","2019-06",99.61419,
"USA","BCI","AMPLITUD","LTRENDIDX","M","2019-07",99.38556,
"USA","BCI","AMPLITUD","LTRENDIDX","M","2019-08",99.09806,
"USA","BCI","AMPLITUD","LTRENDIDX","M","2019-09",98.88036,
"USA","BCI","AMPLITUD","LTRENDIDX","M","2019-10",98.81089,
"USA","BCI","AMPLITUD","LTRENDIDX","M","2019-11",98.8336,
"USA","BCI","AMPLITUD","LTRENDIDX","M","2019-12",98.94361,
"USA","BCI","AMPLITUD","LTRENDIDX","M","2020-01",99.11798,
"USA","BCI","AMPLITUD","LTRENDIDX","M","2020-02",98.99674,
"USA","BCI","AMPLITUD","LTRENDIDX","M","2020-03",98.56776,
"USA","BCI","AMPLITUD","LTRENDIDX","M","2020-04",98.10213,
"USA","BCI","AMPLITUD","LTRENDIDX","M","2020-05",98.35104,
"USA","BCI","AMPLITUD","LTRENDIDX","M","2020-06",99.24643,
"USA","BCI","AMPLITUD","LTRENDIDX","M","2020-07",100.0237,
"USA","BCI","AMPLITUD","LTRENDIDX","M","2020-08",100.5324,
"USA","BCI","AMPLITUD","LTRENDIDX","M","2020-09",100.8304,
"USA","BCI","AMPLITUD","LTRENDIDX","M","2020-10",101.0934,
"USA","BCI","AMPLITUD","LTRENDIDX","M","2020-11",101.1774,
"GBR","BCI","AMPLITUD","LTRENDIDX","M","2018-12",102.1236,
"GBR","BCI","AMPLITUD","LTRENDIDX","M","2019-01",101.8387,
"GBR","BCI","AMPLITUD","LTRENDIDX","M","2019-02",101.4611,
"GBR","BCI","AMPLITUD","LTRENDIDX","M","2019-03",101.046,
"GBR","BCI","AMPLITUD","LTRENDIDX","M","2019-04",100.4775,
"GBR","BCI","AMPLITUD","LTRENDIDX","M","2019-05",99.85142,
"GBR","BCI","AMPLITUD","LTRENDIDX","M","2019-06",99.35076,
"GBR","BCI","AMPLITUD","LTRENDIDX","M","2019-07",98.90039,
"GBR","BCI","AMPLITUD","LTRENDIDX","M","2019-08",98.61795,
"GBR","BCI","AMPLITUD","LTRENDIDX","M","2019-09",98.25927,
"GBR","BCI","AMPLITUD","LTRENDIDX","M","2019-10",98.27512,
"GBR","BCI","AMPLITUD","LTRENDIDX","M","2019-11",98.30811,
"GBR","BCI","AMPLITUD","LTRENDIDX","M","2019-12",98.26421,
"GBR","BCI","AMPLITUD","LTRENDIDX","M","2020-01",98.31277,
"GBR","BCI","AMPLITUD","LTRENDIDX","M","2020-02",98.05717,
"GBR","BCI","AMPLITUD","LTRENDIDX","M","2020-03",96.89815,
"GBR","BCI","AMPLITUD","LTRENDIDX","M","2020-04",95.32739,
"GBR","BCI","AMPLITUD","LTRENDIDX","M","2020-05",94.80147,
"GBR","BCI","AMPLITUD","LTRENDIDX","M","2020-06",95.30865,
"GBR","BCI","AMPLITUD","LTRENDIDX","M","2020-07",96.37269,
"GBR","BCI","AMPLITUD","LTRENDIDX","M","2020-08",97.12228,
"GBR","BCI","AMPLITUD","LTRENDIDX","M","2020-09",97.99516,
"GBR","BCI","AMPLITUD","LTRENDIDX","M","2020-10",98.57157,
"GBR","BCI","AMPLITUD","LTRENDIDX","M","2020-11",98.21714,
"PRT","BCI","AMPLITUD","LTRENDIDX","M","2018-12",101.0845,
"PRT","BCI","AMPLITUD","LTRENDIDX","M","2019-01",100.9212,
"PRT","BCI","AMPLITUD","LTRENDIDX","M","2019-02",100.7716,
"PRT","BCI","AMPLITUD","LTRENDIDX","M","2019-03",100.542,
"PRT","BCI","AMPLITUD","LTRENDIDX","M","2019-04",100.3363,
"PRT","BCI","AMPLITUD","LTRENDIDX","M","2019-05",100.3186,
"PRT","BCI","AMPLITUD","LTRENDIDX","M","2019-06",100.3689,
"PRT","BCI","AMPLITUD","LTRENDIDX","M","2019-07",100.3101,
"PRT","BCI","AMPLITUD","LTRENDIDX","M","2019-08",100.3294,
"PRT","BCI","AMPLITUD","LTRENDIDX","M","2019-09",100.2777,
"PRT","BCI","AMPLITUD","LTRENDIDX","M","2019-10",100.2521,
"PRT","BCI","AMPLITUD","LTRENDIDX","M","2019-11",100.36,
"PRT","BCI","AMPLITUD","LTRENDIDX","M","2019-12",100.3777,
"PRT","BCI","AMPLITUD","LTRENDIDX","M","2020-01",100.1668,
"PRT","BCI","AMPLITUD","LTRENDIDX","M","2020-02",99.28899,
"PRT","BCI","AMPLITUD","LTRENDIDX","M","2020-03",97.5322,
"PRT","BCI","AMPLITUD","LTRENDIDX","M","2020-04",95.23757,
"PRT","BCI","AMPLITUD","LTRENDIDX","M","2020-05",94.16567,
"PRT","BCI","AMPLITUD","LTRENDIDX","M","2020-06",94.86517,
"PRT","BCI","AMPLITUD","LTRENDIDX","M","2020-07",96.1465,
"PRT","BCI","AMPLITUD","LTRENDIDX","M","2020-08",96.89761,
"PRT","BCI","AMPLITUD","LTRENDIDX","M","2020-09",97.10844,
"PRT","BCI","AMPLITUD","LTRENDIDX","M","2020-10",97.0412,
"PRT","BCI","AMPLITUD","LTRENDIDX","M","2020-11",96.7837,
"CHL","BCI","AMPLITUD","LTRENDIDX","M","2018-12",99.25833,
"CHL","BCI","AMPLITUD","LTRENDIDX","M","2019-01",99.61098,
"CHL","BCI","AMPLITUD","LTRENDIDX","M","2019-02",99.87533,
"CHL","BCI","AMPLITUD","LTRENDIDX","M","2019-03",99.60635,
"CHL","BCI","AMPLITUD","LTRENDIDX","M","2019-04",99.05407,
"CHL","BCI","AMPLITUD","LTRENDIDX","M","2019-05",98.67524,
"CHL","BCI","AMPLITUD","LTRENDIDX","M","2019-06",98.58103,
"CHL","BCI","AMPLITUD","LTRENDIDX","M","2019-07",98.79862,
"CHL","BCI","AMPLITUD","LTRENDIDX","M","2019-08",99.0837,
"CHL","BCI","AMPLITUD","LTRENDIDX","M","2019-09",99.05644,
"CHL","BCI","AMPLITUD","LTRENDIDX","M","2019-10",98.43848,
"CHL","BCI","AMPLITUD","LTRENDIDX","M","2019-11",97.25772,
"CHL","BCI","AMPLITUD","LTRENDIDX","M","2019-12",96.71916,
"CHL","BCI","AMPLITUD","LTRENDIDX","M","2020-01",97.16338,
"CHL","BCI","AMPLITUD","LTRENDIDX","M","2020-02",97.63464,
"CHL","BCI","AMPLITUD","LTRENDIDX","M","2020-03",97.14194,
"CHL","BCI","AMPLITUD","LTRENDIDX","M","2020-04",96.0414,
"CHL","BCI","AMPLITUD","LTRENDIDX","M","2020-05",95.78268,
"CHL","BCI","AMPLITUD","LTRENDIDX","M","2020-06",96.56942,
"CHL","BCI","AMPLITUD","LTRENDIDX","M","2020-07",97.75745,
"CHL","BCI","AMPLITUD","LTRENDIDX","M","2020-08",99.10514,
"CHL","BCI","AMPLITUD","LTRENDIDX","M","2020-09",100.4984,
"CHL","BCI","AMPLITUD","LTRENDIDX","M","2020-10",101.4886,
"CHL","BCI","AMPLITUD","LTRENDIDX","M","2020-11",102.2228,
"EST","BCI","AMPLITUD","LTRENDIDX","M","2018-12",101.1535,
"EST","BCI","AMPLITUD","LTRENDIDX","M","2019-01",100.5385,
"EST","BCI","AMPLITUD","LTRENDIDX","M","2019-02",99.82082,
"EST","BCI","AMPLITUD","LTRENDIDX","M","2019-03",99.18277,
"EST","BCI","AMPLITUD","LTRENDIDX","M","2019-04",98.50981,
"EST","BCI","AMPLITUD","LTRENDIDX","M","2019-05",97.83549,
"EST","BCI","AMPLITUD","LTRENDIDX","M","2019-06",97.17759,
"EST","BCI","AMPLITUD","LTRENDIDX","M","2019-07",96.66531,
"EST","BCI","AMPLITUD","LTRENDIDX","M","2019-08",96.29601,
"EST","BCI","AMPLITUD","LTRENDIDX","M","2019-09",95.99683,
"EST","BCI","AMPLITUD","LTRENDIDX","M","2019-10",95.6722,
"EST","BCI","AMPLITUD","LTRENDIDX","M","2019-11",95.56734,
"EST","BCI","AMPLITUD","LTRENDIDX","M","2019-12",96.04581,
"EST","BCI","AMPLITUD","LTRENDIDX","M","2020-01",96.53567,
"EST","BCI","AMPLITUD","LTRENDIDX","M","2020-02",96.46713,
"EST","BCI","AMPLITUD","LTRENDIDX","M","2020-03",94.71837,
"EST","BCI","AMPLITUD","LTRENDIDX","M","2020-04",91.51858,
"EST","BCI","AMPLITUD","LTRENDIDX","M","2020-05",90.19676,
"EST","BCI","AMPLITUD","LTRENDIDX","M","2020-06",91.08006,
"EST","BCI","AMPLITUD","LTRENDIDX","M","2020-07",92.97646,
"EST","BCI","AMPLITUD","LTRENDIDX","M","2020-08",94.73759,
"EST","BCI","AMPLITUD","LTRENDIDX","M","2020-09",96.03368,
"EST","BCI","AMPLITUD","LTRENDIDX","M","2020-10",97.10511,
"EST","BCI","AMPLITUD","LTRENDIDX","M","2020-11",98.04563,
"IDN","BCI","AMPLITUD","LTRENDIDX","M","2018-12",98.99953,
"IDN","BCI","AMPLITUD","LTRENDIDX","M","2019-01",99.11784,
"IDN","BCI","AMPLITUD","LTRENDIDX","M","2019-02",99.21782,
"IDN","BCI","AMPLITUD","LTRENDIDX","M","2019-03",99.29604,
"IDN","BCI","AMPLITUD","LTRENDIDX","M","2019-04",99.3421,
"IDN","BCI","AMPLITUD","LTRENDIDX","M","2019-05",99.34682,
"IDN","BCI","AMPLITUD","LTRENDIDX","M","2019-06",99.28298,
"IDN","BCI","AMPLITUD","LTRENDIDX","M","2019-07",99.12738,
"IDN","BCI","AMPLITUD","LTRENDIDX","M","2019-08",98.95156,
"IDN","BCI","AMPLITUD","LTRENDIDX","M","2019-09",98.84957,
"IDN","BCI","AMPLITUD","LTRENDIDX","M","2019-10",98.88599,
"IDN","BCI","AMPLITUD","LTRENDIDX","M","2019-11",98.97018,
"IDN","BCI","AMPLITUD","LTRENDIDX","M","2019-12",98.96718,
"IDN","BCI","AMPLITUD","LTRENDIDX","M","2020-01",98.76107,
"IDN","BCI","AMPLITUD","LTRENDIDX","M","2020-02",98.40536,
"IDN","BCI","AMPLITUD","LTRENDIDX","M","2020-03",97.95919,
"IDN","BCI","AMPLITUD","LTRENDIDX","M","2020-04",97.47314,
"IDN","BCI","AMPLITUD","LTRENDIDX","M","2020-05",97.06552,
"IDN","BCI","AMPLITUD","LTRENDIDX","M","2020-06",96.92278,
"IDN","BCI","AMPLITUD","LTRENDIDX","M","2020-07",97.22132,
"IDN","BCI","AMPLITUD","LTRENDIDX","M","2020-08",97.78462,
"IDN","BCI","AMPLITUD","LTRENDIDX","M","2020-09",98.43616,
"GRC","BCI","AMPLITUD","LTRENDIDX","M","2018-12",99.97412,
"GRC","BCI","AMPLITUD","LTRENDIDX","M","2019-01",100.0737,
"GRC","BCI","AMPLITUD","LTRENDIDX","M","2019-02",100.3521,
"GRC","BCI","AMPLITUD","LTRENDIDX","M","2019-03",100.5449,
"GRC","BCI","AMPLITUD","LTRENDIDX","M","2019-04",100.7297,
"GRC","BCI","AMPLITUD","LTRENDIDX","M","2019-05",100.8794,
"GRC","BCI","AMPLITUD","LTRENDIDX","M","2019-06",100.9998,
"GRC","BCI","AMPLITUD","LTRENDIDX","M","2019-07",101.142,
"GRC","BCI","AMPLITUD","LTRENDIDX","M","2019-08",101.1889,
"GRC","BCI","AMPLITUD","LTRENDIDX","M","2019-09",101.2436,
"GRC","BCI","AMPLITUD","LTRENDIDX","M","2019-10",101.3289,
"GRC","BCI","AMPLITUD","LTRENDIDX","M","2019-11",101.4247,
"GRC","BCI","AMPLITUD","LTRENDIDX","M","2019-12",101.5903,
"GRC","BCI","AMPLITUD","LTRENDIDX","M","2020-01",101.7528,
"GRC","BCI","AMPLITUD","LTRENDIDX","M","2020-02",101.6805,
"GRC","BCI","AMPLITUD","LTRENDIDX","M","2020-03",100.981,
"GRC","BCI","AMPLITUD","LTRENDIDX","M","2020-04",99.58899,
"GRC","BCI","AMPLITUD","LTRENDIDX","M","2020-05",98.14249,
"GRC","BCI","AMPLITUD","LTRENDIDX","M","2020-06",97.37054,
"GRC","BCI","AMPLITUD","LTRENDIDX","M","2020-07",97.28149,
"GRC","BCI","AMPLITUD","LTRENDIDX","M","2020-08",97.31275,
"GRC","BCI","AMPLITUD","LTRENDIDX","M","2020-09",97.52593,
"GRC","BCI","AMPLITUD","LTRENDIDX","M","2020-10",98.06865,
"GRC","BCI","AMPLITUD","LTRENDIDX","M","2020-11",98.36221,
"AUT","BCI","AMPLITUD","LTRENDIDX","M","2018-12",101.0397,
"AUT","BCI","AMPLITUD","LTRENDIDX","M","2019-01",100.6538,
"AUT","BCI","AMPLITUD","LTRENDIDX","M","2019-02",100.3301,
"AUT","BCI","AMPLITUD","LTRENDIDX","M","2019-03",100.0682,
"AUT","BCI","AMPLITUD","LTRENDIDX","M","2019-04",99.99213,
"AUT","BCI","AMPLITUD","LTRENDIDX","M","2019-05",99.95119,
"AUT","BCI","AMPLITUD","LTRENDIDX","M","2019-06",99.82664,
"AUT","BCI","AMPLITUD","LTRENDIDX","M","2019-07",99.7724,
"AUT","BCI","AMPLITUD","LTRENDIDX","M","2019-08",99.78634,
"AUT","BCI","AMPLITUD","LTRENDIDX","M","2019-09",99.68776,
"AUT","BCI","AMPLITUD","LTRENDIDX","M","2019-10",99.47221,
"AUT","BCI","AMPLITUD","LTRENDIDX","M","2019-11",99.364,
"AUT","BCI","AMPLITUD","LTRENDIDX","M","2019-12",99.37093,
"AUT","BCI","AMPLITUD","LTRENDIDX","M","2020-01",99.34644,
"AUT","BCI","AMPLITUD","LTRENDIDX","M","2020-02",99.09026,
"AUT","BCI","AMPLITUD","LTRENDIDX","M","2020-03",98.24994,
"AUT","BCI","AMPLITUD","LTRENDIDX","M","2020-04",97.16096,
"AUT","BCI","AMPLITUD","LTRENDIDX","M","2020-05",96.85731,
"AUT","BCI","AMPLITUD","LTRENDIDX","M","2020-06",97.20993,
"AUT","BCI","AMPLITUD","LTRENDIDX","M","2020-07",97.66077,
"AUT","BCI","AMPLITUD","LTRENDIDX","M","2020-08",97.97651,
"AUT","BCI","AMPLITUD","LTRENDIDX","M","2020-09",98.16647,
"AUT","BCI","AMPLITUD","LTRENDIDX","M","2020-10",98.33601,
"AUT","BCI","AMPLITUD","LTRENDIDX","M","2020-11",98.45037,
"SVN","BCI","AMPLITUD","LTRENDIDX","M","2018-12",102.0108,
"SVN","BCI","AMPLITUD","LTRENDIDX","M","2019-01",101.7404,
"SVN","BCI","AMPLITUD","LTRENDIDX","M","2019-02",101.2923,
"SVN","BCI","AMPLITUD","LTRENDIDX","M","2019-03",101.0075,
"SVN","BCI","AMPLITUD","LTRENDIDX","M","2019-04",100.7803,
"SVN","BCI","AMPLITUD","LTRENDIDX","M","2019-05",100.66,
"SVN","BCI","AMPLITUD","LTRENDIDX","M","2019-06",100.3642,
"SVN","BCI","AMPLITUD","LTRENDIDX","M","2019-07",100.2981,
"SVN","BCI","AMPLITUD","LTRENDIDX","M","2019-08",100.2642,
"SVN","BCI","AMPLITUD","LTRENDIDX","M","2019-09",100.1103,
"SVN","BCI","AMPLITUD","LTRENDIDX","M","2019-10",99.81567,
"SVN","BCI","AMPLITUD","LTRENDIDX","M","2019-11",99.64527,
"SVN","BCI","AMPLITUD","LTRENDIDX","M","2019-12",99.65148,
"SVN","BCI","AMPLITUD","LTRENDIDX","M","2020-01",99.58006,
"SVN","BCI","AMPLITUD","LTRENDIDX","M","2020-02",98.8111,
"SVN","BCI","AMPLITUD","LTRENDIDX","M","2020-03",96.85339,
"SVN","BCI","AMPLITUD","LTRENDIDX","M","2020-04",94.58913,
"SVN","BCI","AMPLITUD","LTRENDIDX","M","2020-05",94.22282,
"SVN","BCI","AMPLITUD","LTRENDIDX","M","2020-06",95.25477,
"SVN","BCI","AMPLITUD","LTRENDIDX","M","2020-07",97.01485,
"SVN","BCI","AMPLITUD","LTRENDIDX","M","2020-08",98.66135,
"SVN","BCI","AMPLITUD","LTRENDIDX","M","2020-09",99.58829,
"SVN","BCI","AMPLITUD","LTRENDIDX","M","2020-10",99.76131,
"SVN","BCI","AMPLITUD","LTRENDIDX","M","2020-11",99.53078,
"NZL","BCI","AMPLITUD","LTRENDIDX","M","2018-12",98.53989,
"NZL","BCI","AMPLITUD","LTRENDIDX","M","2019-01",98.54554,
"NZL","BCI","AMPLITUD","LTRENDIDX","M","2019-02",98.55135,
"NZL","BCI","AMPLITUD","LTRENDIDX","M","2019-03",98.52312,
"NZL","BCI","AMPLITUD","LTRENDIDX","M","2019-04",98.43373,
"NZL","BCI","AMPLITUD","LTRENDIDX","M","2019-05",98.30724,
"NZL","BCI","AMPLITUD","LTRENDIDX","M","2019-06",98.17628,
"NZL","BCI","AMPLITUD","LTRENDIDX","M","2019-07",98.07659,
"NZL","BCI","AMPLITUD","LTRENDIDX","M","2019-08",98.04588,
"NZL","BCI","AMPLITUD","LTRENDIDX","M","2019-09",98.14609,
"NZL","BCI","AMPLITUD","LTRENDIDX","M","2019-10",98.41653,
"NZL","BCI","AMPLITUD","LTRENDIDX","M","2019-11",98.69624,
"NZL","BCI","AMPLITUD","LTRENDIDX","M","2019-12",98.75085,
"NZL","BCI","AMPLITUD","LTRENDIDX","M","2020-01",98.3902,
"NZL","BCI","AMPLITUD","LTRENDIDX","M","2020-02",97.81107,
"NZL","BCI","AMPLITUD","LTRENDIDX","M","2020-03",97.2683,
"NZL","BCI","AMPLITUD","LTRENDIDX","M","2020-04",96.96437,
"NZL","BCI","AMPLITUD","LTRENDIDX","M","2020-05",96.90265,
"NZL","BCI","AMPLITUD","LTRENDIDX","M","2020-06",97.12822,
"NZL","BCI","AMPLITUD","LTRENDIDX","M","2020-07",97.72665,
"NZL","BCI","AMPLITUD","LTRENDIDX","M","2020-08",98.53529,
"NZL","BCI","AMPLITUD","LTRENDIDX","M","2020-09",99.41079,
"TUR","BCI","AMPLITUD","LTRENDIDX","M","2018-12",95.96978,
"TUR","BCI","AMPLITUD","LTRENDIDX","M","2019-01",95.98567,
"TUR","BCI","AMPLITUD","LTRENDIDX","M","2019-02",96.07357,
"TUR","BCI","AMPLITUD","LTRENDIDX","M","2019-03",96.51674,
"TUR","BCI","AMPLITUD","LTRENDIDX","M","2019-04",97.0684,
"TUR","BCI","AMPLITUD","LTRENDIDX","M","2019-05",97.23992,
"TUR","BCI","AMPLITUD","LTRENDIDX","M","2019-06",97.23167,
"TUR","BCI","AMPLITUD","LTRENDIDX","M","2019-07",97.03665,
"TUR","BCI","AMPLITUD","LTRENDIDX","M","2019-08",97.28577,
"TUR","BCI","AMPLITUD","LTRENDIDX","M","2019-09",97.66165,
"TUR","BCI","AMPLITUD","LTRENDIDX","M","2019-10",98.48685,
"TUR","BCI","AMPLITUD","LTRENDIDX","M","2019-11",99.3435,
"TUR","BCI","AMPLITUD","LTRENDIDX","M","2019-12",99.86807,
"TUR","BCI","AMPLITUD","LTRENDIDX","M","2020-01",99.19275,
"TUR","BCI","AMPLITUD","LTRENDIDX","M","2020-02",96.91689,
"TUR","BCI","AMPLITUD","LTRENDIDX","M","2020-03",92.81537,
"TUR","BCI","AMPLITUD","LTRENDIDX","M","2020-04",88.77801,
"TUR","BCI","AMPLITUD","LTRENDIDX","M","2020-05",89.69189,
"TUR","BCI","AMPLITUD","LTRENDIDX","M","2020-06",94.04784,
"TUR","BCI","AMPLITUD","LTRENDIDX","M","2020-07",98.17188,
"TUR","BCI","AMPLITUD","LTRENDIDX","M","2020-08",100.7439,
"TUR","BCI","AMPLITUD","LTRENDIDX","M","2020-09",101.5866,
"TUR","BCI","AMPLITUD","LTRENDIDX","M","2020-10",101.6434,
"TUR","BCI","AMPLITUD","LTRENDIDX","M","2020-11",100.9205,
"SVK","BCI","AMPLITUD","LTRENDIDX","M","2018-12",99.65578,
"SVK","BCI","AMPLITUD","LTRENDIDX","M","2019-01",99.34612,
"SVK","BCI","AMPLITUD","LTRENDIDX","M","2019-02",98.86341,
"SVK","BCI","AMPLITUD","LTRENDIDX","M","2019-03",97.63164,
"SVK","BCI","AMPLITUD","LTRENDIDX","M","2019-04",96.81706,
"SVK","BCI","AMPLITUD","LTRENDIDX","M","2019-05",97.32062,
"SVK","BCI","AMPLITUD","LTRENDIDX","M","2019-06",97.69904,
"SVK","BCI","AMPLITUD","LTRENDIDX","M","2019-07",97.15234,
"SVK","BCI","AMPLITUD","LTRENDIDX","M","2019-08",97.18959,
"SVK","BCI","AMPLITUD","LTRENDIDX","M","2019-09",97.52105,
"SVK","BCI","AMPLITUD","LTRENDIDX","M","2019-10",97.40465,
"SVK","BCI","AMPLITUD","LTRENDIDX","M","2019-11",98.05079,
"SVK","BCI","AMPLITUD","LTRENDIDX","M","2019-12",98.58723,
"SVK","BCI","AMPLITUD","LTRENDIDX","M","2020-01",98.93542,
"SVK","BCI","AMPLITUD","LTRENDIDX","M","2020-02",97.79594,
"SVK","BCI","AMPLITUD","LTRENDIDX","M","2020-03",94.97347,
"SVK","BCI","AMPLITUD","LTRENDIDX","M","2020-04",91.47857,
"SVK","BCI","AMPLITUD","LTRENDIDX","M","2020-05",91.62663,
"SVK","BCI","AMPLITUD","LTRENDIDX","M","2020-06",94.20431,
"SVK","BCI","AMPLITUD","LTRENDIDX","M","2020-07",96.63007,
"SVK","BCI","AMPLITUD","LTRENDIDX","M","2020-08",97.97477,
"SVK","BCI","AMPLITUD","LTRENDIDX","M","2020-09",98.54874,
"SVK","BCI","AMPLITUD","LTRENDIDX","M","2020-10",99.81507,
"SVK","BCI","AMPLITUD","LTRENDIDX","M","2020-11",101.1109,
"DNK","BCI","AMPLITUD","LTRENDIDX","M","2018-12",100.958,
"DNK","BCI","AMPLITUD","LTRENDIDX","M","2019-01",100.8088,
"DNK","BCI","AMPLITUD","LTRENDIDX","M","2019-02",100.7164,
"DNK","BCI","AMPLITUD","LTRENDIDX","M","2019-03",100.678,
"DNK","BCI","AMPLITUD","LTRENDIDX","M","2019-04",100.6318,
"DNK","BCI","AMPLITUD","LTRENDIDX","M","2019-05",100.5462,
"DNK","BCI","AMPLITUD","LTRENDIDX","M","2019-06",100.2789,
"DNK","BCI","AMPLITUD","LTRENDIDX","M","2019-07",100.0876,
"DNK","BCI","AMPLITUD","LTRENDIDX","M","2019-08",100.0135,
"DNK","BCI","AMPLITUD","LTRENDIDX","M","2019-09",99.95339,
"DNK","BCI","AMPLITUD","LTRENDIDX","M","2019-10",99.95471,
"DNK","BCI","AMPLITUD","LTRENDIDX","M","2019-11",100.191,
"DNK","BCI","AMPLITUD","LTRENDIDX","M","2019-12",100.3653,
"DNK","BCI","AMPLITUD","LTRENDIDX","M","2020-01",100.3922,
"DNK","BCI","AMPLITUD","LTRENDIDX","M","2020-02",100.24,
"DNK","BCI","AMPLITUD","LTRENDIDX","M","2020-03",99.54711,
"DNK","BCI","AMPLITUD","LTRENDIDX","M","2020-04",98.53928,
"DNK","BCI","AMPLITUD","LTRENDIDX","M","2020-05",98.09325,
"DNK","BCI","AMPLITUD","LTRENDIDX","M","2020-06",98.4164,
"DNK","BCI","AMPLITUD","LTRENDIDX","M","2020-07",98.98282,
"DNK","BCI","AMPLITUD","LTRENDIDX","M","2020-08",99.29797,
"DNK","BCI","AMPLITUD","LTRENDIDX","M","2020-09",99.55585,
"DNK","BCI","AMPLITUD","LTRENDIDX","M","2020-10",99.79707,
"DNK","BCI","AMPLITUD","LTRENDIDX","M","2020-11",99.85484,
"IND","BCI","AMPLITUD","LTRENDIDX","M","2018-12",99.71485,
"IND","BCI","AMPLITUD","LTRENDIDX","M","2019-01",99.48994,
"IND","BCI","AMPLITUD","LTRENDIDX","M","2019-02",99.11128,
"IND","BCI","AMPLITUD","LTRENDIDX","M","2019-03",98.51458,
"IND","BCI","AMPLITUD","LTRENDIDX","M","2019-04",97.78938,
"IND","BCI","AMPLITUD","LTRENDIDX","M","2019-05",97.03286,
"IND","BCI","AMPLITUD","LTRENDIDX","M","2019-06",96.33201,
"IND","BCI","AMPLITUD","LTRENDIDX","M","2019-07",95.77721,
"IND","BCI","AMPLITUD","LTRENDIDX","M","2019-08",95.50266,
"IND","BCI","AMPLITUD","LTRENDIDX","M","2019-09",95.58073,
"IND","BCI","AMPLITUD","LTRENDIDX","M","2019-10",95.63618,
"IND","BCI","AMPLITUD","LTRENDIDX","M","2019-11",95.13944,
"IND","BCI","AMPLITUD","LTRENDIDX","M","2019-12",93.72275,
"IND","BCI","AMPLITUD","LTRENDIDX","M","2020-01",92.04832,
"IND","BCI","AMPLITUD","LTRENDIDX","M","2020-02",91.07872,
"IND","BCI","AMPLITUD","LTRENDIDX","M","2020-03",91.60487,
"IND","BCI","AMPLITUD","LTRENDIDX","M","2020-04",93.06934,
"IND","BCI","AMPLITUD","LTRENDIDX","M","2020-05",94.85631,
"CZE","BCI","AMPLITUD","LTRENDIDX","M","2018-12",100.1613,
"CZE","BCI","AMPLITUD","LTRENDIDX","M","2019-01",100.011,
"CZE","BCI","AMPLITUD","LTRENDIDX","M","2019-02",99.86884,
"CZE","BCI","AMPLITUD","LTRENDIDX","M","2019-03",99.70849,
"CZE","BCI","AMPLITUD","LTRENDIDX","M","2019-04",99.4902,
"CZE","BCI","AMPLITUD","LTRENDIDX","M","2019-05",99.27975,
"CZE","BCI","AMPLITUD","LTRENDIDX","M","2019-06",99.11385,
"CZE","BCI","AMPLITUD","LTRENDIDX","M","2019-07",99.06519,
"CZE","BCI","AMPLITUD","LTRENDIDX","M","2019-08",99.07637,
"CZE","BCI","AMPLITUD","LTRENDIDX","M","2019-09",99.09146,
"CZE","BCI","AMPLITUD","LTRENDIDX","M","2019-10",98.96186,
"CZE","BCI","AMPLITUD","LTRENDIDX","M","2019-11",98.84632,
"CZE","BCI","AMPLITUD","LTRENDIDX","M","2019-12",98.75936,
"CZE","BCI","AMPLITUD","LTRENDIDX","M","2020-01",98.49998,
"CZE","BCI","AMPLITUD","LTRENDIDX","M","2020-02",97.90467,
"CZE","BCI","AMPLITUD","LTRENDIDX","M","2020-03",96.54634,
"CZE","BCI","AMPLITUD","LTRENDIDX","M","2020-04",94.80708,
"CZE","BCI","AMPLITUD","LTRENDIDX","M","2020-05",94.19855,
"CZE","BCI","AMPLITUD","LTRENDIDX","M","2020-06",94.86668,
"CZE","BCI","AMPLITUD","LTRENDIDX","M","2020-07",96.69844,
"CZE","BCI","AMPLITUD","LTRENDIDX","M","2020-08",98.01012,
"CZE","BCI","AMPLITUD","LTRENDIDX","M","2020-09",98.55223,
"CZE","BCI","AMPLITUD","LTRENDIDX","M","2020-10",98.57136,
"CZE","BCI","AMPLITUD","LTRENDIDX","M","2020-11",98.22662,
"IRL","BCI","AMPLITUD","LTRENDIDX","M","2018-12",103.9673,
"IRL","BCI","AMPLITUD","LTRENDIDX","M","2019-01",102.8202,
"IRL","BCI","AMPLITUD","LTRENDIDX","M","2019-02",102.361,
"IRL","BCI","AMPLITUD","LTRENDIDX","M","2019-03",102.2218,
"IRL","BCI","AMPLITUD","LTRENDIDX","M","2019-04",102.088,
"IRL","BCI","AMPLITUD","LTRENDIDX","M","2019-05",101.8683,
"IRL","BCI","AMPLITUD","LTRENDIDX","M","2019-06",101.0882,
"IRL","BCI","AMPLITUD","LTRENDIDX","M","2019-07",99.94253,
"IRL","BCI","AMPLITUD","LTRENDIDX","M","2019-08",98.90301,
"IRL","BCI","AMPLITUD","LTRENDIDX","M","2019-09",97.98181,
"IRL","BCI","AMPLITUD","LTRENDIDX","M","2019-10",97.67836,
"IRL","BCI","AMPLITUD","LTRENDIDX","M","2019-11",98.04907,
"IRL","BCI","AMPLITUD","LTRENDIDX","M","2019-12",98.39367,
"IRL","BCI","AMPLITUD","LTRENDIDX","M","2020-01",98.89023,
"IRL","BCI","AMPLITUD","LTRENDIDX","M","2020-02",98.42997,
"IRL","BCI","AMPLITUD","LTRENDIDX","M","2020-03",96.28072,
"IRL","BCI","AMPLITUD","LTRENDIDX","M","2020-04",92.76323,
"IRL","BCI","AMPLITUD","LTRENDIDX","M","2020-05",91.86324,
"IRL","BCI","AMPLITUD","LTRENDIDX","M","2020-06",92.71444,
"IRL","BCI","AMPLITUD","LTRENDIDX","M","2020-07",93.92369,
"IRL","BCI","AMPLITUD","LTRENDIDX","M","2020-08",95.03416,
"IRL","BCI","AMPLITUD","LTRENDIDX","M","2020-09",95.62461,
"IRL","BCI","AMPLITUD","LTRENDIDX","M","2020-10",96.11217,
"IRL","BCI","AMPLITUD","LTRENDIDX","M","2020-11",96.94585,
"AUS","BCI","AMPLITUD","LTRENDIDX","M","2018-12",101.5446,
"AUS","BCI","AMPLITUD","LTRENDIDX","M","2019-01",101.4316,
"AUS","BCI","AMPLITUD","LTRENDIDX","M","2019-02",101.404,
"AUS","BCI","AMPLITUD","LTRENDIDX","M","2019-03",101.5425,
"AUS","BCI","AMPLITUD","LTRENDIDX","M","2019-04",101.7072,
"AUS","BCI","AMPLITUD","LTRENDIDX","M","2019-05",101.6914,
"AUS","BCI","AMPLITUD","LTRENDIDX","M","2019-06",101.3495,
"AUS","BCI","AMPLITUD","LTRENDIDX","M","2019-07",100.9049,
"AUS","BCI","AMPLITUD","LTRENDIDX","M","2019-08",100.667,
"AUS","BCI","AMPLITUD","LTRENDIDX","M","2019-09",100.8522,
"AUS","BCI","AMPLITUD","LTRENDIDX","M","2019-10",101.196,
"AUS","BCI","AMPLITUD","LTRENDIDX","M","2019-11",101.3139,
"AUS","BCI","AMPLITUD","LTRENDIDX","M","2019-12",100.9013,
"AUS","BCI","AMPLITUD","LTRENDIDX","M","2020-01",100.1612,
"AUS","BCI","AMPLITUD","LTRENDIDX","M","2020-02",99.35301,
"AUS","BCI","AMPLITUD","LTRENDIDX","M","2020-03",98.66833,
"AUS","BCI","AMPLITUD","LTRENDIDX","M","2020-04",98.17587,
"AUS","BCI","AMPLITUD","LTRENDIDX","M","2020-05",97.98765,
"AUS","BCI","AMPLITUD","LTRENDIDX","M","2020-06",98.23328,
"AUS","BCI","AMPLITUD","LTRENDIDX","M","2020-07",98.7299,
"AUS","BCI","AMPLITUD","LTRENDIDX","M","2020-08",99.30798,
"CHE","BCI","AMPLITUD","LTRENDIDX","M","2018-12",101.6537,
"CHE","BCI","AMPLITUD","LTRENDIDX","M","2019-01",101.5056,
"CHE","BCI","AMPLITUD","LTRENDIDX","M","2019-02",101.4117,
"CHE","BCI","AMPLITUD","LTRENDIDX","M","2019-03",101.3699,
"CHE","BCI","AMPLITUD","LTRENDIDX","M","2019-04",101.2687,
"CHE","BCI","AMPLITUD","LTRENDIDX","M","2019-05",101.1229,
"CHE","BCI","AMPLITUD","LTRENDIDX","M","2019-06",100.9325,
"CHE","BCI","AMPLITUD","LTRENDIDX","M","2019-07",100.7395,
"CHE","BCI","AMPLITUD","LTRENDIDX","M","2019-08",100.5377,
"CHE","BCI","AMPLITUD","LTRENDIDX","M","2019-09",100.3546,
"CHE","BCI","AMPLITUD","LTRENDIDX","M","2019-10",100.2784,
"CHE","BCI","AMPLITUD","LTRENDIDX","M","2019-11",100.2867,
"CHE","BCI","AMPLITUD","LTRENDIDX","M","2019-12",100.3052,
"CHE","BCI","AMPLITUD","LTRENDIDX","M","2020-01",100.2009,
"CHE","BCI","AMPLITUD","LTRENDIDX","M","2020-02",99.8972,
"CHE","BCI","AMPLITUD","LTRENDIDX","M","2020-03",99.28606,
"CHE","BCI","AMPLITUD","LTRENDIDX","M","2020-04",98.58272,
"CHE","BCI","AMPLITUD","LTRENDIDX","M","2020-05",98.33277,
"CHE","BCI","AMPLITUD","LTRENDIDX","M","2020-06",98.62052,
"CHE","BCI","AMPLITUD","LTRENDIDX","M","2020-07",98.98561,
"CHE","BCI","AMPLITUD","LTRENDIDX","M","2020-08",99.23298,
"CHE","BCI","AMPLITUD","LTRENDIDX","M","2020-09",99.43723,
"CHE","BCI","AMPLITUD","LTRENDIDX","M","2020-10",99.69924,
"CHE","BCI","AMPLITUD","LTRENDIDX","M","2020-11",99.92997,
"OECD","BCI","AMPLITUD","LTRENDIDX","M","2018-12",100.7179,
"OECD","BCI","AMPLITUD","LTRENDIDX","M","2019-01",100.5731,
"OECD","BCI","AMPLITUD","LTRENDIDX","M","2019-02",100.437,
"OECD","BCI","AMPLITUD","LTRENDIDX","M","2019-03",100.3309,
"OECD","BCI","AMPLITUD","LTRENDIDX","M","2019-04",100.1902,
"OECD","BCI","AMPLITUD","LTRENDIDX","M","2019-05",100.0439,
"OECD","BCI","AMPLITUD","LTRENDIDX","M","2019-06",99.86897,
"OECD","BCI","AMPLITUD","LTRENDIDX","M","2019-07",99.68111,
"OECD","BCI","AMPLITUD","LTRENDIDX","M","2019-08",99.53381,
"OECD","BCI","AMPLITUD","LTRENDIDX","M","2019-09",99.41378,
"OECD","BCI","AMPLITUD","LTRENDIDX","M","2019-10",99.39858,
"OECD","BCI","AMPLITUD","LTRENDIDX","M","2019-11",99.43257,
"OECD","BCI","AMPLITUD","LTRENDIDX","M","2019-12",99.46635,
"OECD","BCI","AMPLITUD","LTRENDIDX","M","2020-01",99.41768,
"OECD","BCI","AMPLITUD","LTRENDIDX","M","2020-02",99.01788,
"OECD","BCI","AMPLITUD","LTRENDIDX","M","2020-03",98.14057,
"OECD","BCI","AMPLITUD","LTRENDIDX","M","2020-04",97.15139,
"OECD","BCI","AMPLITUD","LTRENDIDX","M","2020-05",97.02789,
"OECD","BCI","AMPLITUD","LTRENDIDX","M","2020-06",97.6761,
"OECD","BCI","AMPLITUD","LTRENDIDX","M","2020-07",98.45301,
"OECD","BCI","AMPLITUD","LTRENDIDX","M","2020-08",99.05128,
"OECD","BCI","AMPLITUD","LTRENDIDX","M","2020-09",99.42638,
"OECD","BCI","AMPLITUD","LTRENDIDX","M","2020-10",99.68629,
"OECD","BCI","AMPLITUD","LTRENDIDX","M","2020-11",99.69025,
"BRA","BCI","AMPLITUD","LTRENDIDX","M","2018-12",99.90417,
"BRA","BCI","AMPLITUD","LTRENDIDX","M","2019-01",100.0437,
"BRA","BCI","AMPLITUD","LTRENDIDX","M","2019-02",100.1268,
"BRA","BCI","AMPLITUD","LTRENDIDX","M","2019-03",100.1141,
"BRA","BCI","AMPLITUD","LTRENDIDX","M","2019-04",100.0605,
"BRA","BCI","AMPLITUD","LTRENDIDX","M","2019-05",99.94408,
"BRA","BCI","AMPLITUD","LTRENDIDX","M","2019-06",99.82011,
"BRA","BCI","AMPLITUD","LTRENDIDX","M","2019-07",99.75382,
"BRA","BCI","AMPLITUD","LTRENDIDX","M","2019-08",99.76089,
"BRA","BCI","AMPLITUD","LTRENDIDX","M","2019-09",99.80699,
"BRA","BCI","AMPLITUD","LTRENDIDX","M","2019-10",99.9342,
"BRA","BCI","AMPLITUD","LTRENDIDX","M","2019-11",100.2149,
"BRA","BCI","AMPLITUD","LTRENDIDX","M","2019-12",100.5411,
"BRA","BCI","AMPLITUD","LTRENDIDX","M","2020-01",100.594,
"BRA","BCI","AMPLITUD","LTRENDIDX","M","2020-02",99.93517,
"BRA","BCI","AMPLITUD","LTRENDIDX","M","2020-03",98.20329,
"BRA","BCI","AMPLITUD","LTRENDIDX","M","2020-04",95.85693,
"BRA","BCI","AMPLITUD","LTRENDIDX","M","2020-05",95.25549,
"BRA","BCI","AMPLITUD","LTRENDIDX","M","2020-06",96.44925,
"BRA","BCI","AMPLITUD","LTRENDIDX","M","2020-07",98.31469,
"BRA","BCI","AMPLITUD","LTRENDIDX","M","2020-08",100.0633,
"BRA","BCI","AMPLITUD","LTRENDIDX","M","2020-09",101.4116,
"BRA","BCI","AMPLITUD","LTRENDIDX","M","2020-10",102.317,
"BRA","BCI","AMPLITUD","LTRENDIDX","M","2020-11",102.9646,
"NLD","BCI","AMPLITUD","LTRENDIDX","M","2018-12",101.228,
"NLD","BCI","AMPLITUD","LTRENDIDX","M","2019-01",101.1822,
"NLD","BCI","AMPLITUD","LTRENDIDX","M","2019-02",101.1564,
"NLD","BCI","AMPLITUD","LTRENDIDX","M","2019-03",101.1268,
"NLD","BCI","AMPLITUD","LTRENDIDX","M","2019-04",101.0688,
"NLD","BCI","AMPLITUD","LTRENDIDX","M","2019-05",100.9577,
"NLD","BCI","AMPLITUD","LTRENDIDX","M","2019-06",100.8554,
"NLD","BCI","AMPLITUD","LTRENDIDX","M","2019-07",100.8496,
"NLD","BCI","AMPLITUD","LTRENDIDX","M","2019-08",100.8685,
"NLD","BCI","AMPLITUD","LTRENDIDX","M","2019-09",100.8307,
"NLD","BCI","AMPLITUD","LTRENDIDX","M","2019-10",100.7836,
"NLD","BCI","AMPLITUD","LTRENDIDX","M","2019-11",100.7406,
"NLD","BCI","AMPLITUD","LTRENDIDX","M","2019-12",100.7282,
"NLD","BCI","AMPLITUD","LTRENDIDX","M","2020-01",100.6423,
"NLD","BCI","AMPLITUD","LTRENDIDX","M","2020-02",100.2602,
"NLD","BCI","AMPLITUD","LTRENDIDX","M","2020-03",99.32727,
"NLD","BCI","AMPLITUD","LTRENDIDX","M","2020-04",98.05341,
"NLD","BCI","AMPLITUD","LTRENDIDX","M","2020-05",97.61527,
"NLD","BCI","AMPLITUD","LTRENDIDX","M","2020-06",97.97,
"NLD","BCI","AMPLITUD","LTRENDIDX","M","2020-07",98.58045,
"NLD","BCI","AMPLITUD","LTRENDIDX","M","2020-08",99.05118,
"NLD","BCI","AMPLITUD","LTRENDIDX","M","2020-09",99.25022,
"NLD","BCI","AMPLITUD","LTRENDIDX","M","2020-10",99.29785,
"NLD","BCI","AMPLITUD","LTRENDIDX","M","2020-11",99.32444,
"DEU","BCI","AMPLITUD","LTRENDIDX","M","2018-12",101.6069,
"DEU","BCI","AMPLITUD","LTRENDIDX","M","2019-01",101.3781,
"DEU","BCI","AMPLITUD","LTRENDIDX","M","2019-02",101.1182,
"DEU","BCI","AMPLITUD","LTRENDIDX","M","2019-03",100.7962,
"DEU","BCI","AMPLITUD","LTRENDIDX","M","2019-04",100.4581,
"DEU","BCI","AMPLITUD","LTRENDIDX","M","2019-05",100.1592,
"DEU","BCI","AMPLITUD","LTRENDIDX","M","2019-06",99.82497,
"DEU","BCI","AMPLITUD","LTRENDIDX","M","2019-07",99.53693,
"DEU","BCI","AMPLITUD","LTRENDIDX","M","2019-08",99.35202,
"DEU","BCI","AMPLITUD","LTRENDIDX","M","2019-09",99.15071,
"DEU","BCI","AMPLITUD","LTRENDIDX","M","2019-10",99.04813,
"DEU","BCI","AMPLITUD","LTRENDIDX","M","2019-11",99.04247,
"DEU","BCI","AMPLITUD","LTRENDIDX","M","2019-12",99.13011,
"DEU","BCI","AMPLITUD","LTRENDIDX","M","2020-01",99.22337,
"DEU","BCI","AMPLITUD","LTRENDIDX","M","2020-02",99.02512,
"DEU","BCI","AMPLITUD","LTRENDIDX","M","2020-03",98.4005,
"DEU","BCI","AMPLITUD","LTRENDIDX","M","2020-04",97.66308,
"DEU","BCI","AMPLITUD","LTRENDIDX","M","2020-05",97.55869,
"DEU","BCI","AMPLITUD","LTRENDIDX","M","2020-06",97.97969,
"DEU","BCI","AMPLITUD","LTRENDIDX","M","2020-07",98.62233,
"DEU","BCI","AMPLITUD","LTRENDIDX","M","2020-08",99.24422,
"DEU","BCI","AMPLITUD","LTRENDIDX","M","2020-09",99.7254,
"DEU","BCI","AMPLITUD","LTRENDIDX","M","2020-10",100.0748,
"DEU","BCI","AMPLITUD","LTRENDIDX","M","2020-11",100.3007,
"EA19","BCI","AMPLITUD","LTRENDIDX","M","2018-12",101.5367,
"EA19","BCI","AMPLITUD","LTRENDIDX","M","2019-01",101.2421,
"EA19","BCI","AMPLITUD","LTRENDIDX","M","2019-02",100.9737,
"EA19","BCI","AMPLITUD","LTRENDIDX","M","2019-03",100.7092,
"EA19","BCI","AMPLITUD","LTRENDIDX","M","2019-04",100.4609,
"EA19","BCI","AMPLITUD","LTRENDIDX","M","2019-05",100.2888,
"EA19","BCI","AMPLITUD","LTRENDIDX","M","2019-06",100.0465,
"EA19","BCI","AMPLITUD","LTRENDIDX","M","2019-07",99.82391,
"EA19","BCI","AMPLITUD","LTRENDIDX","M","2019-08",99.66792,
"EA19","BCI","AMPLITUD","LTRENDIDX","M","2019-09",99.45697,
"EA19","BCI","AMPLITUD","LTRENDIDX","M","2019-10",99.34695,
"EA19","BCI","AMPLITUD","LTRENDIDX","M","2019-11",99.38318,
"EA19","BCI","AMPLITUD","LTRENDIDX","M","2019-12",99.49439,
"EA19","BCI","AMPLITUD","LTRENDIDX","M","2020-01",99.53385,
"EA19","BCI","AMPLITUD","LTRENDIDX","M","2020-02",99.09084,
"EA19","BCI","AMPLITUD","LTRENDIDX","M","2020-03",97.89567,
"EA19","BCI","AMPLITUD","LTRENDIDX","M","2020-04",96.41722,
"EA19","BCI","AMPLITUD","LTRENDIDX","M","2020-05",96.09198,
"EA19","BCI","AMPLITUD","LTRENDIDX","M","2020-06",96.68645,
"EA19","BCI","AMPLITUD","LTRENDIDX","M","2020-07",97.58865,
"EA19","BCI","AMPLITUD","LTRENDIDX","M","2020-08",98.3537,
"EA19","BCI","AMPLITUD","LTRENDIDX","M","2020-09",98.84511,
"EA19","BCI","AMPLITUD","LTRENDIDX","M","2020-10",99.12679,
"EA19","BCI","AMPLITUD","LTRENDIDX","M","2020-11",99.24215,
"CAN","BCI","AMPLITUD","LTRENDIDX","M","2018-12",99.7261,
"CAN","BCI","AMPLITUD","LTRENDIDX","M","2019-01",99.14085,
"CAN","BCI","AMPLITUD","LTRENDIDX","M","2019-02",98.90687,
"CAN","BCI","AMPLITUD","LTRENDIDX","M","2019-03",98.89655,
"CAN","BCI","AMPLITUD","LTRENDIDX","M","2019-04",98.94587,
"CAN","BCI","AMPLITUD","LTRENDIDX","M","2019-05",98.95779,
"CAN","BCI","AMPLITUD","LTRENDIDX","M","2019-06",98.94584,
"CAN","BCI","AMPLITUD","LTRENDIDX","M","2019-07",98.96026,
"CAN","BCI","AMPLITUD","LTRENDIDX","M","2019-08",99.03792,
"CAN","BCI","AMPLITUD","LTRENDIDX","M","2019-09",99.12595,
"CAN","BCI","AMPLITUD","LTRENDIDX","M","2019-10",99.12801,
"CAN","BCI","AMPLITUD","LTRENDIDX","M","2019-11",98.94032,
"CAN","BCI","AMPLITUD","LTRENDIDX","M","2019-12",98.5735,
"CAN","BCI","AMPLITUD","LTRENDIDX","M","2020-01",97.99932,
"CAN","BCI","AMPLITUD","LTRENDIDX","M","2020-02",97.17662,
"CAN","BCI","AMPLITUD","LTRENDIDX","M","2020-03",96.28452,
"CAN","BCI","AMPLITUD","LTRENDIDX","M","2020-04",95.55331,
"CAN","BCI","AMPLITUD","LTRENDIDX","M","2020-05",95.16463,
"CAN","BCI","AMPLITUD","LTRENDIDX","M","2020-06",94.99097,
"CAN","BCI","AMPLITUD","LTRENDIDX","M","2020-07",94.89121,
"ISR","BCI","AMPLITUD","LTRENDIDX","M","2018-12",101.635,
"ISR","BCI","AMPLITUD","LTRENDIDX","M","2019-01",101.718,
"ISR","BCI","AMPLITUD","LTRENDIDX","M","2019-02",101.8351,
"ISR","BCI","AMPLITUD","LTRENDIDX","M","2019-03",101.9216,
"ISR","BCI","AMPLITUD","LTRENDIDX","M","2019-04",102.0193,
"ISR","BCI","AMPLITUD","LTRENDIDX","M","2019-05",102.0005,
"ISR","BCI","AMPLITUD","LTRENDIDX","M","2019-06",101.914,
"ISR","BCI","AMPLITUD","LTRENDIDX","M","2019-07",101.786,
"ISR","BCI","AMPLITUD","LTRENDIDX","M","2019-08",101.6614,
"ISR","BCI","AMPLITUD","LTRENDIDX","M","2019-09",101.6596,
"ISR","BCI","AMPLITUD","LTRENDIDX","M","2019-10",101.7248,
"ISR","BCI","AMPLITUD","LTRENDIDX","M","2019-11",101.7759,
"ISR","BCI","AMPLITUD","LTRENDIDX","M","2019-12",101.9523,
"ISR","BCI","AMPLITUD","LTRENDIDX","M","2020-01",102.0925,
"ISR","BCI","AMPLITUD","LTRENDIDX","M","2020-02",101.6526,
"ISR","BCI","AMPLITUD","LTRENDIDX","M","2020-03",100.6896,
"ISR","BCI","AMPLITUD","LTRENDIDX","M","2020-04",99.95502,
"ISR","BCI","AMPLITUD","LTRENDIDX","M","2020-05",99.68759,
"ISR","BCI","AMPLITUD","LTRENDIDX","M","2020-06",99.77805,
"ISR","BCI","AMPLITUD","LTRENDIDX","M","2020-07",99.95183,
"ISR","BCI","AMPLITUD","LTRENDIDX","M","2020-08",100.1307,
"ISR","BCI","AMPLITUD","LTRENDIDX","M","2020-09",100.2588,
"ISR","BCI","AMPLITUD","LTRENDIDX","M","2020-10",100.4846,
"LVA","BCI","AMPLITUD","LTRENDIDX","M","2018-12",103.4811,
"LVA","BCI","AMPLITUD","LTRENDIDX","M","2019-01",103.3127,
"LVA","BCI","AMPLITUD","LTRENDIDX","M","2019-02",102.9714,
"LVA","BCI","AMPLITUD","LTRENDIDX","M","2019-03",102.5171,
"LVA","BCI","AMPLITUD","LTRENDIDX","M","2019-04",102.0996,
"LVA","BCI","AMPLITUD","LTRENDIDX","M","2019-05",101.9477,
"LVA","BCI","AMPLITUD","LTRENDIDX","M","2019-06",101.895,
"LVA","BCI","AMPLITUD","LTRENDIDX","M","2019-07",101.7639,
"LVA","BCI","AMPLITUD","LTRENDIDX","M","2019-08",101.6517,
"LVA","BCI","AMPLITUD","LTRENDIDX","M","2019-09",101.4797,
"LVA","BCI","AMPLITUD","LTRENDIDX","M","2019-10",101.4156,
"LVA","BCI","AMPLITUD","LTRENDIDX","M","2019-11",101.6577,
"LVA","BCI","AMPLITUD","LTRENDIDX","M","2019-12",102.1499,
"LVA","BCI","AMPLITUD","LTRENDIDX","M","2020-01",102.5337,
"LVA","BCI","AMPLITUD","LTRENDIDX","M","2020-02",102.0823,
"LVA","BCI","AMPLITUD","LTRENDIDX","M","2020-03",100.3254,
"LVA","BCI","AMPLITUD","LTRENDIDX","M","2020-04",98.04341,
"LVA","BCI","AMPLITUD","LTRENDIDX","M","2020-05",97.43416,
"LVA","BCI","AMPLITUD","LTRENDIDX","M","2020-06",98.07405,
"LVA","BCI","AMPLITUD","LTRENDIDX","M","2020-07",99.23344,
"LVA","BCI","AMPLITUD","LTRENDIDX","M","2020-08",100.1288,
"LVA","BCI","AMPLITUD","LTRENDIDX","M","2020-09",100.7409,
"LVA","BCI","AMPLITUD","LTRENDIDX","M","2020-10",100.7648,
"LVA","BCI","AMPLITUD","LTRENDIDX","M","2020-11",100.626,
"LTU","BCI","AMPLITUD","LTRENDIDX","M","2018-12",102.8328,
"LTU","BCI","AMPLITUD","LTRENDIDX","M","2019-01",102.6632,
"LTU","BCI","AMPLITUD","LTRENDIDX","M","2019-02",102.5648,
"LTU","BCI","AMPLITUD","LTRENDIDX","M","2019-03",102.4738,
"LTU","BCI","AMPLITUD","LTRENDIDX","M","2019-04",102.4391,
"LTU","BCI","AMPLITUD","LTRENDIDX","M","2019-05",102.3042,
"LTU","BCI","AMPLITUD","LTRENDIDX","M","2019-06",102.0148,
"LTU","BCI","AMPLITUD","LTRENDIDX","M","2019-07",101.9918,
"LTU","BCI","AMPLITUD","LTRENDIDX","M","2019-08",102.2965,
"LTU","BCI","AMPLITUD","LTRENDIDX","M","2019-09",102.414,
"LTU","BCI","AMPLITUD","LTRENDIDX","M","2019-10",102.3811,
"LTU","BCI","AMPLITUD","LTRENDIDX","M","2019-11",102.3617,
"LTU","BCI","AMPLITUD","LTRENDIDX","M","2019-12",102.6118,
"LTU","BCI","AMPLITUD","LTRENDIDX","M","2020-01",102.8165,
"LTU","BCI","AMPLITUD","LTRENDIDX","M","2020-02",102.2154,
"LTU","BCI","AMPLITUD","LTRENDIDX","M","2020-03",100.4545,
"LTU","BCI","AMPLITUD","LTRENDIDX","M","2020-04",98.52858,
"LTU","BCI","AMPLITUD","LTRENDIDX","M","2020-05",98.22327,
"LTU","BCI","AMPLITUD","LTRENDIDX","M","2020-06",98.75624,
"LTU","BCI","AMPLITUD","LTRENDIDX","M","2020-07",99.36689,
"LTU","BCI","AMPLITUD","LTRENDIDX","M","2020-08",99.80629,
"LTU","BCI","AMPLITUD","LTRENDIDX","M","2020-09",100.238,
"LTU","BCI","AMPLITUD","LTRENDIDX","M","2020-10",100.6621,
"LTU","BCI","AMPLITUD","LTRENDIDX","M","2020-11",100.8249,
"COL","BCI","AMPLITUD","LTRENDIDX","M","2018-12",100.1724,
"COL","BCI","AMPLITUD","LTRENDIDX","M","2019-01",100.2579,
"COL","BCI","AMPLITUD","LTRENDIDX","M","2019-02",100.354,
"COL","BCI","AMPLITUD","LTRENDIDX","M","2019-03",100.4944,
"COL","BCI","AMPLITUD","LTRENDIDX","M","2019-04",100.6673,
"COL","BCI","AMPLITUD","LTRENDIDX","M","2019-05",100.8114,
"COL","BCI","AMPLITUD","LTRENDIDX","M","2019-06",100.8499,
"COL","BCI","AMPLITUD","LTRENDIDX","M","2019-07",100.8434,
"COL","BCI","AMPLITUD","LTRENDIDX","M","2019-08",100.8484,
"COL","BCI","AMPLITUD","LTRENDIDX","M","2019-09",100.9003,
"COL","BCI","AMPLITUD","LTRENDIDX","M","2019-10",100.9374,
"COL","BCI","AMPLITUD","LTRENDIDX","M","2019-11",100.9866,
"COL","BCI","AMPLITUD","LTRENDIDX","M","2019-12",100.9659,
"COL","BCI","AMPLITUD","LTRENDIDX","M","2020-01",100.5647,
"COL","BCI","AMPLITUD","LTRENDIDX","M","2020-02",99.49909,
"COL","BCI","AMPLITUD","LTRENDIDX","M","2020-03",97.89577,
"COL","BCI","AMPLITUD","LTRENDIDX","M","2020-04",97.20068,
"COL","BCI","AMPLITUD","LTRENDIDX","M","2020-05",97.47941,
"COL","BCI","AMPLITUD","LTRENDIDX","M","2020-06",98.08974,
"COL","BCI","AMPLITUD","LTRENDIDX","M","2020-07",98.92453,
"COL","BCI","AMPLITUD","LTRENDIDX","M","2020-08",99.65385,
"COL","BCI","AMPLITUD","LTRENDIDX","M","2020-09",100.0643,
"COL","BCI","AMPLITUD","LTRENDIDX","M","2020-10",100.2306,
