﻿"LOCATION","INDICATOR","SUBJECT","MEASURE","FREQUENCY","TIME","Value","Flag Codes"
"AUS","FINDISINWKHR","67PC_AVEWAGE","PC_EARN","A","2016",50,
"AUS","FINDISINWKHR","67PC_AVEWAGE","PC_EARN","A","2017",42,
"AUS","FINDISINWKHR","67PC_AVEWAGE","PC_EARN","A","2018",42,
"AUS","FINDISINWKHR","67PC_AVEWAGE","PC_EARN","A","2019",41,
"AUS","FINDISINWKHR","AVEWAGE","PC_EARN","A","2016",47,
"AUS","FINDISINWKHR","AVEWAGE","PC_EARN","A","2017",40,
"AUS","FINDISINWKHR","AVEWAGE","PC_EARN","A","2018",38,
"AUS","FINDISINWKHR","AVEWAGE","PC_EARN","A","2019",36,
"AUS","FINDISINWKHR","MINWAGE","PC_EARN","A","2016",45,
"AUS","FINDISINWKHR","MINWAGE","PC_EARN","A","2017",52,
"AUS","FINDISINWKHR","MINWAGE","PC_EARN","A","2018",50,
"AUS","FINDISINWKHR","MINWAGE","PC_EARN","A","2019",50,
"AUT","FINDISINWKHR","67PC_AVEWAGE","PC_EARN","A","2016",40,
"AUT","FINDISINWKHR","67PC_AVEWAGE","PC_EARN","A","2017",41,
"AUT","FINDISINWKHR","67PC_AVEWAGE","PC_EARN","A","2018",41,
"AUT","FINDISINWKHR","67PC_AVEWAGE","PC_EARN","A","2019",24,
"AUT","FINDISINWKHR","AVEWAGE","PC_EARN","A","2016",42,
"AUT","FINDISINWKHR","AVEWAGE","PC_EARN","A","2017",42,
"AUT","FINDISINWKHR","AVEWAGE","PC_EARN","A","2018",43,
"AUT","FINDISINWKHR","AVEWAGE","PC_EARN","A","2019",37,
"BEL","FINDISINWKHR","67PC_AVEWAGE","PC_EARN","A","2016",60,
"BEL","FINDISINWKHR","67PC_AVEWAGE","PC_EARN","A","2017",60,
"BEL","FINDISINWKHR","67PC_AVEWAGE","PC_EARN","A","2018",61,
"BEL","FINDISINWKHR","67PC_AVEWAGE","PC_EARN","A","2019",62,
"BEL","FINDISINWKHR","AVEWAGE","PC_EARN","A","2016",62,
"BEL","FINDISINWKHR","AVEWAGE","PC_EARN","A","2017",62,
"BEL","FINDISINWKHR","AVEWAGE","PC_EARN","A","2018",61,
"BEL","FINDISINWKHR","AVEWAGE","PC_EARN","A","2019",61,
"BEL","FINDISINWKHR","MINWAGE","PC_EARN","A","2016",36,
"BEL","FINDISINWKHR","MINWAGE","PC_EARN","A","2017",35,
"BEL","FINDISINWKHR","MINWAGE","PC_EARN","A","2018",29,
"BEL","FINDISINWKHR","MINWAGE","PC_EARN","A","2019",29,
"CAN","FINDISINWKHR","67PC_AVEWAGE","PC_EARN","A","2016",44,
"CAN","FINDISINWKHR","67PC_AVEWAGE","PC_EARN","A","2017",43,
"CAN","FINDISINWKHR","67PC_AVEWAGE","PC_EARN","A","2018",40,
"CAN","FINDISINWKHR","67PC_AVEWAGE","PC_EARN","A","2019",41,
"CAN","FINDISINWKHR","AVEWAGE","PC_EARN","A","2016",41,
"CAN","FINDISINWKHR","AVEWAGE","PC_EARN","A","2017",40,
"CAN","FINDISINWKHR","AVEWAGE","PC_EARN","A","2018",40,
"CAN","FINDISINWKHR","AVEWAGE","PC_EARN","A","2019",42,
"CAN","FINDISINWKHR","MINWAGE","PC_EARN","A","2016",52,
"CAN","FINDISINWKHR","MINWAGE","PC_EARN","A","2017",52,
"CAN","FINDISINWKHR","MINWAGE","PC_EARN","A","2018",49,
"CAN","FINDISINWKHR","MINWAGE","PC_EARN","A","2019",46,
"CZE","FINDISINWKHR","67PC_AVEWAGE","PC_EARN","A","2016",29,
"CZE","FINDISINWKHR","67PC_AVEWAGE","PC_EARN","A","2017",42,
"CZE","FINDISINWKHR","67PC_AVEWAGE","PC_EARN","A","2018",31,
"CZE","FINDISINWKHR","67PC_AVEWAGE","PC_EARN","A","2019",31,
"CZE","FINDISINWKHR","AVEWAGE","PC_EARN","A","2016",31,
"CZE","FINDISINWKHR","AVEWAGE","PC_EARN","A","2017",39,
"CZE","FINDISINWKHR","AVEWAGE","PC_EARN","A","2018",31,
"CZE","FINDISINWKHR","AVEWAGE","PC_EARN","A","2019",31,
"CZE","FINDISINWKHR","MINWAGE","PC_EARN","A","2016",45,
"CZE","FINDISINWKHR","MINWAGE","PC_EARN","A","2017",49,
"CZE","FINDISINWKHR","MINWAGE","PC_EARN","A","2018",45,
"CZE","FINDISINWKHR","MINWAGE","PC_EARN","A","2019",20,
"DNK","FINDISINWKHR","67PC_AVEWAGE","PC_EARN","A","2016",63,
"DNK","FINDISINWKHR","67PC_AVEWAGE","PC_EARN","A","2017",64,
"DNK","FINDISINWKHR","67PC_AVEWAGE","PC_EARN","A","2018",62,
"DNK","FINDISINWKHR","67PC_AVEWAGE","PC_EARN","A","2019",59,
"DNK","FINDISINWKHR","AVEWAGE","PC_EARN","A","2016",41,
"DNK","FINDISINWKHR","AVEWAGE","PC_EARN","A","2017",41,
"DNK","FINDISINWKHR","AVEWAGE","PC_EARN","A","2018",41,
"DNK","FINDISINWKHR","AVEWAGE","PC_EARN","A","2019",40,
"FIN","FINDISINWKHR","67PC_AVEWAGE","PC_EARN","A","2016",37,
"FIN","FINDISINWKHR","67PC_AVEWAGE","PC_EARN","A","2017",35,
"FIN","FINDISINWKHR","67PC_AVEWAGE","PC_EARN","A","2018",36,
"FIN","FINDISINWKHR","67PC_AVEWAGE","PC_EARN","A","2019",35,
"FIN","FINDISINWKHR","AVEWAGE","PC_EARN","A","2016",43,
"FIN","FINDISINWKHR","AVEWAGE","PC_EARN","A","2017",43,
"FIN","FINDISINWKHR","AVEWAGE","PC_EARN","A","2018",43,
"FIN","FINDISINWKHR","AVEWAGE","PC_EARN","A","2019",43,
"FRA","FINDISINWKHR","67PC_AVEWAGE","PC_EARN","A","2016",43,
"FRA","FINDISINWKHR","67PC_AVEWAGE","PC_EARN","A","2017",42,
"FRA","FINDISINWKHR","67PC_AVEWAGE","PC_EARN","A","2018",40,
"FRA","FINDISINWKHR","67PC_AVEWAGE","PC_EARN","A","2019",42,
"FRA","FINDISINWKHR","AVEWAGE","PC_EARN","A","2016",36,
"FRA","FINDISINWKHR","AVEWAGE","PC_EARN","A","2017",36,
"FRA","FINDISINWKHR","AVEWAGE","PC_EARN","A","2018",35,
"FRA","FINDISINWKHR","AVEWAGE","PC_EARN","A","2019",47,
"FRA","FINDISINWKHR","MINWAGE","PC_EARN","A","2016",47,
"FRA","FINDISINWKHR","MINWAGE","PC_EARN","A","2017",47,
"FRA","FINDISINWKHR","MINWAGE","PC_EARN","A","2018",47,
"FRA","FINDISINWKHR","MINWAGE","PC_EARN","A","2019",34,
"DEU","FINDISINWKHR","67PC_AVEWAGE","PC_EARN","A","2016",46,
"DEU","FINDISINWKHR","67PC_AVEWAGE","PC_EARN","A","2017",46,
"DEU","FINDISINWKHR","67PC_AVEWAGE","PC_EARN","A","2018",46,
"DEU","FINDISINWKHR","67PC_AVEWAGE","PC_EARN","A","2019",45,
"DEU","FINDISINWKHR","AVEWAGE","PC_EARN","A","2016",47,
"DEU","FINDISINWKHR","AVEWAGE","PC_EARN","A","2017",47,
"DEU","FINDISINWKHR","AVEWAGE","PC_EARN","A","2018",47,
"DEU","FINDISINWKHR","AVEWAGE","PC_EARN","A","2019",46,
"DEU","FINDISINWKHR","MINWAGE","PC_EARN","A","2016",44,
"DEU","FINDISINWKHR","MINWAGE","PC_EARN","A","2017",44,
"DEU","FINDISINWKHR","MINWAGE","PC_EARN","A","2018",43,
"DEU","FINDISINWKHR","MINWAGE","PC_EARN","A","2019",43,
"GRC","FINDISINWKHR","67PC_AVEWAGE","PC_EARN","A","2016",29,
"GRC","FINDISINWKHR","67PC_AVEWAGE","PC_EARN","A","2017",29,
"GRC","FINDISINWKHR","67PC_AVEWAGE","PC_EARN","A","2018",30,
"GRC","FINDISINWKHR","67PC_AVEWAGE","PC_EARN","A","2019",30,
"GRC","FINDISINWKHR","AVEWAGE","PC_EARN","A","2016",35,
"GRC","FINDISINWKHR","AVEWAGE","PC_EARN","A","2017",35,
"GRC","FINDISINWKHR","AVEWAGE","PC_EARN","A","2018",35,
"GRC","FINDISINWKHR","AVEWAGE","PC_EARN","A","2019",42,
"GRC","FINDISINWKHR","MINWAGE","PC_EARN","A","2016",16,
"GRC","FINDISINWKHR","MINWAGE","PC_EARN","A","2017",16,
"GRC","FINDISINWKHR","MINWAGE","PC_EARN","A","2018",16,
"GRC","FINDISINWKHR","MINWAGE","PC_EARN","A","2019",16,
"HUN","FINDISINWKHR","67PC_AVEWAGE","PC_EARN","A","2016",34,
"HUN","FINDISINWKHR","67PC_AVEWAGE","PC_EARN","A","2017",34,
"HUN","FINDISINWKHR","67PC_AVEWAGE","PC_EARN","A","2018",34,
"HUN","FINDISINWKHR","67PC_AVEWAGE","PC_EARN","A","2019",34,
"HUN","FINDISINWKHR","AVEWAGE","PC_EARN","A","2016",34,
"HUN","FINDISINWKHR","AVEWAGE","PC_EARN","A","2017",34,
"HUN","FINDISINWKHR","AVEWAGE","PC_EARN","A","2018",34,
"HUN","FINDISINWKHR","AVEWAGE","PC_EARN","A","2019",34,
"HUN","FINDISINWKHR","MINWAGE","PC_EARN","A","2016",34,
"HUN","FINDISINWKHR","MINWAGE","PC_EARN","A","2017",34,
"HUN","FINDISINWKHR","MINWAGE","PC_EARN","A","2018",34,
"HUN","FINDISINWKHR","MINWAGE","PC_EARN","A","2019",34,
"ISL","FINDISINWKHR","67PC_AVEWAGE","PC_EARN","A","2016",46,
"ISL","FINDISINWKHR","67PC_AVEWAGE","PC_EARN","A","2017",45,
"ISL","FINDISINWKHR","67PC_AVEWAGE","PC_EARN","A","2018",45,
"ISL","FINDISINWKHR","67PC_AVEWAGE","PC_EARN","A","2019",49,
"ISL","FINDISINWKHR","AVEWAGE","PC_EARN","A","2016",45,
"ISL","FINDISINWKHR","AVEWAGE","PC_EARN","A","2017",44,
"ISL","FINDISINWKHR","AVEWAGE","PC_EARN","A","2018",44,
"ISL","FINDISINWKHR","AVEWAGE","PC_EARN","A","2019",46,
"IRL","FINDISINWKHR","67PC_AVEWAGE","PC_EARN","A","2016",33,
"IRL","FINDISINWKHR","67PC_AVEWAGE","PC_EARN","A","2017",32,
"IRL","FINDISINWKHR","67PC_AVEWAGE","PC_EARN","A","2018",32,
"IRL","FINDISINWKHR","67PC_AVEWAGE","PC_EARN","A","2019",32,
"IRL","FINDISINWKHR","AVEWAGE","PC_EARN","A","2016",36,
"IRL","FINDISINWKHR","AVEWAGE","PC_EARN","A","2017",36,
"IRL","FINDISINWKHR","AVEWAGE","PC_EARN","A","2018",37,
"IRL","FINDISINWKHR","AVEWAGE","PC_EARN","A","2019",37,
"IRL","FINDISINWKHR","MINWAGE","PC_EARN","A","2016",26,
"IRL","FINDISINWKHR","MINWAGE","PC_EARN","A","2017",26,
"IRL","FINDISINWKHR","MINWAGE","PC_EARN","A","2018",27,
"IRL","FINDISINWKHR","MINWAGE","PC_EARN","A","2019",28,
"ITA","FINDISINWKHR","67PC_AVEWAGE","PC_EARN","A","2016",47,
"ITA","FINDISINWKHR","67PC_AVEWAGE","PC_EARN","A","2017",47,
"ITA","FINDISINWKHR","67PC_AVEWAGE","PC_EARN","A","2018",46,
"ITA","FINDISINWKHR","67PC_AVEWAGE","PC_EARN","A","2019",46,
"ITA","FINDISINWKHR","AVEWAGE","PC_EARN","A","2016",50,
"ITA","FINDISINWKHR","AVEWAGE","PC_EARN","A","2017",50,
"ITA","FINDISINWKHR","AVEWAGE","PC_EARN","A","2018",50,
"ITA","FINDISINWKHR","AVEWAGE","PC_EARN","A","2019",50,
"JPN","FINDISINWKHR","67PC_AVEWAGE","PC_EARN","A","2016",23,
"JPN","FINDISINWKHR","67PC_AVEWAGE","PC_EARN","A","2017",23,
"JPN","FINDISINWKHR","67PC_AVEWAGE","PC_EARN","A","2018",24,
"JPN","FINDISINWKHR","67PC_AVEWAGE","PC_EARN","A","2019",25,
"JPN","FINDISINWKHR","AVEWAGE","PC_EARN","A","2016",25,
"JPN","FINDISINWKHR","AVEWAGE","PC_EARN","A","2017",25,
"JPN","FINDISINWKHR","AVEWAGE","PC_EARN","A","2018",25,
"JPN","FINDISINWKHR","AVEWAGE","PC_EARN","A","2019",25,
"JPN","FINDISINWKHR","MINWAGE","PC_EARN","A","2016",43,
"JPN","FINDISINWKHR","MINWAGE","PC_EARN","A","2017",43,
"JPN","FINDISINWKHR","MINWAGE","PC_EARN","A","2018",41,
"JPN","FINDISINWKHR","MINWAGE","PC_EARN","A","2019",40,
"KOR","FINDISINWKHR","67PC_AVEWAGE","PC_EARN","A","2016",13,
"KOR","FINDISINWKHR","67PC_AVEWAGE","PC_EARN","A","2017",13,
"KOR","FINDISINWKHR","67PC_AVEWAGE","PC_EARN","A","2018",14,
"KOR","FINDISINWKHR","67PC_AVEWAGE","PC_EARN","A","2019",15,
"KOR","FINDISINWKHR","AVEWAGE","PC_EARN","A","2016",19,
"KOR","FINDISINWKHR","AVEWAGE","PC_EARN","A","2017",20,
"KOR","FINDISINWKHR","AVEWAGE","PC_EARN","A","2018",21,
"KOR","FINDISINWKHR","AVEWAGE","PC_EARN","A","2019",21,
"KOR","FINDISINWKHR","MINWAGE","PC_EARN","A","2016",17,
"KOR","FINDISINWKHR","MINWAGE","PC_EARN","A","2017",17,
"KOR","FINDISINWKHR","MINWAGE","PC_EARN","A","2018",9,
"KOR","FINDISINWKHR","MINWAGE","PC_EARN","A","2019",10,
"LUX","FINDISINWKHR","67PC_AVEWAGE","PC_EARN","A","2016",34,
"LUX","FINDISINWKHR","67PC_AVEWAGE","PC_EARN","A","2017",31,
"LUX","FINDISINWKHR","67PC_AVEWAGE","PC_EARN","A","2018",32,
"LUX","FINDISINWKHR","67PC_AVEWAGE","PC_EARN","A","2019",33,
"LUX","FINDISINWKHR","AVEWAGE","PC_EARN","A","2016",41,
"LUX","FINDISINWKHR","AVEWAGE","PC_EARN","A","2017",38,
"LUX","FINDISINWKHR","AVEWAGE","PC_EARN","A","2018",39,
"LUX","FINDISINWKHR","AVEWAGE","PC_EARN","A","2019",40,
"LUX","FINDISINWKHR","MINWAGE","PC_EARN","A","2016",29,
"LUX","FINDISINWKHR","MINWAGE","PC_EARN","A","2017",26,
"LUX","FINDISINWKHR","MINWAGE","PC_EARN","A","2018",33,
"LUX","FINDISINWKHR","MINWAGE","PC_EARN","A","2019",34,
"NLD","FINDISINWKHR","67PC_AVEWAGE","PC_EARN","A","2016",30,
"NLD","FINDISINWKHR","67PC_AVEWAGE","PC_EARN","A","2017",31,
"NLD","FINDISINWKHR","67PC_AVEWAGE","PC_EARN","A","2018",31,
"NLD","FINDISINWKHR","67PC_AVEWAGE","PC_EARN","A","2019",25,
"NLD","FINDISINWKHR","AVEWAGE","PC_EARN","A","2016",47,
"NLD","FINDISINWKHR","AVEWAGE","PC_EARN","A","2017",47,
"NLD","FINDISINWKHR","AVEWAGE","PC_EARN","A","2018",47,
"NLD","FINDISINWKHR","AVEWAGE","PC_EARN","A","2019",47,
"NLD","FINDISINWKHR","MINWAGE","PC_EARN","A","2016",4,
"NLD","FINDISINWKHR","MINWAGE","PC_EARN","A","2017",6,
"NLD","FINDISINWKHR","MINWAGE","PC_EARN","A","2018",6,
"NLD","FINDISINWKHR","MINWAGE","PC_EARN","A","2019",-5,
"NZL","FINDISINWKHR","67PC_AVEWAGE","PC_EARN","A","2016",41,
"NZL","FINDISINWKHR","67PC_AVEWAGE","PC_EARN","A","2017",41,
"NZL","FINDISINWKHR","67PC_AVEWAGE","PC_EARN","A","2018",41,
"NZL","FINDISINWKHR","67PC_AVEWAGE","PC_EARN","A","2019",44,
"NZL","FINDISINWKHR","AVEWAGE","PC_EARN","A","2016",40,
"NZL","FINDISINWKHR","AVEWAGE","PC_EARN","A","2017",39,
"NZL","FINDISINWKHR","AVEWAGE","PC_EARN","A","2018",38,
"NZL","FINDISINWKHR","AVEWAGE","PC_EARN","A","2019",47,
"NZL","FINDISINWKHR","MINWAGE","PC_EARN","A","2016",41,
"NZL","FINDISINWKHR","MINWAGE","PC_EARN","A","2017",41,
"NZL","FINDISINWKHR","MINWAGE","PC_EARN","A","2018",41,
"NZL","FINDISINWKHR","MINWAGE","PC_EARN","A","2019",44,
"NOR","FINDISINWKHR","67PC_AVEWAGE","PC_EARN","A","2016",33,
"NOR","FINDISINWKHR","67PC_AVEWAGE","PC_EARN","A","2017",33,
"NOR","FINDISINWKHR","67PC_AVEWAGE","PC_EARN","A","2018",33,
"NOR","FINDISINWKHR","67PC_AVEWAGE","PC_EARN","A","2019",33,
"NOR","FINDISINWKHR","AVEWAGE","PC_EARN","A","2016",35,
"NOR","FINDISINWKHR","AVEWAGE","PC_EARN","A","2017",35,
"NOR","FINDISINWKHR","AVEWAGE","PC_EARN","A","2018",35,
"NOR","FINDISINWKHR","AVEWAGE","PC_EARN","A","2019",34,
"POL","FINDISINWKHR","67PC_AVEWAGE","PC_EARN","A","2016",68,
"POL","FINDISINWKHR","67PC_AVEWAGE","PC_EARN","A","2017",30,
"POL","FINDISINWKHR","67PC_AVEWAGE","PC_EARN","A","2018",30,
"POL","FINDISINWKHR","67PC_AVEWAGE","PC_EARN","A","2019",30,
"POL","FINDISINWKHR","AVEWAGE","PC_EARN","A","2016",30,
"POL","FINDISINWKHR","AVEWAGE","PC_EARN","A","2017",30,
"POL","FINDISINWKHR","AVEWAGE","PC_EARN","A","2018",30,
"POL","FINDISINWKHR","AVEWAGE","PC_EARN","A","2019",30,
"POL","FINDISINWKHR","MINWAGE","PC_EARN","A","2016",93,
"POL","FINDISINWKHR","MINWAGE","PC_EARN","A","2017",80,
"POL","FINDISINWKHR","MINWAGE","PC_EARN","A","2018",78,
"POL","FINDISINWKHR","MINWAGE","PC_EARN","A","2019",30,
"PRT","FINDISINWKHR","67PC_AVEWAGE","PC_EARN","A","2016",29,
"PRT","FINDISINWKHR","67PC_AVEWAGE","PC_EARN","A","2017",29,
"PRT","FINDISINWKHR","67PC_AVEWAGE","PC_EARN","A","2018",29,
"PRT","FINDISINWKHR","67PC_AVEWAGE","PC_EARN","A","2019",29,
"PRT","FINDISINWKHR","AVEWAGE","PC_EARN","A","2016",44,
"PRT","FINDISINWKHR","AVEWAGE","PC_EARN","A","2017",45,
"PRT","FINDISINWKHR","AVEWAGE","PC_EARN","A","2018",41,
"PRT","FINDISINWKHR","AVEWAGE","PC_EARN","A","2019",42,
"PRT","FINDISINWKHR","MINWAGE","PC_EARN","A","2016",23,
"PRT","FINDISINWKHR","MINWAGE","PC_EARN","A","2017",25,
"PRT","FINDISINWKHR","MINWAGE","PC_EARN","A","2018",27,
"PRT","FINDISINWKHR","MINWAGE","PC_EARN","A","2019",27,
"SVK","FINDISINWKHR","67PC_AVEWAGE","PC_EARN","A","2016",33,
"SVK","FINDISINWKHR","67PC_AVEWAGE","PC_EARN","A","2017",33,
"SVK","FINDISINWKHR","67PC_AVEWAGE","PC_EARN","A","2018",33,
"SVK","FINDISINWKHR","67PC_AVEWAGE","PC_EARN","A","2019",32,
"SVK","FINDISINWKHR","AVEWAGE","PC_EARN","A","2016",31,
"SVK","FINDISINWKHR","AVEWAGE","PC_EARN","A","2017",31,
"SVK","FINDISINWKHR","AVEWAGE","PC_EARN","A","2018",30,
"SVK","FINDISINWKHR","AVEWAGE","PC_EARN","A","2019",29,
"SVK","FINDISINWKHR","MINWAGE","PC_EARN","A","2016",28,
"SVK","FINDISINWKHR","MINWAGE","PC_EARN","A","2017",29,
"SVK","FINDISINWKHR","MINWAGE","PC_EARN","A","2018",31,
"SVK","FINDISINWKHR","MINWAGE","PC_EARN","A","2019",31,
"ESP","FINDISINWKHR","67PC_AVEWAGE","PC_EARN","A","2016",21,
"ESP","FINDISINWKHR","67PC_AVEWAGE","PC_EARN","A","2017",21,
"ESP","FINDISINWKHR","67PC_AVEWAGE","PC_EARN","A","2018",22,
"ESP","FINDISINWKHR","67PC_AVEWAGE","PC_EARN","A","2019",22,
"ESP","FINDISINWKHR","AVEWAGE","PC_EARN","A","2016",32,
"ESP","FINDISINWKHR","AVEWAGE","PC_EARN","A","2017",32,
"ESP","FINDISINWKHR","AVEWAGE","PC_EARN","A","2018",32,
"ESP","FINDISINWKHR","AVEWAGE","PC_EARN","A","2019",33,
"ESP","FINDISINWKHR","MINWAGE","PC_EARN","A","2016",12,
"ESP","FINDISINWKHR","MINWAGE","PC_EARN","A","2017",10,
"ESP","FINDISINWKHR","MINWAGE","PC_EARN","A","2018",9,
"ESP","FINDISINWKHR","MINWAGE","PC_EARN","A","2019",6,
"SWE","FINDISINWKHR","67PC_AVEWAGE","PC_EARN","A","2016",29,
"SWE","FINDISINWKHR","67PC_AVEWAGE","PC_EARN","A","2017",29,
"SWE","FINDISINWKHR","67PC_AVEWAGE","PC_EARN","A","2018",29,
"SWE","FINDISINWKHR","67PC_AVEWAGE","PC_EARN","A","2019",28,
"SWE","FINDISINWKHR","AVEWAGE","PC_EARN","A","2016",30,
"SWE","FINDISINWKHR","AVEWAGE","PC_EARN","A","2017",30,
"SWE","FINDISINWKHR","AVEWAGE","PC_EARN","A","2018",30,
"SWE","FINDISINWKHR","AVEWAGE","PC_EARN","A","2019",30,
"CHE","FINDISINWKHR","67PC_AVEWAGE","PC_EARN","A","2016",38,
"CHE","FINDISINWKHR","67PC_AVEWAGE","PC_EARN","A","2017",36,
"CHE","FINDISINWKHR","67PC_AVEWAGE","PC_EARN","A","2018",37,
"CHE","FINDISINWKHR","67PC_AVEWAGE","PC_EARN","A","2019",38,
"CHE","FINDISINWKHR","AVEWAGE","PC_EARN","A","2016",35,
"CHE","FINDISINWKHR","AVEWAGE","PC_EARN","A","2017",32,
"CHE","FINDISINWKHR","AVEWAGE","PC_EARN","A","2018",32,
"CHE","FINDISINWKHR","AVEWAGE","PC_EARN","A","2019",32,
"TUR","FINDISINWKHR","67PC_AVEWAGE","PC_EARN","A","2016",32,
"TUR","FINDISINWKHR","67PC_AVEWAGE","PC_EARN","A","2017",32,
"TUR","FINDISINWKHR","67PC_AVEWAGE","PC_EARN","A","2018",33,
"TUR","FINDISINWKHR","67PC_AVEWAGE","PC_EARN","A","2019",33,
"TUR","FINDISINWKHR","AVEWAGE","PC_EARN","A","2016",33,
"TUR","FINDISINWKHR","AVEWAGE","PC_EARN","A","2017",35,
"TUR","FINDISINWKHR","AVEWAGE","PC_EARN","A","2018",35,
"TUR","FINDISINWKHR","AVEWAGE","PC_EARN","A","2019",36,
"TUR","FINDISINWKHR","MINWAGE","PC_EARN","A","2016",28,
"TUR","FINDISINWKHR","MINWAGE","PC_EARN","A","2017",29,
"TUR","FINDISINWKHR","MINWAGE","PC_EARN","A","2018",29,
"TUR","FINDISINWKHR","MINWAGE","PC_EARN","A","2019",29,
"GBR","FINDISINWKHR","67PC_AVEWAGE","PC_EARN","A","2016",32,
"GBR","FINDISINWKHR","67PC_AVEWAGE","PC_EARN","A","2017",32,
"GBR","FINDISINWKHR","67PC_AVEWAGE","PC_EARN","A","2018",32,
"GBR","FINDISINWKHR","67PC_AVEWAGE","PC_EARN","A","2019",32,
"GBR","FINDISINWKHR","AVEWAGE","PC_EARN","A","2016",32,
"GBR","FINDISINWKHR","AVEWAGE","PC_EARN","A","2017",32,
"GBR","FINDISINWKHR","AVEWAGE","PC_EARN","A","2018",32,
"GBR","FINDISINWKHR","AVEWAGE","PC_EARN","A","2019",32,
"GBR","FINDISINWKHR","MINWAGE","PC_EARN","A","2016",28,
"GBR","FINDISINWKHR","MINWAGE","PC_EARN","A","2017",25,
"GBR","FINDISINWKHR","MINWAGE","PC_EARN","A","2018",25,
"GBR","FINDISINWKHR","MINWAGE","PC_EARN","A","2019",26,
"USA","FINDISINWKHR","67PC_AVEWAGE","PC_EARN","A","2016",29,
"USA","FINDISINWKHR","67PC_AVEWAGE","PC_EARN","A","2017",29,
"USA","FINDISINWKHR","67PC_AVEWAGE","PC_EARN","A","2018",26,
"USA","FINDISINWKHR","67PC_AVEWAGE","PC_EARN","A","2019",26,
"USA","FINDISINWKHR","AVEWAGE","PC_EARN","A","2016",29,
"USA","FINDISINWKHR","AVEWAGE","PC_EARN","A","2017",29,
"USA","FINDISINWKHR","AVEWAGE","PC_EARN","A","2018",26,
"USA","FINDISINWKHR","AVEWAGE","PC_EARN","A","2019",26,
"USA","FINDISINWKHR","MINWAGE","PC_EARN","A","2016",48,
"USA","FINDISINWKHR","MINWAGE","PC_EARN","A","2017",48,
"USA","FINDISINWKHR","MINWAGE","PC_EARN","A","2018",47,
"USA","FINDISINWKHR","MINWAGE","PC_EARN","A","2019",47,
"BGR","FINDISINWKHR","67PC_AVEWAGE","PC_EARN","A","2016",21,
"BGR","FINDISINWKHR","67PC_AVEWAGE","PC_EARN","A","2017",21,
"BGR","FINDISINWKHR","67PC_AVEWAGE","PC_EARN","A","2018",22,
"BGR","FINDISINWKHR","67PC_AVEWAGE","PC_EARN","A","2019",26,
"BGR","FINDISINWKHR","AVEWAGE","PC_EARN","A","2016",39,
"BGR","FINDISINWKHR","AVEWAGE","PC_EARN","A","2017",38,
"BGR","FINDISINWKHR","AVEWAGE","PC_EARN","A","2018",26,
"BGR","FINDISINWKHR","AVEWAGE","PC_EARN","A","2019",36,
"BGR","FINDISINWKHR","MINWAGE","PC_EARN","A","2016",22,
"BGR","FINDISINWKHR","MINWAGE","PC_EARN","A","2017",22,
"BGR","FINDISINWKHR","MINWAGE","PC_EARN","A","2018",22,
"BGR","FINDISINWKHR","MINWAGE","PC_EARN","A","2019",22,
"HRV","FINDISINWKHR","67PC_AVEWAGE","PC_EARN","A","2016",36,
"HRV","FINDISINWKHR","67PC_AVEWAGE","PC_EARN","A","2017",35,
"HRV","FINDISINWKHR","67PC_AVEWAGE","PC_EARN","A","2018",35,
"HRV","FINDISINWKHR","67PC_AVEWAGE","PC_EARN","A","2019",20,
"HRV","FINDISINWKHR","AVEWAGE","PC_EARN","A","2016",26,
"HRV","FINDISINWKHR","AVEWAGE","PC_EARN","A","2017",20,
"HRV","FINDISINWKHR","AVEWAGE","PC_EARN","A","2018",20,
"HRV","FINDISINWKHR","AVEWAGE","PC_EARN","A","2019",29,
"HRV","FINDISINWKHR","MINWAGE","PC_EARN","A","2016",20,
"HRV","FINDISINWKHR","MINWAGE","PC_EARN","A","2017",44,
"HRV","FINDISINWKHR","MINWAGE","PC_EARN","A","2018",43,
"HRV","FINDISINWKHR","MINWAGE","PC_EARN","A","2019",20,
"CYP","FINDISINWKHR","67PC_AVEWAGE","PC_EARN","A","2017",8,
"CYP","FINDISINWKHR","67PC_AVEWAGE","PC_EARN","A","2018",8,
"CYP","FINDISINWKHR","67PC_AVEWAGE","PC_EARN","A","2019",8,
"CYP","FINDISINWKHR","AVEWAGE","PC_EARN","A","2017",10,
"CYP","FINDISINWKHR","AVEWAGE","PC_EARN","A","2018",11,
"CYP","FINDISINWKHR","AVEWAGE","PC_EARN","A","2019",14,
"EST","FINDISINWKHR","67PC_AVEWAGE","PC_EARN","A","2016",34,
"EST","FINDISINWKHR","67PC_AVEWAGE","PC_EARN","A","2017",23,
"EST","FINDISINWKHR","67PC_AVEWAGE","PC_EARN","A","2018",19,
"EST","FINDISINWKHR","67PC_AVEWAGE","PC_EARN","A","2019",21,
"EST","FINDISINWKHR","AVEWAGE","PC_EARN","A","2016",27,
"EST","FINDISINWKHR","AVEWAGE","PC_EARN","A","2017",23,
"EST","FINDISINWKHR","AVEWAGE","PC_EARN","A","2018",25,
"EST","FINDISINWKHR","AVEWAGE","PC_EARN","A","2019",26,
"EST","FINDISINWKHR","MINWAGE","PC_EARN","A","2016",10,
"EST","FINDISINWKHR","MINWAGE","PC_EARN","A","2017",23,
"EST","FINDISINWKHR","MINWAGE","PC_EARN","A","2018",4,
"EST","FINDISINWKHR","MINWAGE","PC_EARN","A","2019",5,
"ISR","FINDISINWKHR","67PC_AVEWAGE","PC_EARN","A","2016",27,
"ISR","FINDISINWKHR","67PC_AVEWAGE","PC_EARN","A","2017",27,
"ISR","FINDISINWKHR","67PC_AVEWAGE","PC_EARN","A","2018",26,
"ISR","FINDISINWKHR","67PC_AVEWAGE","PC_EARN","A","2019",15,
"ISR","FINDISINWKHR","AVEWAGE","PC_EARN","A","2016",29,
"ISR","FINDISINWKHR","AVEWAGE","PC_EARN","A","2017",28,
"ISR","FINDISINWKHR","AVEWAGE","PC_EARN","A","2018",28,
"ISR","FINDISINWKHR","AVEWAGE","PC_EARN","A","2019",28,
"ISR","FINDISINWKHR","MINWAGE","PC_EARN","A","2016",-1,
"ISR","FINDISINWKHR","MINWAGE","PC_EARN","A","2017",3,
"ISR","FINDISINWKHR","MINWAGE","PC_EARN","A","2018",2,
"ISR","FINDISINWKHR","MINWAGE","PC_EARN","A","2019",19,
"LVA","FINDISINWKHR","67PC_AVEWAGE","PC_EARN","A","2016",32,
"LVA","FINDISINWKHR","67PC_AVEWAGE","PC_EARN","A","2017",32,
"LVA","FINDISINWKHR","67PC_AVEWAGE","PC_EARN","A","2018",34,
"LVA","FINDISINWKHR","67PC_AVEWAGE","PC_EARN","A","2019",34,
"LVA","FINDISINWKHR","AVEWAGE","PC_EARN","A","2016",32,
"LVA","FINDISINWKHR","AVEWAGE","PC_EARN","A","2017",33,
"LVA","FINDISINWKHR","AVEWAGE","PC_EARN","A","2018",36,
"LVA","FINDISINWKHR","AVEWAGE","PC_EARN","A","2019",36,
"LVA","FINDISINWKHR","MINWAGE","PC_EARN","A","2016",31,
"LVA","FINDISINWKHR","MINWAGE","PC_EARN","A","2017",31,
"LVA","FINDISINWKHR","MINWAGE","PC_EARN","A","2018",28,
"LVA","FINDISINWKHR","MINWAGE","PC_EARN","A","2019",25,
"LTU","FINDISINWKHR","67PC_AVEWAGE","PC_EARN","A","2016",27,
"LTU","FINDISINWKHR","67PC_AVEWAGE","PC_EARN","A","2017",25,
"LTU","FINDISINWKHR","67PC_AVEWAGE","PC_EARN","A","2018",28,
"LTU","FINDISINWKHR","67PC_AVEWAGE","PC_EARN","A","2019",43,
"LTU","FINDISINWKHR","AVEWAGE","PC_EARN","A","2016",29,
"LTU","FINDISINWKHR","AVEWAGE","PC_EARN","A","2017",32,
"LTU","FINDISINWKHR","AVEWAGE","PC_EARN","A","2018",32,
"LTU","FINDISINWKHR","AVEWAGE","PC_EARN","A","2019",43,
"LTU","FINDISINWKHR","MINWAGE","PC_EARN","A","2016",24,
"LTU","FINDISINWKHR","MINWAGE","PC_EARN","A","2017",11,
"LTU","FINDISINWKHR","MINWAGE","PC_EARN","A","2018",26,
"LTU","FINDISINWKHR","MINWAGE","PC_EARN","A","2019",40,
"MLT","FINDISINWKHR","67PC_AVEWAGE","PC_EARN","A","2016",24,
"MLT","FINDISINWKHR","67PC_AVEWAGE","PC_EARN","A","2017",29,
"MLT","FINDISINWKHR","67PC_AVEWAGE","PC_EARN","A","2018",24,
"MLT","FINDISINWKHR","67PC_AVEWAGE","PC_EARN","A","2019",26,
"MLT","FINDISINWKHR","AVEWAGE","PC_EARN","A","2016",31,
"MLT","FINDISINWKHR","AVEWAGE","PC_EARN","A","2017",34,
"MLT","FINDISINWKHR","AVEWAGE","PC_EARN","A","2018",32,
"MLT","FINDISINWKHR","AVEWAGE","PC_EARN","A","2019",33,
"MLT","FINDISINWKHR","MINWAGE","PC_EARN","A","2016",54,
"MLT","FINDISINWKHR","MINWAGE","PC_EARN","A","2017",53,
"MLT","FINDISINWKHR","MINWAGE","PC_EARN","A","2018",45,
"MLT","FINDISINWKHR","MINWAGE","PC_EARN","A","2019",38,
"ROU","FINDISINWKHR","67PC_AVEWAGE","PC_EARN","A","2016",32,
"ROU","FINDISINWKHR","67PC_AVEWAGE","PC_EARN","A","2017",33,
"ROU","FINDISINWKHR","67PC_AVEWAGE","PC_EARN","A","2018",43,
"ROU","FINDISINWKHR","67PC_AVEWAGE","PC_EARN","A","2019",44,
"ROU","FINDISINWKHR","AVEWAGE","PC_EARN","A","2016",33,
"ROU","FINDISINWKHR","AVEWAGE","PC_EARN","A","2017",34,
"ROU","FINDISINWKHR","AVEWAGE","PC_EARN","A","2018",44,
"ROU","FINDISINWKHR","AVEWAGE","PC_EARN","A","2019",43,
"ROU","FINDISINWKHR","MINWAGE","PC_EARN","A","2016",54,
"ROU","FINDISINWKHR","MINWAGE","PC_EARN","A","2017",30,
"ROU","FINDISINWKHR","MINWAGE","PC_EARN","A","2018",39,
"ROU","FINDISINWKHR","MINWAGE","PC_EARN","A","2019",40,
"SVN","FINDISINWKHR","67PC_AVEWAGE","PC_EARN","A","2016",53,
"SVN","FINDISINWKHR","67PC_AVEWAGE","PC_EARN","A","2017",55,
"SVN","FINDISINWKHR","67PC_AVEWAGE","PC_EARN","A","2018",45,
"SVN","FINDISINWKHR","67PC_AVEWAGE","PC_EARN","A","2019",44,
"SVN","FINDISINWKHR","AVEWAGE","PC_EARN","A","2016",48,
"SVN","FINDISINWKHR","AVEWAGE","PC_EARN","A","2017",48,
"SVN","FINDISINWKHR","AVEWAGE","PC_EARN","A","2018",47,
"SVN","FINDISINWKHR","AVEWAGE","PC_EARN","A","2019",44,
"SVN","FINDISINWKHR","MINWAGE","PC_EARN","A","2016",38,
"SVN","FINDISINWKHR","MINWAGE","PC_EARN","A","2017",39,
"SVN","FINDISINWKHR","MINWAGE","PC_EARN","A","2018",39,
"SVN","FINDISINWKHR","MINWAGE","PC_EARN","A","2019",42,
"EU28","FINDISINWKHR","67PC_AVEWAGE","PC_EARN","A","2016",36,
"EU28","FINDISINWKHR","67PC_AVEWAGE","PC_EARN","A","2017",34,
"EU28","FINDISINWKHR","67PC_AVEWAGE","PC_EARN","A","2018",34,
"EU28","FINDISINWKHR","AVEWAGE","PC_EARN","A","2016",37,
"EU28","FINDISINWKHR","AVEWAGE","PC_EARN","A","2017",36,
"EU28","FINDISINWKHR","AVEWAGE","PC_EARN","A","2018",36,
"EU28","FINDISINWKHR","MINWAGE","PC_EARN","A","2016",33,
"EU28","FINDISINWKHR","MINWAGE","PC_EARN","A","2017",31,
"EU28","FINDISINWKHR","MINWAGE","PC_EARN","A","2018",31,
"OECD","FINDISINWKHR","67PC_AVEWAGE","PC_EARN","A","2016",37,
"OECD","FINDISINWKHR","67PC_AVEWAGE","PC_EARN","A","2017",36,
"OECD","FINDISINWKHR","67PC_AVEWAGE","PC_EARN","A","2018",35,
"OECD","FINDISINWKHR","67PC_AVEWAGE","PC_EARN","A","2019",35,
"OECD","FINDISINWKHR","AVEWAGE","PC_EARN","A","2016",37,
"OECD","FINDISINWKHR","AVEWAGE","PC_EARN","A","2017",37,
"OECD","FINDISINWKHR","AVEWAGE","PC_EARN","A","2018",36,
"OECD","FINDISINWKHR","AVEWAGE","PC_EARN","A","2019",37,
"OECD","FINDISINWKHR","MINWAGE","PC_EARN","A","2016",33,
"OECD","FINDISINWKHR","MINWAGE","PC_EARN","A","2017",33,
"OECD","FINDISINWKHR","MINWAGE","PC_EARN","A","2018",31,
"OECD","FINDISINWKHR","MINWAGE","PC_EARN","A","2019",29,
"RUS","FINDISINWKHR","67PC_AVEWAGE","PC_EARN","A","2018",13,
"RUS","FINDISINWKHR","AVEWAGE","PC_EARN","A","2018",50,
"RUS","FINDISINWKHR","MINWAGE","PC_EARN","A","2018",13,
