﻿"LOCATION","INDICATOR","SUBJECT","MEASURE","FREQUENCY","TIME","Value","Flag Codes"
"AUS","HUR","TOT","PC_LF","M","2018-12",5.0095,
"AUS","HUR","TOT","PC_LF","M","2019-01",5.041164,
"AUS","HUR","TOT","PC_LF","M","2019-02",4.956326,
"AUS","HUR","TOT","PC_LF","M","2019-03",5.079308,
"AUS","HUR","TOT","PC_LF","M","2019-04",5.216677,
"AUS","HUR","TOT","PC_LF","M","2019-05",5.224588,
"AUS","HUR","TOT","PC_LF","M","2019-06",5.248259,
"AUS","HUR","TOT","PC_LF","M","2019-07",5.245596,
"AUS","HUR","TOT","PC_LF","M","2019-08",5.244605,
"AUS","HUR","TOT","PC_LF","M","2019-09",5.199507,
"AUS","HUR","TOT","PC_LF","M","2019-10",5.298264,
"AUS","HUR","TOT","PC_LF","M","2019-11",5.140154,
"AUS","HUR","TOT","PC_LF","M","2019-12",5.051248,
"AUS","HUR","TOT","PC_LF","M","2020-01",5.264596,
"AUS","HUR","TOT","PC_LF","M","2020-02",5.077748,
"AUS","HUR","TOT","PC_LF","M","2020-03",5.21979,
"AUS","HUR","TOT","PC_LF","M","2020-04",6.353878,
"AUS","HUR","TOT","PC_LF","M","2020-05",7.062555,
"AUS","HUR","TOT","PC_LF","M","2020-06",7.435485,
"AUS","HUR","TOT","PC_LF","M","2020-07",7.480891,
"AUS","HUR","TOT","PC_LF","M","2020-08",6.809101,
"AUS","HUR","TOT","PC_LF","M","2020-09",6.914853,
"AUS","HUR","TOT","PC_LF","M","2020-10",6.987514,
"AUS","HUR","TOT","PC_LF","M","2020-11",6.825236,
"AUS","HUR","TOT","PC_LF","M","2020-12",6.597738,
"AUT","HUR","TOT","PC_LF","M","2018-12",4.7,
"AUT","HUR","TOT","PC_LF","M","2019-01",4.8,
"AUT","HUR","TOT","PC_LF","M","2019-02",4.8,
"AUT","HUR","TOT","PC_LF","M","2019-03",4.8,
"AUT","HUR","TOT","PC_LF","M","2019-04",4.7,
"AUT","HUR","TOT","PC_LF","M","2019-05",4.5,
"AUT","HUR","TOT","PC_LF","M","2019-06",4.3,
"AUT","HUR","TOT","PC_LF","M","2019-07",4.4,
"AUT","HUR","TOT","PC_LF","M","2019-08",4.5,
"AUT","HUR","TOT","PC_LF","M","2019-09",4.5,
"AUT","HUR","TOT","PC_LF","M","2019-10",4.4,
"AUT","HUR","TOT","PC_LF","M","2019-11",4.3,
"AUT","HUR","TOT","PC_LF","M","2019-12",4.3,
"AUT","HUR","TOT","PC_LF","M","2020-01",4.4,
"AUT","HUR","TOT","PC_LF","M","2020-02",4.5,
"AUT","HUR","TOT","PC_LF","M","2020-03",4.8,
"AUT","HUR","TOT","PC_LF","M","2020-04",4.9,
"AUT","HUR","TOT","PC_LF","M","2020-05",5.8,
"AUT","HUR","TOT","PC_LF","M","2020-06",6,
"AUT","HUR","TOT","PC_LF","M","2020-07",5.8,
"AUT","HUR","TOT","PC_LF","M","2020-08",5.6,
"AUT","HUR","TOT","PC_LF","M","2020-09",5.5,
"AUT","HUR","TOT","PC_LF","M","2020-10",5.4,
"AUT","HUR","TOT","PC_LF","M","2020-11",5.5,
"AUT","HUR","TOT","PC_LF","M","2020-12",5.8,
"BEL","HUR","TOT","PC_LF","M","2018-12",5.7,
"BEL","HUR","TOT","PC_LF","M","2019-01",5.6,
"BEL","HUR","TOT","PC_LF","M","2019-02",5.5,
"BEL","HUR","TOT","PC_LF","M","2019-03",5.5,
"BEL","HUR","TOT","PC_LF","M","2019-04",5.5,
"BEL","HUR","TOT","PC_LF","M","2019-05",5.5,
"BEL","HUR","TOT","PC_LF","M","2019-06",5.4,
"BEL","HUR","TOT","PC_LF","M","2019-07",5.3,
"BEL","HUR","TOT","PC_LF","M","2019-08",5.2,
"BEL","HUR","TOT","PC_LF","M","2019-09",5.2,
"BEL","HUR","TOT","PC_LF","M","2019-10",5.2,
"BEL","HUR","TOT","PC_LF","M","2019-11",5.2,
"BEL","HUR","TOT","PC_LF","M","2019-12",5.2,
"BEL","HUR","TOT","PC_LF","M","2020-01",5.1,
"BEL","HUR","TOT","PC_LF","M","2020-02",5,
"BEL","HUR","TOT","PC_LF","M","2020-03",4.9,
"BEL","HUR","TOT","PC_LF","M","2020-04",4.9,
"BEL","HUR","TOT","PC_LF","M","2020-05",4.9,
"BEL","HUR","TOT","PC_LF","M","2020-06",5.3,
"BEL","HUR","TOT","PC_LF","M","2020-07",5.9,
"BEL","HUR","TOT","PC_LF","M","2020-08",6.5,
"BEL","HUR","TOT","PC_LF","M","2020-09",6.6,
"BEL","HUR","TOT","PC_LF","M","2020-10",6.3,
"BEL","HUR","TOT","PC_LF","M","2020-11",6.1,
"BEL","HUR","TOT","PC_LF","M","2020-12",5.8,
"CAN","HUR","TOT","PC_LF","M","2018-12",5.7,
"CAN","HUR","TOT","PC_LF","M","2019-01",5.8,
"CAN","HUR","TOT","PC_LF","M","2019-02",5.8,
"CAN","HUR","TOT","PC_LF","M","2019-03",5.7,
"CAN","HUR","TOT","PC_LF","M","2019-04",5.7,
"CAN","HUR","TOT","PC_LF","M","2019-05",5.4,
"CAN","HUR","TOT","PC_LF","M","2019-06",5.6,
"CAN","HUR","TOT","PC_LF","M","2019-07",5.7,
"CAN","HUR","TOT","PC_LF","M","2019-08",5.7,
"CAN","HUR","TOT","PC_LF","M","2019-09",5.5,
"CAN","HUR","TOT","PC_LF","M","2019-10",5.6,
"CAN","HUR","TOT","PC_LF","M","2019-11",5.9,
"CAN","HUR","TOT","PC_LF","M","2019-12",5.6,
"CAN","HUR","TOT","PC_LF","M","2020-01",5.5,
"CAN","HUR","TOT","PC_LF","M","2020-02",5.6,
"CAN","HUR","TOT","PC_LF","M","2020-03",7.8,
"CAN","HUR","TOT","PC_LF","M","2020-04",13,
"CAN","HUR","TOT","PC_LF","M","2020-05",13.7,
"CAN","HUR","TOT","PC_LF","M","2020-06",12.3,
"CAN","HUR","TOT","PC_LF","M","2020-07",10.9,
"CAN","HUR","TOT","PC_LF","M","2020-08",10.2,
"CAN","HUR","TOT","PC_LF","M","2020-09",9,
"CAN","HUR","TOT","PC_LF","M","2020-10",8.9,
"CAN","HUR","TOT","PC_LF","M","2020-11",8.5,
"CAN","HUR","TOT","PC_LF","M","2020-12",8.6,
"CZE","HUR","TOT","PC_LF","M","2018-12",2.1,
"CZE","HUR","TOT","PC_LF","M","2019-01",2.1,
"CZE","HUR","TOT","PC_LF","M","2019-02",2,
"CZE","HUR","TOT","PC_LF","M","2019-03",2.1,
"CZE","HUR","TOT","PC_LF","M","2019-04",2,
"CZE","HUR","TOT","PC_LF","M","2019-05",2.1,
"CZE","HUR","TOT","PC_LF","M","2019-06",1.8,
"CZE","HUR","TOT","PC_LF","M","2019-07",2,
"CZE","HUR","TOT","PC_LF","M","2019-08",1.9,
"CZE","HUR","TOT","PC_LF","M","2019-09",2.1,
"CZE","HUR","TOT","PC_LF","M","2019-10",2,
"CZE","HUR","TOT","PC_LF","M","2019-11",2.1,
"CZE","HUR","TOT","PC_LF","M","2019-12",2,
"CZE","HUR","TOT","PC_LF","M","2020-01",2,
"CZE","HUR","TOT","PC_LF","M","2020-02",2,
"CZE","HUR","TOT","PC_LF","M","2020-03",2.1,
"CZE","HUR","TOT","PC_LF","M","2020-04",2.2,
"CZE","HUR","TOT","PC_LF","M","2020-05",2.4,
"CZE","HUR","TOT","PC_LF","M","2020-06",2.7,
"CZE","HUR","TOT","PC_LF","M","2020-07",2.7,
"CZE","HUR","TOT","PC_LF","M","2020-08",2.8,
"CZE","HUR","TOT","PC_LF","M","2020-09",2.8,
"CZE","HUR","TOT","PC_LF","M","2020-10",2.8,
"CZE","HUR","TOT","PC_LF","M","2020-11",2.9,
"CZE","HUR","TOT","PC_LF","M","2020-12",3.1,
"DNK","HUR","TOT","PC_LF","M","2018-12",5.1,
"DNK","HUR","TOT","PC_LF","M","2019-01",5.3,
"DNK","HUR","TOT","PC_LF","M","2019-02",5.2,
"DNK","HUR","TOT","PC_LF","M","2019-03",5.4,
"DNK","HUR","TOT","PC_LF","M","2019-04",5.2,
"DNK","HUR","TOT","PC_LF","M","2019-05",5,
"DNK","HUR","TOT","PC_LF","M","2019-06",4.6,
"DNK","HUR","TOT","PC_LF","M","2019-07",4.6,
"DNK","HUR","TOT","PC_LF","M","2019-08",4.8,
"DNK","HUR","TOT","PC_LF","M","2019-09",5.1,
"DNK","HUR","TOT","PC_LF","M","2019-10",5.2,
"DNK","HUR","TOT","PC_LF","M","2019-11",5.1,
"DNK","HUR","TOT","PC_LF","M","2019-12",5,
"DNK","HUR","TOT","PC_LF","M","2020-01",5,
"DNK","HUR","TOT","PC_LF","M","2020-02",4.9,
"DNK","HUR","TOT","PC_LF","M","2020-03",4.8,
"DNK","HUR","TOT","PC_LF","M","2020-04",4.9,
"DNK","HUR","TOT","PC_LF","M","2020-05",5.5,
"DNK","HUR","TOT","PC_LF","M","2020-06",6,
"DNK","HUR","TOT","PC_LF","M","2020-07",6.3,
"DNK","HUR","TOT","PC_LF","M","2020-08",6.2,
"DNK","HUR","TOT","PC_LF","M","2020-09",6,
"DNK","HUR","TOT","PC_LF","M","2020-10",5.9,
"DNK","HUR","TOT","PC_LF","M","2020-11",5.7,
"DNK","HUR","TOT","PC_LF","M","2020-12",5.8,
"FIN","HUR","TOT","PC_LF","M","2018-12",5.9,
"FIN","HUR","TOT","PC_LF","M","2019-01",6.5,
"FIN","HUR","TOT","PC_LF","M","2019-02",7,
"FIN","HUR","TOT","PC_LF","M","2019-03",6.3,
"FIN","HUR","TOT","PC_LF","M","2019-04",7.1,
"FIN","HUR","TOT","PC_LF","M","2019-05",6.7,
"FIN","HUR","TOT","PC_LF","M","2019-06",5.9,
"FIN","HUR","TOT","PC_LF","M","2019-07",6.8,
"FIN","HUR","TOT","PC_LF","M","2019-08",6.9,
"FIN","HUR","TOT","PC_LF","M","2019-09",6.6,
"FIN","HUR","TOT","PC_LF","M","2019-10",6.9,
"FIN","HUR","TOT","PC_LF","M","2019-11",6.8,
"FIN","HUR","TOT","PC_LF","M","2019-12",6.6,
"FIN","HUR","TOT","PC_LF","M","2020-01",6.9,
"FIN","HUR","TOT","PC_LF","M","2020-02",6.6,
"FIN","HUR","TOT","PC_LF","M","2020-03",6.7,
"FIN","HUR","TOT","PC_LF","M","2020-04",7.3,
"FIN","HUR","TOT","PC_LF","M","2020-05",8.2,
"FIN","HUR","TOT","PC_LF","M","2020-06",7.8,
"FIN","HUR","TOT","PC_LF","M","2020-07",8.6,
"FIN","HUR","TOT","PC_LF","M","2020-08",8.5,
"FIN","HUR","TOT","PC_LF","M","2020-09",8.4,
"FIN","HUR","TOT","PC_LF","M","2020-10",8.2,
"FIN","HUR","TOT","PC_LF","M","2020-11",7.8,
"FIN","HUR","TOT","PC_LF","M","2020-12",8.4,
"FRA","HUR","TOT","PC_LF","M","2018-12",8.8,
"FRA","HUR","TOT","PC_LF","M","2019-01",8.7,
"FRA","HUR","TOT","PC_LF","M","2019-02",8.7,
"FRA","HUR","TOT","PC_LF","M","2019-03",8.6,
"FRA","HUR","TOT","PC_LF","M","2019-04",8.5,
"FRA","HUR","TOT","PC_LF","M","2019-05",8.5,
"FRA","HUR","TOT","PC_LF","M","2019-06",8.5,
"FRA","HUR","TOT","PC_LF","M","2019-07",8.5,
"FRA","HUR","TOT","PC_LF","M","2019-08",8.5,
"FRA","HUR","TOT","PC_LF","M","2019-09",8.4,
"FRA","HUR","TOT","PC_LF","M","2019-10",8.3,
"FRA","HUR","TOT","PC_LF","M","2019-11",8.2,
"FRA","HUR","TOT","PC_LF","M","2019-12",8.2,
"FRA","HUR","TOT","PC_LF","M","2020-01",7.7,
"FRA","HUR","TOT","PC_LF","M","2020-02",7.5,
"FRA","HUR","TOT","PC_LF","M","2020-03",8,
"FRA","HUR","TOT","PC_LF","M","2020-04",7.3,
"FRA","HUR","TOT","PC_LF","M","2020-05",7.2,
"FRA","HUR","TOT","PC_LF","M","2020-06",6.9,
"FRA","HUR","TOT","PC_LF","M","2020-07",9.4,
"FRA","HUR","TOT","PC_LF","M","2020-08",9,
"FRA","HUR","TOT","PC_LF","M","2020-09",8.8,
"FRA","HUR","TOT","PC_LF","M","2020-10",8.6,
"FRA","HUR","TOT","PC_LF","M","2020-11",8.8,
"FRA","HUR","TOT","PC_LF","M","2020-12",8.9,
"DEU","HUR","TOT","PC_LF","M","2018-12",3.3,
"DEU","HUR","TOT","PC_LF","M","2019-01",3.3,
"DEU","HUR","TOT","PC_LF","M","2019-02",3.2,
"DEU","HUR","TOT","PC_LF","M","2019-03",3.2,
"DEU","HUR","TOT","PC_LF","M","2019-04",3.1,
"DEU","HUR","TOT","PC_LF","M","2019-05",3.1,
"DEU","HUR","TOT","PC_LF","M","2019-06",3,
"DEU","HUR","TOT","PC_LF","M","2019-07",3,
"DEU","HUR","TOT","PC_LF","M","2019-08",3,
"DEU","HUR","TOT","PC_LF","M","2019-09",3.1,
"DEU","HUR","TOT","PC_LF","M","2019-10",3.1,
"DEU","HUR","TOT","PC_LF","M","2019-11",3.2,
"DEU","HUR","TOT","PC_LF","M","2019-12",3.3,
"DEU","HUR","TOT","PC_LF","M","2020-01",3.4,
"DEU","HUR","TOT","PC_LF","M","2020-02",3.6,
"DEU","HUR","TOT","PC_LF","M","2020-03",3.8,
"DEU","HUR","TOT","PC_LF","M","2020-04",4,
"DEU","HUR","TOT","PC_LF","M","2020-05",4.2,
"DEU","HUR","TOT","PC_LF","M","2020-06",4.3,
"DEU","HUR","TOT","PC_LF","M","2020-07",4.4,
"DEU","HUR","TOT","PC_LF","M","2020-08",4.5,
"DEU","HUR","TOT","PC_LF","M","2020-09",4.5,
"DEU","HUR","TOT","PC_LF","M","2020-10",4.5,
"DEU","HUR","TOT","PC_LF","M","2020-11",4.5,
"DEU","HUR","TOT","PC_LF","M","2020-12",4.6,
"GRC","HUR","TOT","PC_LF","M","2018-12",18.5,
"GRC","HUR","TOT","PC_LF","M","2019-01",18.6,
"GRC","HUR","TOT","PC_LF","M","2019-02",18.4,
"GRC","HUR","TOT","PC_LF","M","2019-03",18.1,
"GRC","HUR","TOT","PC_LF","M","2019-04",17.6,
"GRC","HUR","TOT","PC_LF","M","2019-05",17.2,
"GRC","HUR","TOT","PC_LF","M","2019-06",17.1,
"GRC","HUR","TOT","PC_LF","M","2019-07",17,
"GRC","HUR","TOT","PC_LF","M","2019-08",16.9,
"GRC","HUR","TOT","PC_LF","M","2019-09",16.9,
"GRC","HUR","TOT","PC_LF","M","2019-10",16.7,
"GRC","HUR","TOT","PC_LF","M","2019-11",16.6,
"GRC","HUR","TOT","PC_LF","M","2019-12",16.5,
"GRC","HUR","TOT","PC_LF","M","2020-01",16.4,
"GRC","HUR","TOT","PC_LF","M","2020-02",15.5,
"GRC","HUR","TOT","PC_LF","M","2020-03",15.7,
"GRC","HUR","TOT","PC_LF","M","2020-04",16.2,
"GRC","HUR","TOT","PC_LF","M","2020-05",16.8,
"GRC","HUR","TOT","PC_LF","M","2020-06",17.9,
"GRC","HUR","TOT","PC_LF","M","2020-07",16.7,
"GRC","HUR","TOT","PC_LF","M","2020-08",16.8,
"GRC","HUR","TOT","PC_LF","M","2020-09",16.7,
"GRC","HUR","TOT","PC_LF","M","2020-10",16.7,
"HUN","HUR","TOT","PC_LF","M","2018-12",3.6,
"HUN","HUR","TOT","PC_LF","M","2019-01",3.5,
"HUN","HUR","TOT","PC_LF","M","2019-02",3.4,
"HUN","HUR","TOT","PC_LF","M","2019-03",3.4,
"HUN","HUR","TOT","PC_LF","M","2019-04",3.4,
"HUN","HUR","TOT","PC_LF","M","2019-05",3.4,
"HUN","HUR","TOT","PC_LF","M","2019-06",3.5,
"HUN","HUR","TOT","PC_LF","M","2019-07",3.4,
"HUN","HUR","TOT","PC_LF","M","2019-08",3.5,
"HUN","HUR","TOT","PC_LF","M","2019-09",3.5,
"HUN","HUR","TOT","PC_LF","M","2019-10",3.6,
"HUN","HUR","TOT","PC_LF","M","2019-11",3.4,
"HUN","HUR","TOT","PC_LF","M","2019-12",3.4,
"HUN","HUR","TOT","PC_LF","M","2020-01",3.4,
"HUN","HUR","TOT","PC_LF","M","2020-02",3.6,
"HUN","HUR","TOT","PC_LF","M","2020-03",3.7,
"HUN","HUR","TOT","PC_LF","M","2020-04",4.1,
"HUN","HUR","TOT","PC_LF","M","2020-05",4.8,
"HUN","HUR","TOT","PC_LF","M","2020-06",4.9,
"HUN","HUR","TOT","PC_LF","M","2020-07",4.6,
"HUN","HUR","TOT","PC_LF","M","2020-08",4.4,
"HUN","HUR","TOT","PC_LF","M","2020-09",4.4,
"HUN","HUR","TOT","PC_LF","M","2020-10",4.5,
"HUN","HUR","TOT","PC_LF","M","2020-11",4.3,
"ISL","HUR","TOT","PC_LF","M","2018-12",2.9,
"ISL","HUR","TOT","PC_LF","M","2019-01",2.9,
"ISL","HUR","TOT","PC_LF","M","2019-02",3,
"ISL","HUR","TOT","PC_LF","M","2019-03",3.1,
"ISL","HUR","TOT","PC_LF","M","2019-04",3.2,
"ISL","HUR","TOT","PC_LF","M","2019-05",3.3,
"ISL","HUR","TOT","PC_LF","M","2019-06",3.4,
"ISL","HUR","TOT","PC_LF","M","2019-07",3.5,
"ISL","HUR","TOT","PC_LF","M","2019-08",3.6,
"ISL","HUR","TOT","PC_LF","M","2019-09",3.7,
"ISL","HUR","TOT","PC_LF","M","2019-10",3.8,
"ISL","HUR","TOT","PC_LF","M","2019-11",3.9,
"ISL","HUR","TOT","PC_LF","M","2019-12",4,
"ISL","HUR","TOT","PC_LF","M","2020-01",4.1,
"ISL","HUR","TOT","PC_LF","M","2020-02",4.3,
"ISL","HUR","TOT","PC_LF","M","2020-03",4.5,
"ISL","HUR","TOT","PC_LF","M","2020-04",4.8,
"ISL","HUR","TOT","PC_LF","M","2020-05",5,
"ISL","HUR","TOT","PC_LF","M","2020-06",5.2,
"ISL","HUR","TOT","PC_LF","M","2020-07",5.3,
"ISL","HUR","TOT","PC_LF","M","2020-08",5.5,
"ISL","HUR","TOT","PC_LF","M","2020-09",5.7,
"ISL","HUR","TOT","PC_LF","M","2020-10",5.9,
"ISL","HUR","TOT","PC_LF","M","2020-11",6,
"ISL","HUR","TOT","PC_LF","M","2020-12",6.1,
"IRL","HUR","TOT","PC_LF","M","2018-12",5.4,
"IRL","HUR","TOT","PC_LF","M","2019-01",5.1,
"IRL","HUR","TOT","PC_LF","M","2019-02",5,
"IRL","HUR","TOT","PC_LF","M","2019-03",5.1,
"IRL","HUR","TOT","PC_LF","M","2019-04",5.2,
"IRL","HUR","TOT","PC_LF","M","2019-05",5.3,
"IRL","HUR","TOT","PC_LF","M","2019-06",5.2,
"IRL","HUR","TOT","PC_LF","M","2019-07",5.1,
"IRL","HUR","TOT","PC_LF","M","2019-08",4.9,
"IRL","HUR","TOT","PC_LF","M","2019-09",4.8,
"IRL","HUR","TOT","PC_LF","M","2019-10",4.6,
"IRL","HUR","TOT","PC_LF","M","2019-11",4.6,
"IRL","HUR","TOT","PC_LF","M","2019-12",4.7,
"IRL","HUR","TOT","PC_LF","M","2020-01",4.9,
"IRL","HUR","TOT","PC_LF","M","2020-02",4.9,
"IRL","HUR","TOT","PC_LF","M","2020-03",5.1,
"IRL","HUR","TOT","PC_LF","M","2020-04",4.7,
"IRL","HUR","TOT","PC_LF","M","2020-05",4.8,
"IRL","HUR","TOT","PC_LF","M","2020-06",5.3,
"IRL","HUR","TOT","PC_LF","M","2020-07",6.2,
"IRL","HUR","TOT","PC_LF","M","2020-08",6.7,
"IRL","HUR","TOT","PC_LF","M","2020-09",7.2,
"IRL","HUR","TOT","PC_LF","M","2020-10",7.1,
"IRL","HUR","TOT","PC_LF","M","2020-11",7.3,
"IRL","HUR","TOT","PC_LF","M","2020-12",7.2,
"ITA","HUR","TOT","PC_LF","M","2018-12",10.3,
"ITA","HUR","TOT","PC_LF","M","2019-01",10.4,
"ITA","HUR","TOT","PC_LF","M","2019-02",10.4,
"ITA","HUR","TOT","PC_LF","M","2019-03",10.4,
"ITA","HUR","TOT","PC_LF","M","2019-04",10.3,
"ITA","HUR","TOT","PC_LF","M","2019-05",10.1,
"ITA","HUR","TOT","PC_LF","M","2019-06",9.7,
"ITA","HUR","TOT","PC_LF","M","2019-07",9.6,
"ITA","HUR","TOT","PC_LF","M","2019-08",9.4,
"ITA","HUR","TOT","PC_LF","M","2019-09",9.6,
"ITA","HUR","TOT","PC_LF","M","2019-10",9.4,
"ITA","HUR","TOT","PC_LF","M","2019-11",9.6,
"ITA","HUR","TOT","PC_LF","M","2019-12",9.6,
"ITA","HUR","TOT","PC_LF","M","2020-01",9.6,
"ITA","HUR","TOT","PC_LF","M","2020-02",9.4,
"ITA","HUR","TOT","PC_LF","M","2020-03",8.5,
"ITA","HUR","TOT","PC_LF","M","2020-04",7.4,
"ITA","HUR","TOT","PC_LF","M","2020-05",8.7,
"ITA","HUR","TOT","PC_LF","M","2020-06",9.3,
"ITA","HUR","TOT","PC_LF","M","2020-07",9.7,
"ITA","HUR","TOT","PC_LF","M","2020-08",9.6,
"ITA","HUR","TOT","PC_LF","M","2020-09",9.5,
"ITA","HUR","TOT","PC_LF","M","2020-10",9.5,
"ITA","HUR","TOT","PC_LF","M","2020-11",8.8,
"ITA","HUR","TOT","PC_LF","M","2020-12",9,
"JPN","HUR","TOT","PC_LF","M","2018-12",2.4,
"JPN","HUR","TOT","PC_LF","M","2019-01",2.5,
"JPN","HUR","TOT","PC_LF","M","2019-02",2.4,
"JPN","HUR","TOT","PC_LF","M","2019-03",2.5,
"JPN","HUR","TOT","PC_LF","M","2019-04",2.4,
"JPN","HUR","TOT","PC_LF","M","2019-05",2.4,
"JPN","HUR","TOT","PC_LF","M","2019-06",2.3,
"JPN","HUR","TOT","PC_LF","M","2019-07",2.3,
"JPN","HUR","TOT","PC_LF","M","2019-08",2.3,
"JPN","HUR","TOT","PC_LF","M","2019-09",2.4,
"JPN","HUR","TOT","PC_LF","M","2019-10",2.4,
"JPN","HUR","TOT","PC_LF","M","2019-11",2.2,
"JPN","HUR","TOT","PC_LF","M","2019-12",2.2,
"JPN","HUR","TOT","PC_LF","M","2020-01",2.4,
"JPN","HUR","TOT","PC_LF","M","2020-02",2.4,
"JPN","HUR","TOT","PC_LF","M","2020-03",2.5,
"JPN","HUR","TOT","PC_LF","M","2020-04",2.6,
"JPN","HUR","TOT","PC_LF","M","2020-05",2.9,
"JPN","HUR","TOT","PC_LF","M","2020-06",2.8,
"JPN","HUR","TOT","PC_LF","M","2020-07",2.9,
"JPN","HUR","TOT","PC_LF","M","2020-08",3,
"JPN","HUR","TOT","PC_LF","M","2020-09",3,
"JPN","HUR","TOT","PC_LF","M","2020-10",3.1,
"JPN","HUR","TOT","PC_LF","M","2020-11",2.9,
"JPN","HUR","TOT","PC_LF","M","2020-12",2.9,
"KOR","HUR","TOT","PC_LF","M","2018-12",3.8,
"KOR","HUR","TOT","PC_LF","M","2019-01",4.3,
"KOR","HUR","TOT","PC_LF","M","2019-02",3.7,
"KOR","HUR","TOT","PC_LF","M","2019-03",3.8,
"KOR","HUR","TOT","PC_LF","M","2019-04",4,
"KOR","HUR","TOT","PC_LF","M","2019-05",4,
"KOR","HUR","TOT","PC_LF","M","2019-06",4,
"KOR","HUR","TOT","PC_LF","M","2019-07",4,
"KOR","HUR","TOT","PC_LF","M","2019-08",3.1,
"KOR","HUR","TOT","PC_LF","M","2019-09",3.4,
"KOR","HUR","TOT","PC_LF","M","2019-10",3.5,
"KOR","HUR","TOT","PC_LF","M","2019-11",3.6,
"KOR","HUR","TOT","PC_LF","M","2019-12",3.7,
"KOR","HUR","TOT","PC_LF","M","2020-01",4,
"KOR","HUR","TOT","PC_LF","M","2020-02",3.3,
"KOR","HUR","TOT","PC_LF","M","2020-03",3.8,
"KOR","HUR","TOT","PC_LF","M","2020-04",3.8,
"KOR","HUR","TOT","PC_LF","M","2020-05",4.5,
"KOR","HUR","TOT","PC_LF","M","2020-06",4.3,
"KOR","HUR","TOT","PC_LF","M","2020-07",4.2,
"KOR","HUR","TOT","PC_LF","M","2020-08",3.2,
"KOR","HUR","TOT","PC_LF","M","2020-09",3.9,
"KOR","HUR","TOT","PC_LF","M","2020-10",4.2,
"KOR","HUR","TOT","PC_LF","M","2020-11",4.1,
"KOR","HUR","TOT","PC_LF","M","2020-12",4.6,
"LUX","HUR","TOT","PC_LF","M","2018-12",5.2,
"LUX","HUR","TOT","PC_LF","M","2019-01",5.2,
"LUX","HUR","TOT","PC_LF","M","2019-02",5.4,
"LUX","HUR","TOT","PC_LF","M","2019-03",5.6,
"LUX","HUR","TOT","PC_LF","M","2019-04",5.7,
"LUX","HUR","TOT","PC_LF","M","2019-05",5.7,
"LUX","HUR","TOT","PC_LF","M","2019-06",5.7,
"LUX","HUR","TOT","PC_LF","M","2019-07",5.7,
"LUX","HUR","TOT","PC_LF","M","2019-08",5.7,
"LUX","HUR","TOT","PC_LF","M","2019-09",5.5,
"LUX","HUR","TOT","PC_LF","M","2019-10",5.5,
"LUX","HUR","TOT","PC_LF","M","2019-11",5.6,
"LUX","HUR","TOT","PC_LF","M","2019-12",5.6,
"LUX","HUR","TOT","PC_LF","M","2020-01",5.7,
"LUX","HUR","TOT","PC_LF","M","2020-02",5.7,
"LUX","HUR","TOT","PC_LF","M","2020-03",6.5,
"LUX","HUR","TOT","PC_LF","M","2020-04",7.4,
"LUX","HUR","TOT","PC_LF","M","2020-05",7.6,
"LUX","HUR","TOT","PC_LF","M","2020-06",7.6,
"LUX","HUR","TOT","PC_LF","M","2020-07",7.2,
"LUX","HUR","TOT","PC_LF","M","2020-08",6.8,
"LUX","HUR","TOT","PC_LF","M","2020-09",6.7,
"LUX","HUR","TOT","PC_LF","M","2020-10",6.5,
"LUX","HUR","TOT","PC_LF","M","2020-11",6.5,
"LUX","HUR","TOT","PC_LF","M","2020-12",6.7,
"MEX","HUR","TOT","PC_LF","M","2018-12",3.692872,
"MEX","HUR","TOT","PC_LF","M","2019-01",3.426292,
"MEX","HUR","TOT","PC_LF","M","2019-02",3.3688,
"MEX","HUR","TOT","PC_LF","M","2019-03",3.547258,
"MEX","HUR","TOT","PC_LF","M","2019-04",3.574489,
"MEX","HUR","TOT","PC_LF","M","2019-05",3.648632,
"MEX","HUR","TOT","PC_LF","M","2019-06",3.521993,
"MEX","HUR","TOT","PC_LF","M","2019-07",3.479586,
"MEX","HUR","TOT","PC_LF","M","2019-08",3.504076,
"MEX","HUR","TOT","PC_LF","M","2019-09",3.514517,
"MEX","HUR","TOT","PC_LF","M","2019-10",3.56775,
"MEX","HUR","TOT","PC_LF","M","2019-11",3.542799,
"MEX","HUR","TOT","PC_LF","M","2019-12",3.240146,
"MEX","HUR","TOT","PC_LF","M","2020-01",3.656332,
"MEX","HUR","TOT","PC_LF","M","2020-02",3.644636,
"MEX","HUR","TOT","PC_LF","M","2020-03",3.230714,"B"
"MEX","HUR","TOT","PC_LF","M","2020-04",4.801267,
"MEX","HUR","TOT","PC_LF","M","2020-05",4.347308,
"MEX","HUR","TOT","PC_LF","M","2020-06",5.461779,"B"
"MEX","HUR","TOT","PC_LF","M","2020-07",5.120639,
"MEX","HUR","TOT","PC_LF","M","2020-08",4.942815,
"MEX","HUR","TOT","PC_LF","M","2020-09",4.712824,
"MEX","HUR","TOT","PC_LF","M","2020-10",4.60241,
"MEX","HUR","TOT","PC_LF","M","2020-11",4.512869,
"MEX","HUR","TOT","PC_LF","M","2020-12",4.249312,
"NLD","HUR","TOT","PC_LF","M","2018-12",3.6,
"NLD","HUR","TOT","PC_LF","M","2019-01",3.6,
"NLD","HUR","TOT","PC_LF","M","2019-02",3.4,
"NLD","HUR","TOT","PC_LF","M","2019-03",3.3,
"NLD","HUR","TOT","PC_LF","M","2019-04",3.3,
"NLD","HUR","TOT","PC_LF","M","2019-05",3.3,
"NLD","HUR","TOT","PC_LF","M","2019-06",3.4,
"NLD","HUR","TOT","PC_LF","M","2019-07",3.4,
"NLD","HUR","TOT","PC_LF","M","2019-08",3.5,
"NLD","HUR","TOT","PC_LF","M","2019-09",3.5,
"NLD","HUR","TOT","PC_LF","M","2019-10",3.5,
"NLD","HUR","TOT","PC_LF","M","2019-11",3.5,
"NLD","HUR","TOT","PC_LF","M","2019-12",3.2,
"NLD","HUR","TOT","PC_LF","M","2020-01",3,
"NLD","HUR","TOT","PC_LF","M","2020-02",2.9,
"NLD","HUR","TOT","PC_LF","M","2020-03",2.9,
"NLD","HUR","TOT","PC_LF","M","2020-04",3.4,
"NLD","HUR","TOT","PC_LF","M","2020-05",3.6,
"NLD","HUR","TOT","PC_LF","M","2020-06",4.3,
"NLD","HUR","TOT","PC_LF","M","2020-07",4.5,
"NLD","HUR","TOT","PC_LF","M","2020-08",4.6,
"NLD","HUR","TOT","PC_LF","M","2020-09",4.4,
"NLD","HUR","TOT","PC_LF","M","2020-10",4.3,
"NLD","HUR","TOT","PC_LF","M","2020-11",4,
"NLD","HUR","TOT","PC_LF","M","2020-12",3.9,
"NOR","HUR","TOT","PC_LF","M","2018-12",3.7,
"NOR","HUR","TOT","PC_LF","M","2019-01",3.8,
"NOR","HUR","TOT","PC_LF","M","2019-02",3.8,
"NOR","HUR","TOT","PC_LF","M","2019-03",3.6,
"NOR","HUR","TOT","PC_LF","M","2019-04",3.3,
"NOR","HUR","TOT","PC_LF","M","2019-05",3.4,
"NOR","HUR","TOT","PC_LF","M","2019-06",3.6,
"NOR","HUR","TOT","PC_LF","M","2019-07",3.8,
"NOR","HUR","TOT","PC_LF","M","2019-08",3.7,
"NOR","HUR","TOT","PC_LF","M","2019-09",3.9,
"NOR","HUR","TOT","PC_LF","M","2019-10",3.8,
"NOR","HUR","TOT","PC_LF","M","2019-11",4,
"NOR","HUR","TOT","PC_LF","M","2019-12",3.9,
"NOR","HUR","TOT","PC_LF","M","2020-01",3.7,
"NOR","HUR","TOT","PC_LF","M","2020-02",3.5,
"NOR","HUR","TOT","PC_LF","M","2020-03",3.6,
"NOR","HUR","TOT","PC_LF","M","2020-04",4.1,
"NOR","HUR","TOT","PC_LF","M","2020-05",4.6,
"NOR","HUR","TOT","PC_LF","M","2020-06",5.2,
"NOR","HUR","TOT","PC_LF","M","2020-07",5.2,
"NOR","HUR","TOT","PC_LF","M","2020-08",5.3,
"NOR","HUR","TOT","PC_LF","M","2020-09",5.1,
"NOR","HUR","TOT","PC_LF","M","2020-10",5.2,
"NOR","HUR","TOT","PC_LF","M","2020-11",5,
"POL","HUR","TOT","PC_LF","M","2018-12",3.8,
"POL","HUR","TOT","PC_LF","M","2019-01",3.8,
"POL","HUR","TOT","PC_LF","M","2019-02",3.8,
"POL","HUR","TOT","PC_LF","M","2019-03",3.6,
"POL","HUR","TOT","PC_LF","M","2019-04",3.4,
"POL","HUR","TOT","PC_LF","M","2019-05",3.3,
"POL","HUR","TOT","PC_LF","M","2019-06",3.3,
"POL","HUR","TOT","PC_LF","M","2019-07",3.2,
"POL","HUR","TOT","PC_LF","M","2019-08",3.1,
"POL","HUR","TOT","PC_LF","M","2019-09",3.1,
"POL","HUR","TOT","PC_LF","M","2019-10",3,
"POL","HUR","TOT","PC_LF","M","2019-11",2.9,
"POL","HUR","TOT","PC_LF","M","2019-12",2.9,
"POL","HUR","TOT","PC_LF","M","2020-01",3,
"POL","HUR","TOT","PC_LF","M","2020-02",3,
"POL","HUR","TOT","PC_LF","M","2020-03",3,
"POL","HUR","TOT","PC_LF","M","2020-04",3.1,
"POL","HUR","TOT","PC_LF","M","2020-05",3.3,
"POL","HUR","TOT","PC_LF","M","2020-06",3.4,
"POL","HUR","TOT","PC_LF","M","2020-07",3.4,
"POL","HUR","TOT","PC_LF","M","2020-08",3.3,
"POL","HUR","TOT","PC_LF","M","2020-09",3.3,
"POL","HUR","TOT","PC_LF","M","2020-10",3.4,
"POL","HUR","TOT","PC_LF","M","2020-11",3.3,
"POL","HUR","TOT","PC_LF","M","2020-12",3.3,
"PRT","HUR","TOT","PC_LF","M","2018-12",6.6,
"PRT","HUR","TOT","PC_LF","M","2019-01",6.5,
"PRT","HUR","TOT","PC_LF","M","2019-02",6.5,
"PRT","HUR","TOT","PC_LF","M","2019-03",6.5,
"PRT","HUR","TOT","PC_LF","M","2019-04",6.6,
"PRT","HUR","TOT","PC_LF","M","2019-05",6.6,
"PRT","HUR","TOT","PC_LF","M","2019-06",6.6,
"PRT","HUR","TOT","PC_LF","M","2019-07",6.5,
"PRT","HUR","TOT","PC_LF","M","2019-08",6.4,
"PRT","HUR","TOT","PC_LF","M","2019-09",6.5,
"PRT","HUR","TOT","PC_LF","M","2019-10",6.5,
"PRT","HUR","TOT","PC_LF","M","2019-11",6.7,
"PRT","HUR","TOT","PC_LF","M","2019-12",6.7,
"PRT","HUR","TOT","PC_LF","M","2020-01",6.8,
"PRT","HUR","TOT","PC_LF","M","2020-02",6.4,
"PRT","HUR","TOT","PC_LF","M","2020-03",6.2,
"PRT","HUR","TOT","PC_LF","M","2020-04",6.3,
"PRT","HUR","TOT","PC_LF","M","2020-05",5.9,
"PRT","HUR","TOT","PC_LF","M","2020-06",7.3,
"PRT","HUR","TOT","PC_LF","M","2020-07",7.9,
"PRT","HUR","TOT","PC_LF","M","2020-08",8.1,
"PRT","HUR","TOT","PC_LF","M","2020-09",7.9,
"PRT","HUR","TOT","PC_LF","M","2020-10",7.5,
"PRT","HUR","TOT","PC_LF","M","2020-11",7.1,
"PRT","HUR","TOT","PC_LF","M","2020-12",6.5,
"SVK","HUR","TOT","PC_LF","M","2018-12",5.9,
"SVK","HUR","TOT","PC_LF","M","2019-01",5.9,
"SVK","HUR","TOT","PC_LF","M","2019-02",5.9,
"SVK","HUR","TOT","PC_LF","M","2019-03",5.8,
"SVK","HUR","TOT","PC_LF","M","2019-04",5.8,
"SVK","HUR","TOT","PC_LF","M","2019-05",5.7,
"SVK","HUR","TOT","PC_LF","M","2019-06",5.8,
"SVK","HUR","TOT","PC_LF","M","2019-07",5.8,
"SVK","HUR","TOT","PC_LF","M","2019-08",5.8,
"SVK","HUR","TOT","PC_LF","M","2019-09",5.7,
"SVK","HUR","TOT","PC_LF","M","2019-10",5.7,
"SVK","HUR","TOT","PC_LF","M","2019-11",5.6,
"SVK","HUR","TOT","PC_LF","M","2019-12",5.6,
"SVK","HUR","TOT","PC_LF","M","2020-01",6,
"SVK","HUR","TOT","PC_LF","M","2020-02",6,
"SVK","HUR","TOT","PC_LF","M","2020-03",6,
"SVK","HUR","TOT","PC_LF","M","2020-04",6.6,
"SVK","HUR","TOT","PC_LF","M","2020-05",6.7,
"SVK","HUR","TOT","PC_LF","M","2020-06",6.8,
"SVK","HUR","TOT","PC_LF","M","2020-07",7.1,
"SVK","HUR","TOT","PC_LF","M","2020-08",7.2,
"SVK","HUR","TOT","PC_LF","M","2020-09",7,
"SVK","HUR","TOT","PC_LF","M","2020-10",7.1,
"SVK","HUR","TOT","PC_LF","M","2020-11",7.1,
"SVK","HUR","TOT","PC_LF","M","2020-12",7,
"ESP","HUR","TOT","PC_LF","M","2018-12",14.4,
"ESP","HUR","TOT","PC_LF","M","2019-01",14.3,
"ESP","HUR","TOT","PC_LF","M","2019-02",14.2,
"ESP","HUR","TOT","PC_LF","M","2019-03",14.2,
"ESP","HUR","TOT","PC_LF","M","2019-04",14.2,
"ESP","HUR","TOT","PC_LF","M","2019-05",14.2,
"ESP","HUR","TOT","PC_LF","M","2019-06",14.2,
"ESP","HUR","TOT","PC_LF","M","2019-07",14.3,
"ESP","HUR","TOT","PC_LF","M","2019-08",14.3,
"ESP","HUR","TOT","PC_LF","M","2019-09",14.1,
"ESP","HUR","TOT","PC_LF","M","2019-10",14,
"ESP","HUR","TOT","PC_LF","M","2019-11",13.8,
"ESP","HUR","TOT","PC_LF","M","2019-12",13.7,
"ESP","HUR","TOT","PC_LF","M","2020-01",13.8,
"ESP","HUR","TOT","PC_LF","M","2020-02",13.6,
"ESP","HUR","TOT","PC_LF","M","2020-03",14.4,
"ESP","HUR","TOT","PC_LF","M","2020-04",15.2,
"ESP","HUR","TOT","PC_LF","M","2020-05",15.3,
"ESP","HUR","TOT","PC_LF","M","2020-06",16,
"ESP","HUR","TOT","PC_LF","M","2020-07",16.4,
"ESP","HUR","TOT","PC_LF","M","2020-08",16.7,
"ESP","HUR","TOT","PC_LF","M","2020-09",16.6,
"ESP","HUR","TOT","PC_LF","M","2020-10",16.3,
"ESP","HUR","TOT","PC_LF","M","2020-11",16.1,
"ESP","HUR","TOT","PC_LF","M","2020-12",16.2,
"SWE","HUR","TOT","PC_LF","M","2018-12",6.6,
"SWE","HUR","TOT","PC_LF","M","2019-01",6.2,
"SWE","HUR","TOT","PC_LF","M","2019-02",6.8,
"SWE","HUR","TOT","PC_LF","M","2019-03",7.3,
"SWE","HUR","TOT","PC_LF","M","2019-04",6.4,
"SWE","HUR","TOT","PC_LF","M","2019-05",6.6,
"SWE","HUR","TOT","PC_LF","M","2019-06",6.5,
"SWE","HUR","TOT","PC_LF","M","2019-07",7,
"SWE","HUR","TOT","PC_LF","M","2019-08",7.1,
"SWE","HUR","TOT","PC_LF","M","2019-09",6.7,
"SWE","HUR","TOT","PC_LF","M","2019-10",6.7,
"SWE","HUR","TOT","PC_LF","M","2019-11",7.5,
"SWE","HUR","TOT","PC_LF","M","2019-12",6.6,
"SWE","HUR","TOT","PC_LF","M","2020-01",7.2,
"SWE","HUR","TOT","PC_LF","M","2020-02",7.6,
"SWE","HUR","TOT","PC_LF","M","2020-03",6.7,
"SWE","HUR","TOT","PC_LF","M","2020-04",7.9,
"SWE","HUR","TOT","PC_LF","M","2020-05",8.4,
"SWE","HUR","TOT","PC_LF","M","2020-06",9.2,
"SWE","HUR","TOT","PC_LF","M","2020-07",9.1,
"SWE","HUR","TOT","PC_LF","M","2020-08",9.1,
"SWE","HUR","TOT","PC_LF","M","2020-09",8.9,
"SWE","HUR","TOT","PC_LF","M","2020-10",8.6,
"SWE","HUR","TOT","PC_LF","M","2020-11",8.3,
"SWE","HUR","TOT","PC_LF","M","2020-12",8.7,
"TUR","HUR","TOT","PC_LF","M","2018-12",12.8,
"TUR","HUR","TOT","PC_LF","M","2019-01",13.4,
"TUR","HUR","TOT","PC_LF","M","2019-02",13.6,
"TUR","HUR","TOT","PC_LF","M","2019-03",13.8,
"TUR","HUR","TOT","PC_LF","M","2019-04",13.8,
"TUR","HUR","TOT","PC_LF","M","2019-05",13.9,
"TUR","HUR","TOT","PC_LF","M","2019-06",13.9,
"TUR","HUR","TOT","PC_LF","M","2019-07",14.2,
"TUR","HUR","TOT","PC_LF","M","2019-08",14.1,
"TUR","HUR","TOT","PC_LF","M","2019-09",13.9,
"TUR","HUR","TOT","PC_LF","M","2019-10",13.6,
"TUR","HUR","TOT","PC_LF","M","2019-11",13.2,
"TUR","HUR","TOT","PC_LF","M","2019-12",13.1,
"TUR","HUR","TOT","PC_LF","M","2020-01",12.6,
"TUR","HUR","TOT","PC_LF","M","2020-02",12.6,
"TUR","HUR","TOT","PC_LF","M","2020-03",12.9,
"TUR","HUR","TOT","PC_LF","M","2020-04",13.6,
"TUR","HUR","TOT","PC_LF","M","2020-05",14,
"TUR","HUR","TOT","PC_LF","M","2020-06",14.3,
"TUR","HUR","TOT","PC_LF","M","2020-07",13.8,
"TUR","HUR","TOT","PC_LF","M","2020-08",13.3,
"TUR","HUR","TOT","PC_LF","M","2020-09",12.7,
"TUR","HUR","TOT","PC_LF","M","2020-10",12.9,
"GBR","HUR","TOT","PC_LF","M","2018-12",3.8,
"GBR","HUR","TOT","PC_LF","M","2019-01",3.8,
"GBR","HUR","TOT","PC_LF","M","2019-02",3.7,
"GBR","HUR","TOT","PC_LF","M","2019-03",3.7,
"GBR","HUR","TOT","PC_LF","M","2019-04",3.7,
"GBR","HUR","TOT","PC_LF","M","2019-05",3.8,
"GBR","HUR","TOT","PC_LF","M","2019-06",3.8,
"GBR","HUR","TOT","PC_LF","M","2019-07",3.8,
"GBR","HUR","TOT","PC_LF","M","2019-08",3.8,
"GBR","HUR","TOT","PC_LF","M","2019-09",3.7,
"GBR","HUR","TOT","PC_LF","M","2019-10",3.7,
"GBR","HUR","TOT","PC_LF","M","2019-11",3.7,
"GBR","HUR","TOT","PC_LF","M","2019-12",3.7,
"GBR","HUR","TOT","PC_LF","M","2020-01",3.9,
"GBR","HUR","TOT","PC_LF","M","2020-02",3.9,
"GBR","HUR","TOT","PC_LF","M","2020-03",3.9,
"GBR","HUR","TOT","PC_LF","M","2020-04",3.9,
"GBR","HUR","TOT","PC_LF","M","2020-05",3.8,
"GBR","HUR","TOT","PC_LF","M","2020-06",4,
"GBR","HUR","TOT","PC_LF","M","2020-07",4.4,
"GBR","HUR","TOT","PC_LF","M","2020-08",4.7,
"GBR","HUR","TOT","PC_LF","M","2020-09",4.9,
"USA","HUR","TOT","PC_LF","M","2018-12",3.9,
"USA","HUR","TOT","PC_LF","M","2019-01",4,
"USA","HUR","TOT","PC_LF","M","2019-02",3.8,
"USA","HUR","TOT","PC_LF","M","2019-03",3.8,
"USA","HUR","TOT","PC_LF","M","2019-04",3.7,
"USA","HUR","TOT","PC_LF","M","2019-05",3.7,
"USA","HUR","TOT","PC_LF","M","2019-06",3.6,
"USA","HUR","TOT","PC_LF","M","2019-07",3.6,
"USA","HUR","TOT","PC_LF","M","2019-08",3.7,
"USA","HUR","TOT","PC_LF","M","2019-09",3.5,
"USA","HUR","TOT","PC_LF","M","2019-10",3.6,
"USA","HUR","TOT","PC_LF","M","2019-11",3.6,
"USA","HUR","TOT","PC_LF","M","2019-12",3.6,
"USA","HUR","TOT","PC_LF","M","2020-01",3.5,
"USA","HUR","TOT","PC_LF","M","2020-02",3.5,
"USA","HUR","TOT","PC_LF","M","2020-03",4.4,
"USA","HUR","TOT","PC_LF","M","2020-04",14.8,
"USA","HUR","TOT","PC_LF","M","2020-05",13.3,
"USA","HUR","TOT","PC_LF","M","2020-06",11.1,
"USA","HUR","TOT","PC_LF","M","2020-07",10.2,
"USA","HUR","TOT","PC_LF","M","2020-08",8.4,
"USA","HUR","TOT","PC_LF","M","2020-09",7.8,
"USA","HUR","TOT","PC_LF","M","2020-10",6.9,
"USA","HUR","TOT","PC_LF","M","2020-11",6.7,
"USA","HUR","TOT","PC_LF","M","2020-12",6.7,
"CHL","HUR","TOT","PC_LF","M","2018-12",7.545076,
"CHL","HUR","TOT","PC_LF","M","2019-01",7.315689,
"CHL","HUR","TOT","PC_LF","M","2019-02",7.219723,
"CHL","HUR","TOT","PC_LF","M","2019-03",7.134488,
"CHL","HUR","TOT","PC_LF","M","2019-04",6.992895,
"CHL","HUR","TOT","PC_LF","M","2019-05",6.964216,
"CHL","HUR","TOT","PC_LF","M","2019-06",7.105637,
"CHL","HUR","TOT","PC_LF","M","2019-07",7.207468,
"CHL","HUR","TOT","PC_LF","M","2019-08",7.121461,
"CHL","HUR","TOT","PC_LF","M","2019-09",7.115879,
"CHL","HUR","TOT","PC_LF","M","2019-10",7.25218,
"CHL","HUR","TOT","PC_LF","M","2019-11",7.612331,
"CHL","HUR","TOT","PC_LF","M","2019-12",7.858461,
"CHL","HUR","TOT","PC_LF","M","2020-01",8.117333,
"CHL","HUR","TOT","PC_LF","M","2020-02",8.191363,
"CHL","HUR","TOT","PC_LF","M","2020-03",9.070215,
"CHL","HUR","TOT","PC_LF","M","2020-04",10.88574,
"CHL","HUR","TOT","PC_LF","M","2020-05",11.75289,
"CHL","HUR","TOT","PC_LF","M","2020-06",12.31309,
"CHL","HUR","TOT","PC_LF","M","2020-07",12.26392,
"CHL","HUR","TOT","PC_LF","M","2020-08",11.94337,
"CHL","HUR","TOT","PC_LF","M","2020-09",11.50152,
"CHL","HUR","TOT","PC_LF","M","2020-10",11.17528,
"CHL","HUR","TOT","PC_LF","M","2020-11",11.05505,
"EST","HUR","TOT","PC_LF","M","2018-12",4.2,
"EST","HUR","TOT","PC_LF","M","2019-01",4.2,
"EST","HUR","TOT","PC_LF","M","2019-02",4.4,
"EST","HUR","TOT","PC_LF","M","2019-03",4,
"EST","HUR","TOT","PC_LF","M","2019-04",4.9,
"EST","HUR","TOT","PC_LF","M","2019-05",5,
"EST","HUR","TOT","PC_LF","M","2019-06",4.7,
"EST","HUR","TOT","PC_LF","M","2019-07",4.3,
"EST","HUR","TOT","PC_LF","M","2019-08",4,
"EST","HUR","TOT","PC_LF","M","2019-09",4.3,
"EST","HUR","TOT","PC_LF","M","2019-10",4.1,
"EST","HUR","TOT","PC_LF","M","2019-11",4.3,
"EST","HUR","TOT","PC_LF","M","2019-12",4.4,
"EST","HUR","TOT","PC_LF","M","2020-01",4.7,
"EST","HUR","TOT","PC_LF","M","2020-02",4.7,
"EST","HUR","TOT","PC_LF","M","2020-03",4.8,
"EST","HUR","TOT","PC_LF","M","2020-04",6,
"EST","HUR","TOT","PC_LF","M","2020-05",7,
"EST","HUR","TOT","PC_LF","M","2020-06",8,
"EST","HUR","TOT","PC_LF","M","2020-07",7.8,
"EST","HUR","TOT","PC_LF","M","2020-08",8,
"EST","HUR","TOT","PC_LF","M","2020-09",8.1,
"EST","HUR","TOT","PC_LF","M","2020-10",8.1,
"EST","HUR","TOT","PC_LF","M","2020-11",7.8,
"ISR","HUR","TOT","PC_LF","M","2018-12",4.148108,
"ISR","HUR","TOT","PC_LF","M","2019-01",4.242712,
"ISR","HUR","TOT","PC_LF","M","2019-02",4.134184,
"ISR","HUR","TOT","PC_LF","M","2019-03",3.969214,
"ISR","HUR","TOT","PC_LF","M","2019-04",3.979237,
"ISR","HUR","TOT","PC_LF","M","2019-05",3.732456,
"ISR","HUR","TOT","PC_LF","M","2019-06",3.941535,
"ISR","HUR","TOT","PC_LF","M","2019-07",3.593539,
"ISR","HUR","TOT","PC_LF","M","2019-08",3.587637,
"ISR","HUR","TOT","PC_LF","M","2019-09",3.555327,
"ISR","HUR","TOT","PC_LF","M","2019-10",3.555608,
"ISR","HUR","TOT","PC_LF","M","2019-11",3.934301,
"ISR","HUR","TOT","PC_LF","M","2019-12",3.552705,
"ISR","HUR","TOT","PC_LF","M","2020-01",3.644195,
"ISR","HUR","TOT","PC_LF","M","2020-02",3.443002,
"ISR","HUR","TOT","PC_LF","M","2020-03",3.629852,
"ISR","HUR","TOT","PC_LF","M","2020-04",3.670104,
"ISR","HUR","TOT","PC_LF","M","2020-05",4.256916,
"ISR","HUR","TOT","PC_LF","M","2020-06",4.602072,
"ISR","HUR","TOT","PC_LF","M","2020-07",4.661653,
"ISR","HUR","TOT","PC_LF","M","2020-08",4.862171,
"ISR","HUR","TOT","PC_LF","M","2020-09",4.621885,
"ISR","HUR","TOT","PC_LF","M","2020-10",4.688548,
"ISR","HUR","TOT","PC_LF","M","2020-11",4.758663,
"ISR","HUR","TOT","PC_LF","M","2020-12",4.763224,
"SVN","HUR","TOT","PC_LF","M","2018-12",4.4,
"SVN","HUR","TOT","PC_LF","M","2019-01",4.5,
"SVN","HUR","TOT","PC_LF","M","2019-02",4.5,
"SVN","HUR","TOT","PC_LF","M","2019-03",4.4,
"SVN","HUR","TOT","PC_LF","M","2019-04",4.3,
"SVN","HUR","TOT","PC_LF","M","2019-05",4.3,
"SVN","HUR","TOT","PC_LF","M","2019-06",4.5,
"SVN","HUR","TOT","PC_LF","M","2019-07",4.8,
"SVN","HUR","TOT","PC_LF","M","2019-08",4.9,
"SVN","HUR","TOT","PC_LF","M","2019-09",4.7,
"SVN","HUR","TOT","PC_LF","M","2019-10",4.4,
"SVN","HUR","TOT","PC_LF","M","2019-11",4.1,
"SVN","HUR","TOT","PC_LF","M","2019-12",3.8,
"SVN","HUR","TOT","PC_LF","M","2020-01",4.1,
"SVN","HUR","TOT","PC_LF","M","2020-02",4.2,
"SVN","HUR","TOT","PC_LF","M","2020-03",4.4,
"SVN","HUR","TOT","PC_LF","M","2020-04",5.3,
"SVN","HUR","TOT","PC_LF","M","2020-05",5.5,
"SVN","HUR","TOT","PC_LF","M","2020-06",5.4,
"SVN","HUR","TOT","PC_LF","M","2020-07",5.2,
"SVN","HUR","TOT","PC_LF","M","2020-08",5.2,
"SVN","HUR","TOT","PC_LF","M","2020-09",5,
"SVN","HUR","TOT","PC_LF","M","2020-10",4.9,
"SVN","HUR","TOT","PC_LF","M","2020-11",4.9,
"SVN","HUR","TOT","PC_LF","M","2020-12",4.7,
"EU28","HUR","TOT","PC_LF","M","2018-12",6.6,
"EU28","HUR","TOT","PC_LF","M","2019-01",6.5,
"EU28","HUR","TOT","PC_LF","M","2019-02",6.5,
"EU28","HUR","TOT","PC_LF","M","2019-03",6.4,
"EU28","HUR","TOT","PC_LF","M","2019-04",6.4,
"EU28","HUR","TOT","PC_LF","M","2019-05",6.3,
"EU28","HUR","TOT","PC_LF","M","2019-06",6.3,
"EU28","HUR","TOT","PC_LF","M","2019-07",6.3,
"EU28","HUR","TOT","PC_LF","M","2019-08",6.3,
"EU28","HUR","TOT","PC_LF","M","2019-09",6.3,
"EU28","HUR","TOT","PC_LF","M","2019-10",6.2,
"EU28","HUR","TOT","PC_LF","M","2019-11",6.2,
"EU28","HUR","TOT","PC_LF","M","2019-12",6.2,
"EU28","HUR","TOT","PC_LF","M","2020-01",6.2,
"OECD","HUR","TOT","PC_LF","M","2018-12",5.525457,"E"
"OECD","HUR","TOT","PC_LF","M","2019-01",5.555124,"E"
"OECD","HUR","TOT","PC_LF","M","2019-02",5.45747,"E"
"OECD","HUR","TOT","PC_LF","M","2019-03",5.491822,"E"
"OECD","HUR","TOT","PC_LF","M","2019-04",5.431927,"E"
"OECD","HUR","TOT","PC_LF","M","2019-05",5.415601,"E"
"OECD","HUR","TOT","PC_LF","M","2019-06",5.34737,"E"
"OECD","HUR","TOT","PC_LF","M","2019-07",5.388046,"E"
"OECD","HUR","TOT","PC_LF","M","2019-08",5.357976,"E"
"OECD","HUR","TOT","PC_LF","M","2019-09",5.307806,"E"
"OECD","HUR","TOT","PC_LF","M","2019-10",5.314564,"E"
"OECD","HUR","TOT","PC_LF","M","2019-11",5.300988,"E"
"OECD","HUR","TOT","PC_LF","M","2019-12",5.224772,"E"
"OECD","HUR","TOT","PC_LF","M","2020-01",5.274548,"E"
"OECD","HUR","TOT","PC_LF","M","2020-02",5.208958,"E"
"OECD","HUR","TOT","PC_LF","M","2020-03",5.584928,"E"
"OECD","HUR","TOT","PC_LF","M","2020-04",8.777449,"E"
"OECD","HUR","TOT","PC_LF","M","2020-05",8.663568,"E"
"OECD","HUR","TOT","PC_LF","M","2020-06",8.277089,"E"
"OECD","HUR","TOT","PC_LF","M","2020-07",8.118411,"E"
"OECD","HUR","TOT","PC_LF","M","2020-08",7.524383,"E"
"OECD","HUR","TOT","PC_LF","M","2020-09",7.291566,"E"
"OECD","HUR","TOT","PC_LF","M","2020-10",7.035749,"E"
"OECD","HUR","TOT","PC_LF","M","2020-11",6.863857,"E"
"OECD","HUR","TOT","PC_LF","M","2020-12",6.874547,"E"
"G-7","HUR","TOT","PC_LF","M","2018-12",4.46813,"E"
"G-7","HUR","TOT","PC_LF","M","2019-01",4.503193,"E"
"G-7","HUR","TOT","PC_LF","M","2019-02",4.373468,"E"
"G-7","HUR","TOT","PC_LF","M","2019-03",4.407736,"E"
"G-7","HUR","TOT","PC_LF","M","2019-04",4.318113,"E"
"G-7","HUR","TOT","PC_LF","M","2019-05",4.281296,"E"
"G-7","HUR","TOT","PC_LF","M","2019-06",4.225647,"E"
"G-7","HUR","TOT","PC_LF","M","2019-07",4.223917,"E"
"G-7","HUR","TOT","PC_LF","M","2019-08",4.210771,"E"
"G-7","HUR","TOT","PC_LF","M","2019-09",4.159214,"E"
"G-7","HUR","TOT","PC_LF","M","2019-10",4.182758,"E"
"G-7","HUR","TOT","PC_LF","M","2019-11",4.187235,"E"
"G-7","HUR","TOT","PC_LF","M","2019-12",4.161476,"E"
"G-7","HUR","TOT","PC_LF","M","2020-01",4.166145,"E"
"G-7","HUR","TOT","PC_LF","M","2020-02",4.145605,"E"
"G-7","HUR","TOT","PC_LF","M","2020-03",4.676596,"E"
"G-7","HUR","TOT","PC_LF","M","2020-04",9.169403,"E"
"G-7","HUR","TOT","PC_LF","M","2020-05",8.732031,"E"
"G-7","HUR","TOT","PC_LF","M","2020-06",7.803516,"E"
"G-7","HUR","TOT","PC_LF","M","2020-07",7.631472,"E"
"G-7","HUR","TOT","PC_LF","M","2020-08",6.879418,"E"
"G-7","HUR","TOT","PC_LF","M","2020-09",6.566433,"E"
"G-7","HUR","TOT","PC_LF","M","2020-10",6.16339,"E"
"G-7","HUR","TOT","PC_LF","M","2020-11",5.983221,"E"
"G-7","HUR","TOT","PC_LF","M","2020-12",6.040835,"E"
"EA19","HUR","TOT","PC_LF","M","2018-12",7.8,
"EA19","HUR","TOT","PC_LF","M","2019-01",7.8,
"EA19","HUR","TOT","PC_LF","M","2019-02",7.8,
"EA19","HUR","TOT","PC_LF","M","2019-03",7.7,
"EA19","HUR","TOT","PC_LF","M","2019-04",7.7,
"EA19","HUR","TOT","PC_LF","M","2019-05",7.6,
"EA19","HUR","TOT","PC_LF","M","2019-06",7.5,
"EA19","HUR","TOT","PC_LF","M","2019-07",7.5,
"EA19","HUR","TOT","PC_LF","M","2019-08",7.5,
"EA19","HUR","TOT","PC_LF","M","2019-09",7.4,
"EA19","HUR","TOT","PC_LF","M","2019-10",7.4,
"EA19","HUR","TOT","PC_LF","M","2019-11",7.4,
"EA19","HUR","TOT","PC_LF","M","2019-12",7.4,
"EA19","HUR","TOT","PC_LF","M","2020-01",7.3,
"EA19","HUR","TOT","PC_LF","M","2020-02",7.2,
"EA19","HUR","TOT","PC_LF","M","2020-03",7.4,
"EA19","HUR","TOT","PC_LF","M","2020-04",7.3,
"EA19","HUR","TOT","PC_LF","M","2020-05",7.6,
"EA19","HUR","TOT","PC_LF","M","2020-06",7.9,
"EA19","HUR","TOT","PC_LF","M","2020-07",8.6,
"EA19","HUR","TOT","PC_LF","M","2020-08",8.6,
"EA19","HUR","TOT","PC_LF","M","2020-09",8.6,
"EA19","HUR","TOT","PC_LF","M","2020-10",8.4,
"EA19","HUR","TOT","PC_LF","M","2020-11",8.3,
"EA19","HUR","TOT","PC_LF","M","2020-12",8.3,
"LVA","HUR","TOT","PC_LF","M","2018-12",6.9,
"LVA","HUR","TOT","PC_LF","M","2019-01",6.8,
"LVA","HUR","TOT","PC_LF","M","2019-02",6.6,
"LVA","HUR","TOT","PC_LF","M","2019-03",6.4,
"LVA","HUR","TOT","PC_LF","M","2019-04",6.3,
"LVA","HUR","TOT","PC_LF","M","2019-05",6.3,
"LVA","HUR","TOT","PC_LF","M","2019-06",6.4,
"LVA","HUR","TOT","PC_LF","M","2019-07",6.3,
"LVA","HUR","TOT","PC_LF","M","2019-08",6.2,
"LVA","HUR","TOT","PC_LF","M","2019-09",6,
"LVA","HUR","TOT","PC_LF","M","2019-10",5.8,
"LVA","HUR","TOT","PC_LF","M","2019-11",6,
"LVA","HUR","TOT","PC_LF","M","2019-12",6.5,
"LVA","HUR","TOT","PC_LF","M","2020-01",7,
"LVA","HUR","TOT","PC_LF","M","2020-02",7,
"LVA","HUR","TOT","PC_LF","M","2020-03",7.3,
"LVA","HUR","TOT","PC_LF","M","2020-04",8.2,
"LVA","HUR","TOT","PC_LF","M","2020-05",8.6,
"LVA","HUR","TOT","PC_LF","M","2020-06",8.8,
"LVA","HUR","TOT","PC_LF","M","2020-07",8.8,
"LVA","HUR","TOT","PC_LF","M","2020-08",8.6,
"LVA","HUR","TOT","PC_LF","M","2020-09",8.3,
"LVA","HUR","TOT","PC_LF","M","2020-10",8.1,
"LVA","HUR","TOT","PC_LF","M","2020-11",8.1,
"LVA","HUR","TOT","PC_LF","M","2020-12",8.2,
"LTU","HUR","TOT","PC_LF","M","2018-12",6,
"LTU","HUR","TOT","PC_LF","M","2019-01",6.1,
"LTU","HUR","TOT","PC_LF","M","2019-02",6,
"LTU","HUR","TOT","PC_LF","M","2019-03",6,
"LTU","HUR","TOT","PC_LF","M","2019-04",6,
"LTU","HUR","TOT","PC_LF","M","2019-05",6.1,
"LTU","HUR","TOT","PC_LF","M","2019-06",6.2,
"LTU","HUR","TOT","PC_LF","M","2019-07",6.4,
"LTU","HUR","TOT","PC_LF","M","2019-08",6.6,
"LTU","HUR","TOT","PC_LF","M","2019-09",6.7,
"LTU","HUR","TOT","PC_LF","M","2019-10",6.4,
"LTU","HUR","TOT","PC_LF","M","2019-11",6.5,
"LTU","HUR","TOT","PC_LF","M","2019-12",6.4,
"LTU","HUR","TOT","PC_LF","M","2020-01",6.1,
"LTU","HUR","TOT","PC_LF","M","2020-02",6.3,
"LTU","HUR","TOT","PC_LF","M","2020-03",6.6,
"LTU","HUR","TOT","PC_LF","M","2020-04",7.8,
"LTU","HUR","TOT","PC_LF","M","2020-05",8.5,
"LTU","HUR","TOT","PC_LF","M","2020-06",8.8,
"LTU","HUR","TOT","PC_LF","M","2020-07",9.6,
"LTU","HUR","TOT","PC_LF","M","2020-08",10.2,
"LTU","HUR","TOT","PC_LF","M","2020-09",10.5,
"LTU","HUR","TOT","PC_LF","M","2020-10",10.4,
"LTU","HUR","TOT","PC_LF","M","2020-11",10.4,
"LTU","HUR","TOT","PC_LF","M","2020-12",10.1,
"COL","HUR","TOT","PC_LF","M","2018-12",10.634,
"COL","HUR","TOT","PC_LF","M","2019-01",10.46153,
"COL","HUR","TOT","PC_LF","M","2019-02",10.4857,
"COL","HUR","TOT","PC_LF","M","2019-03",10.46771,
"COL","HUR","TOT","PC_LF","M","2019-04",10.56637,
"COL","HUR","TOT","PC_LF","M","2019-05",10.45796,
"COL","HUR","TOT","PC_LF","M","2019-06",9.867657,
"COL","HUR","TOT","PC_LF","M","2019-07",10.39966,
"COL","HUR","TOT","PC_LF","M","2019-08",11.02299,
"COL","HUR","TOT","PC_LF","M","2019-09",10.66299,
"COL","HUR","TOT","PC_LF","M","2019-10",10.92859,
"COL","HUR","TOT","PC_LF","M","2019-11",10.7597,
"COL","HUR","TOT","PC_LF","M","2019-12",10.42266,
"COL","HUR","TOT","PC_LF","M","2020-01",10.59648,
"COL","HUR","TOT","PC_LF","M","2020-02",10.81641,
"COL","HUR","TOT","PC_LF","M","2020-03",12.12111,
"COL","HUR","TOT","PC_LF","M","2020-04",20.13249,
"COL","HUR","TOT","PC_LF","M","2020-05",20.96251,
"COL","HUR","TOT","PC_LF","M","2020-06",20.43531,
"COL","HUR","TOT","PC_LF","M","2020-07",19.43816,
"COL","HUR","TOT","PC_LF","M","2020-08",16.86647,
"COL","HUR","TOT","PC_LF","M","2020-09",16.28685,
"COL","HUR","TOT","PC_LF","M","2020-10",16.05399,
"COL","HUR","TOT","PC_LF","M","2020-11",15.30496,
"COL","HUR","TOT","PC_LF","M","2020-12",14.61794,
"EU27_2020","HUR","TOT","PC_LF","M","2018-12",7,
"EU27_2020","HUR","TOT","PC_LF","M","2019-01",7,
"EU27_2020","HUR","TOT","PC_LF","M","2019-02",6.9,
"EU27_2020","HUR","TOT","PC_LF","M","2019-03",6.9,
"EU27_2020","HUR","TOT","PC_LF","M","2019-04",6.8,
"EU27_2020","HUR","TOT","PC_LF","M","2019-05",6.7,
"EU27_2020","HUR","TOT","PC_LF","M","2019-06",6.6,
"EU27_2020","HUR","TOT","PC_LF","M","2019-07",6.7,
"EU27_2020","HUR","TOT","PC_LF","M","2019-08",6.6,
"EU27_2020","HUR","TOT","PC_LF","M","2019-09",6.6,
"EU27_2020","HUR","TOT","PC_LF","M","2019-10",6.6,
"EU27_2020","HUR","TOT","PC_LF","M","2019-11",6.6,
"EU27_2020","HUR","TOT","PC_LF","M","2019-12",6.5,
"EU27_2020","HUR","TOT","PC_LF","M","2020-01",6.5,
"EU27_2020","HUR","TOT","PC_LF","M","2020-02",6.5,
"EU27_2020","HUR","TOT","PC_LF","M","2020-03",6.6,
"EU27_2020","HUR","TOT","PC_LF","M","2020-04",6.6,
"EU27_2020","HUR","TOT","PC_LF","M","2020-05",6.9,
"EU27_2020","HUR","TOT","PC_LF","M","2020-06",7.2,
"EU27_2020","HUR","TOT","PC_LF","M","2020-07",7.7,
"EU27_2020","HUR","TOT","PC_LF","M","2020-08",7.7,
"EU27_2020","HUR","TOT","PC_LF","M","2020-09",7.7,
"EU27_2020","HUR","TOT","PC_LF","M","2020-10",7.6,
"EU27_2020","HUR","TOT","PC_LF","M","2020-11",7.5,
"EU27_2020","HUR","TOT","PC_LF","M","2020-12",7.5,
