﻿"LOCATION","INDICATOR","SUBJECT","MEASURE","FREQUENCY","TIME","Value","Flag Codes"
"GBR","CLI","AMPLITUD","LTRENDIDX","M","2017-12",100.6626,
"GBR","CLI","AMPLITUD","LTRENDIDX","M","2018-01",100.5376,
"GBR","CLI","AMPLITUD","LTRENDIDX","M","2018-02",100.4067,
"GBR","CLI","AMPLITUD","LTRENDIDX","M","2018-03",100.2632,
"GBR","CLI","AMPLITUD","LTRENDIDX","M","2018-04",100.1111,
"GBR","CLI","AMPLITUD","LTRENDIDX","M","2018-05",99.93928,
"GBR","CLI","AMPLITUD","LTRENDIDX","M","2018-06",99.71391,
"GBR","CLI","AMPLITUD","LTRENDIDX","M","2018-07",99.43042,
"GBR","CLI","AMPLITUD","LTRENDIDX","M","2018-08",99.09888,
"GBR","CLI","AMPLITUD","LTRENDIDX","M","2018-09",98.75233,
"GBR","CLI","AMPLITUD","LTRENDIDX","M","2018-10",98.42655,
"GBR","CLI","AMPLITUD","LTRENDIDX","M","2018-11",98.1287,
"GBR","CLI","AMPLITUD","LTRENDIDX","M","2018-12",97.8778,
"GBR","CLI","AMPLITUD","LTRENDIDX","M","2019-01",97.69188,
"GBR","CLI","AMPLITUD","LTRENDIDX","M","2019-02",97.56297,
"GBR","CLI","AMPLITUD","LTRENDIDX","M","2019-03",97.46182,
"GBR","CLI","AMPLITUD","LTRENDIDX","M","2019-04",97.3782,
"GBR","CLI","AMPLITUD","LTRENDIDX","M","2019-05",97.29537,
"GBR","CLI","AMPLITUD","LTRENDIDX","M","2019-06",97.20509,
"GBR","CLI","AMPLITUD","LTRENDIDX","M","2019-07",97.11456,
"GBR","CLI","AMPLITUD","LTRENDIDX","M","2019-08",97.0338,
"GBR","CLI","AMPLITUD","LTRENDIDX","M","2019-09",97.01348,
"GBR","CLI","AMPLITUD","LTRENDIDX","M","2019-10",97.09295,
"GBR","CLI","AMPLITUD","LTRENDIDX","M","2019-11",97.28501,
"GBR","CLI","AMPLITUD","LTRENDIDX","M","2019-12",97.59352,
"GBR","CLI","AMPLITUD","LTRENDIDX","M","2020-01",98.02702,
"GBR","CLI","AMPLITUD","LTRENDIDX","M","2020-02",98.58304,
"GBR","CLI","AMPLITUD","LTRENDIDX","M","2020-03",95.97882,
"GBR","CLI","AMPLITUD","LTRENDIDX","M","2020-04",86.62909,
"GBR","CLI","AMPLITUD","LTRENDIDX","M","2020-05",88.88741,
"GBR","CLI","AMPLITUD","LTRENDIDX","M","2020-06",93.88782,
"GBR","CLI","AMPLITUD","LTRENDIDX","M","2020-07",98.5923,
"GBR","CLI","AMPLITUD","LTRENDIDX","M","2020-08",99.69164,
"GBR","CLI","AMPLITUD","LTRENDIDX","M","2020-09",99.48878,
"GBR","CLI","AMPLITUD","LTRENDIDX","M","2020-10",99.29014,
"GBR","CLI","AMPLITUD","LTRENDIDX","M","2020-11",99.17432,
"GBR","CLI","AMPLITUD","LTRENDIDX","M","2020-12",99.27773,
"CHN","CLI","AMPLITUD","LTRENDIDX","M","2017-12",100.2979,
"CHN","CLI","AMPLITUD","LTRENDIDX","M","2018-01",100.0939,
"CHN","CLI","AMPLITUD","LTRENDIDX","M","2018-02",99.91369,
"CHN","CLI","AMPLITUD","LTRENDIDX","M","2018-03",99.77538,
"CHN","CLI","AMPLITUD","LTRENDIDX","M","2018-04",99.6582,
"CHN","CLI","AMPLITUD","LTRENDIDX","M","2018-05",99.55173,
"CHN","CLI","AMPLITUD","LTRENDIDX","M","2018-06",99.44045,
"CHN","CLI","AMPLITUD","LTRENDIDX","M","2018-07",99.32888,
"CHN","CLI","AMPLITUD","LTRENDIDX","M","2018-08",99.22788,
"CHN","CLI","AMPLITUD","LTRENDIDX","M","2018-09",99.15414,
"CHN","CLI","AMPLITUD","LTRENDIDX","M","2018-10",99.1114,
"CHN","CLI","AMPLITUD","LTRENDIDX","M","2018-11",99.10076,
"CHN","CLI","AMPLITUD","LTRENDIDX","M","2018-12",99.11279,
"CHN","CLI","AMPLITUD","LTRENDIDX","M","2019-01",99.1463,
"CHN","CLI","AMPLITUD","LTRENDIDX","M","2019-02",99.18583,
"CHN","CLI","AMPLITUD","LTRENDIDX","M","2019-03",99.22169,
"CHN","CLI","AMPLITUD","LTRENDIDX","M","2019-04",99.22619,
"CHN","CLI","AMPLITUD","LTRENDIDX","M","2019-05",99.19213,
"CHN","CLI","AMPLITUD","LTRENDIDX","M","2019-06",99.12498,
"CHN","CLI","AMPLITUD","LTRENDIDX","M","2019-07",99.01706,
"CHN","CLI","AMPLITUD","LTRENDIDX","M","2019-08",98.85503,
"CHN","CLI","AMPLITUD","LTRENDIDX","M","2019-09",98.63731,
"CHN","CLI","AMPLITUD","LTRENDIDX","M","2019-10",98.38243,
"CHN","CLI","AMPLITUD","LTRENDIDX","M","2019-11",98.11738,
"CHN","CLI","AMPLITUD","LTRENDIDX","M","2019-12",97.85172,
"CHN","CLI","AMPLITUD","LTRENDIDX","M","2020-01",97.60492,
"CHN","CLI","AMPLITUD","LTRENDIDX","M","2020-02",85.38329,
"CHN","CLI","AMPLITUD","LTRENDIDX","M","2020-03",92.34856,
"CHN","CLI","AMPLITUD","LTRENDIDX","M","2020-04",95.14948,
"CHN","CLI","AMPLITUD","LTRENDIDX","M","2020-05",97.71723,
"CHN","CLI","AMPLITUD","LTRENDIDX","M","2020-06",98.10716,
"CHN","CLI","AMPLITUD","LTRENDIDX","M","2020-07",98.5804,
"CHN","CLI","AMPLITUD","LTRENDIDX","M","2020-08",99.06377,
"CHN","CLI","AMPLITUD","LTRENDIDX","M","2020-09",99.44561,
"CHN","CLI","AMPLITUD","LTRENDIDX","M","2020-10",99.83053,
"CHN","CLI","AMPLITUD","LTRENDIDX","M","2020-11",100.2437,
"CHN","CLI","AMPLITUD","LTRENDIDX","M","2020-12",100.6123,
"NOR","CLI","AMPLITUD","LTRENDIDX","M","2017-12",100.7481,
"NOR","CLI","AMPLITUD","LTRENDIDX","M","2018-01",100.8713,
"NOR","CLI","AMPLITUD","LTRENDIDX","M","2018-02",100.9468,
"NOR","CLI","AMPLITUD","LTRENDIDX","M","2018-03",100.9851,
"NOR","CLI","AMPLITUD","LTRENDIDX","M","2018-04",100.9814,
"NOR","CLI","AMPLITUD","LTRENDIDX","M","2018-05",100.9464,
"NOR","CLI","AMPLITUD","LTRENDIDX","M","2018-06",100.899,
"NOR","CLI","AMPLITUD","LTRENDIDX","M","2018-07",100.8667,
"NOR","CLI","AMPLITUD","LTRENDIDX","M","2018-08",100.8468,
"NOR","CLI","AMPLITUD","LTRENDIDX","M","2018-09",100.8324,
"NOR","CLI","AMPLITUD","LTRENDIDX","M","2018-10",100.8303,
"NOR","CLI","AMPLITUD","LTRENDIDX","M","2018-11",100.8122,
"NOR","CLI","AMPLITUD","LTRENDIDX","M","2018-12",100.782,
"NOR","CLI","AMPLITUD","LTRENDIDX","M","2019-01",100.7205,
"NOR","CLI","AMPLITUD","LTRENDIDX","M","2019-02",100.6161,
"NOR","CLI","AMPLITUD","LTRENDIDX","M","2019-03",100.4788,
"NOR","CLI","AMPLITUD","LTRENDIDX","M","2019-04",100.3146,
"NOR","CLI","AMPLITUD","LTRENDIDX","M","2019-05",100.1471,
"NOR","CLI","AMPLITUD","LTRENDIDX","M","2019-06",99.99741,
"NOR","CLI","AMPLITUD","LTRENDIDX","M","2019-07",99.87754,
"NOR","CLI","AMPLITUD","LTRENDIDX","M","2019-08",99.79073,
"NOR","CLI","AMPLITUD","LTRENDIDX","M","2019-09",99.73984,
"NOR","CLI","AMPLITUD","LTRENDIDX","M","2019-10",99.73235,
"NOR","CLI","AMPLITUD","LTRENDIDX","M","2019-11",99.75636,
"NOR","CLI","AMPLITUD","LTRENDIDX","M","2019-12",99.78429,
"NOR","CLI","AMPLITUD","LTRENDIDX","M","2020-01",99.78942,
"NOR","CLI","AMPLITUD","LTRENDIDX","M","2020-02",99.7619,
"NOR","CLI","AMPLITUD","LTRENDIDX","M","2020-03",93.4098,
"NOR","CLI","AMPLITUD","LTRENDIDX","M","2020-04",95.68785,
"NOR","CLI","AMPLITUD","LTRENDIDX","M","2020-05",97.13663,
"NOR","CLI","AMPLITUD","LTRENDIDX","M","2020-06",98.05612,
"NOR","CLI","AMPLITUD","LTRENDIDX","M","2020-07",98.56924,
"NOR","CLI","AMPLITUD","LTRENDIDX","M","2020-08",99.11772,
"NOR","CLI","AMPLITUD","LTRENDIDX","M","2020-09",99.30888,
"NOR","CLI","AMPLITUD","LTRENDIDX","M","2020-10",99.5946,
"NOR","CLI","AMPLITUD","LTRENDIDX","M","2020-11",99.94915,
"SVK","CLI","AMPLITUD","LTRENDIDX","M","2017-12",101.3373,
"SVK","CLI","AMPLITUD","LTRENDIDX","M","2018-01",101.4475,
"SVK","CLI","AMPLITUD","LTRENDIDX","M","2018-02",101.534,
"SVK","CLI","AMPLITUD","LTRENDIDX","M","2018-03",101.5802,
"SVK","CLI","AMPLITUD","LTRENDIDX","M","2018-04",101.6016,
"SVK","CLI","AMPLITUD","LTRENDIDX","M","2018-05",101.6038,
"SVK","CLI","AMPLITUD","LTRENDIDX","M","2018-06",101.5771,
"SVK","CLI","AMPLITUD","LTRENDIDX","M","2018-07",101.5363,
"SVK","CLI","AMPLITUD","LTRENDIDX","M","2018-08",101.5103,
"SVK","CLI","AMPLITUD","LTRENDIDX","M","2018-09",101.5074,
"SVK","CLI","AMPLITUD","LTRENDIDX","M","2018-10",101.4928,
"SVK","CLI","AMPLITUD","LTRENDIDX","M","2018-11",101.4303,
"SVK","CLI","AMPLITUD","LTRENDIDX","M","2018-12",101.3005,
"SVK","CLI","AMPLITUD","LTRENDIDX","M","2019-01",101.0962,
"SVK","CLI","AMPLITUD","LTRENDIDX","M","2019-02",100.8616,
"SVK","CLI","AMPLITUD","LTRENDIDX","M","2019-03",100.6157,
"SVK","CLI","AMPLITUD","LTRENDIDX","M","2019-04",100.3482,
"SVK","CLI","AMPLITUD","LTRENDIDX","M","2019-05",100.0567,
"SVK","CLI","AMPLITUD","LTRENDIDX","M","2019-06",99.76404,
"SVK","CLI","AMPLITUD","LTRENDIDX","M","2019-07",99.49075,
"SVK","CLI","AMPLITUD","LTRENDIDX","M","2019-08",99.28058,
"SVK","CLI","AMPLITUD","LTRENDIDX","M","2019-09",99.15929,
"SVK","CLI","AMPLITUD","LTRENDIDX","M","2019-10",99.11494,
"SVK","CLI","AMPLITUD","LTRENDIDX","M","2019-11",99.11532,
"SVK","CLI","AMPLITUD","LTRENDIDX","M","2019-12",99.09575,
"SVK","CLI","AMPLITUD","LTRENDIDX","M","2020-01",99.03407,
"SVK","CLI","AMPLITUD","LTRENDIDX","M","2020-02",98.91782,
"SVK","CLI","AMPLITUD","LTRENDIDX","M","2020-03",97.92195,
"SVK","CLI","AMPLITUD","LTRENDIDX","M","2020-04",88.46527,
"SVK","CLI","AMPLITUD","LTRENDIDX","M","2020-05",89.99859,
"SVK","CLI","AMPLITUD","LTRENDIDX","M","2020-06",93.2807,
"SVK","CLI","AMPLITUD","LTRENDIDX","M","2020-07",93.55692,
"SVK","CLI","AMPLITUD","LTRENDIDX","M","2020-08",95.59357,
"SVK","CLI","AMPLITUD","LTRENDIDX","M","2020-09",95.20952,
"SVK","CLI","AMPLITUD","LTRENDIDX","M","2020-10",95.25214,
"SVK","CLI","AMPLITUD","LTRENDIDX","M","2020-11",95.14137,
"SVK","CLI","AMPLITUD","LTRENDIDX","M","2020-12",95.04523,
"BRA","CLI","AMPLITUD","LTRENDIDX","M","2017-12",103.0237,
"BRA","CLI","AMPLITUD","LTRENDIDX","M","2018-01",103.2179,
"BRA","CLI","AMPLITUD","LTRENDIDX","M","2018-02",103.3007,
"BRA","CLI","AMPLITUD","LTRENDIDX","M","2018-03",103.2531,
"BRA","CLI","AMPLITUD","LTRENDIDX","M","2018-04",103.0818,
"BRA","CLI","AMPLITUD","LTRENDIDX","M","2018-05",102.8216,
"BRA","CLI","AMPLITUD","LTRENDIDX","M","2018-06",102.5373,
"BRA","CLI","AMPLITUD","LTRENDIDX","M","2018-07",102.2981,
"BRA","CLI","AMPLITUD","LTRENDIDX","M","2018-08",102.1239,
"BRA","CLI","AMPLITUD","LTRENDIDX","M","2018-09",102.0286,
"BRA","CLI","AMPLITUD","LTRENDIDX","M","2018-10",102.0372,
"BRA","CLI","AMPLITUD","LTRENDIDX","M","2018-11",102.126,
"BRA","CLI","AMPLITUD","LTRENDIDX","M","2018-12",102.2494,
"BRA","CLI","AMPLITUD","LTRENDIDX","M","2019-01",102.3679,
"BRA","CLI","AMPLITUD","LTRENDIDX","M","2019-02",102.429,
"BRA","CLI","AMPLITUD","LTRENDIDX","M","2019-03",102.4323,
"BRA","CLI","AMPLITUD","LTRENDIDX","M","2019-04",102.4258,
"BRA","CLI","AMPLITUD","LTRENDIDX","M","2019-05",102.4544,
"BRA","CLI","AMPLITUD","LTRENDIDX","M","2019-06",102.5467,
"BRA","CLI","AMPLITUD","LTRENDIDX","M","2019-07",102.6871,
"BRA","CLI","AMPLITUD","LTRENDIDX","M","2019-08",102.8493,
"BRA","CLI","AMPLITUD","LTRENDIDX","M","2019-09",103.0099,
"BRA","CLI","AMPLITUD","LTRENDIDX","M","2019-10",103.1179,
"BRA","CLI","AMPLITUD","LTRENDIDX","M","2019-11",103.1144,
"BRA","CLI","AMPLITUD","LTRENDIDX","M","2019-12",102.9198,
"BRA","CLI","AMPLITUD","LTRENDIDX","M","2020-01",102.4653,
"BRA","CLI","AMPLITUD","LTRENDIDX","M","2020-02",101.7653,
"BRA","CLI","AMPLITUD","LTRENDIDX","M","2020-03",100.1015,
"BRA","CLI","AMPLITUD","LTRENDIDX","M","2020-04",92.60233,
"BRA","CLI","AMPLITUD","LTRENDIDX","M","2020-05",94.7573,
"BRA","CLI","AMPLITUD","LTRENDIDX","M","2020-06",99.29936,
"BRA","CLI","AMPLITUD","LTRENDIDX","M","2020-07",100.8875,
"BRA","CLI","AMPLITUD","LTRENDIDX","M","2020-08",101.5207,
"BRA","CLI","AMPLITUD","LTRENDIDX","M","2020-09",102.1821,
"BRA","CLI","AMPLITUD","LTRENDIDX","M","2020-10",102.8411,
"BRA","CLI","AMPLITUD","LTRENDIDX","M","2020-11",103.5141,
"BRA","CLI","AMPLITUD","LTRENDIDX","M","2020-12",104.2183,
"BEL","CLI","AMPLITUD","LTRENDIDX","M","2017-12",101.2636,
"BEL","CLI","AMPLITUD","LTRENDIDX","M","2018-01",101.2554,
"BEL","CLI","AMPLITUD","LTRENDIDX","M","2018-02",101.1752,
"BEL","CLI","AMPLITUD","LTRENDIDX","M","2018-03",101.0494,
"BEL","CLI","AMPLITUD","LTRENDIDX","M","2018-04",100.9292,
"BEL","CLI","AMPLITUD","LTRENDIDX","M","2018-05",100.8345,
"BEL","CLI","AMPLITUD","LTRENDIDX","M","2018-06",100.7386,
"BEL","CLI","AMPLITUD","LTRENDIDX","M","2018-07",100.6295,
"BEL","CLI","AMPLITUD","LTRENDIDX","M","2018-08",100.5007,
"BEL","CLI","AMPLITUD","LTRENDIDX","M","2018-09",100.3496,
"BEL","CLI","AMPLITUD","LTRENDIDX","M","2018-10",100.1929,
"BEL","CLI","AMPLITUD","LTRENDIDX","M","2018-11",100.0634,
"BEL","CLI","AMPLITUD","LTRENDIDX","M","2018-12",99.95866,
"BEL","CLI","AMPLITUD","LTRENDIDX","M","2019-01",99.90416,
"BEL","CLI","AMPLITUD","LTRENDIDX","M","2019-02",99.88228,
"BEL","CLI","AMPLITUD","LTRENDIDX","M","2019-03",99.86656,
"BEL","CLI","AMPLITUD","LTRENDIDX","M","2019-04",99.83952,
"BEL","CLI","AMPLITUD","LTRENDIDX","M","2019-05",99.79739,
"BEL","CLI","AMPLITUD","LTRENDIDX","M","2019-06",99.74099,
"BEL","CLI","AMPLITUD","LTRENDIDX","M","2019-07",99.67989,
"BEL","CLI","AMPLITUD","LTRENDIDX","M","2019-08",99.63732,
"BEL","CLI","AMPLITUD","LTRENDIDX","M","2019-09",99.63301,
"BEL","CLI","AMPLITUD","LTRENDIDX","M","2019-10",99.6838,
"BEL","CLI","AMPLITUD","LTRENDIDX","M","2019-11",99.7434,
"BEL","CLI","AMPLITUD","LTRENDIDX","M","2019-12",99.77595,
"BEL","CLI","AMPLITUD","LTRENDIDX","M","2020-01",99.76134,
"BEL","CLI","AMPLITUD","LTRENDIDX","M","2020-02",99.70755,
"BEL","CLI","AMPLITUD","LTRENDIDX","M","2020-03",97.46991,
"BEL","CLI","AMPLITUD","LTRENDIDX","M","2020-04",92.10126,
"BEL","CLI","AMPLITUD","LTRENDIDX","M","2020-05",94.62243,
"BEL","CLI","AMPLITUD","LTRENDIDX","M","2020-06",96.85514,
"BEL","CLI","AMPLITUD","LTRENDIDX","M","2020-07",98.48782,
"BEL","CLI","AMPLITUD","LTRENDIDX","M","2020-08",99.52139,
"BEL","CLI","AMPLITUD","LTRENDIDX","M","2020-09",99.69498,
"BEL","CLI","AMPLITUD","LTRENDIDX","M","2020-10",99.83136,
"BEL","CLI","AMPLITUD","LTRENDIDX","M","2020-11",99.96266,
"BEL","CLI","AMPLITUD","LTRENDIDX","M","2020-12",100.2057,
"HUN","CLI","AMPLITUD","LTRENDIDX","M","2017-12",101.2486,
"HUN","CLI","AMPLITUD","LTRENDIDX","M","2018-01",101.344,
"HUN","CLI","AMPLITUD","LTRENDIDX","M","2018-02",101.4172,
"HUN","CLI","AMPLITUD","LTRENDIDX","M","2018-03",101.4505,
"HUN","CLI","AMPLITUD","LTRENDIDX","M","2018-04",101.4522,
"HUN","CLI","AMPLITUD","LTRENDIDX","M","2018-05",101.428,
"HUN","CLI","AMPLITUD","LTRENDIDX","M","2018-06",101.3778,
"HUN","CLI","AMPLITUD","LTRENDIDX","M","2018-07",101.2873,
"HUN","CLI","AMPLITUD","LTRENDIDX","M","2018-08",101.1763,
"HUN","CLI","AMPLITUD","LTRENDIDX","M","2018-09",101.0663,
"HUN","CLI","AMPLITUD","LTRENDIDX","M","2018-10",100.9881,
"HUN","CLI","AMPLITUD","LTRENDIDX","M","2018-11",100.9578,
"HUN","CLI","AMPLITUD","LTRENDIDX","M","2018-12",100.9654,
"HUN","CLI","AMPLITUD","LTRENDIDX","M","2019-01",100.9757,
"HUN","CLI","AMPLITUD","LTRENDIDX","M","2019-02",100.9469,
"HUN","CLI","AMPLITUD","LTRENDIDX","M","2019-03",100.8536,
"HUN","CLI","AMPLITUD","LTRENDIDX","M","2019-04",100.6978,
"HUN","CLI","AMPLITUD","LTRENDIDX","M","2019-05",100.5059,
"HUN","CLI","AMPLITUD","LTRENDIDX","M","2019-06",100.3052,
"HUN","CLI","AMPLITUD","LTRENDIDX","M","2019-07",100.139,
"HUN","CLI","AMPLITUD","LTRENDIDX","M","2019-08",100.0159,
"HUN","CLI","AMPLITUD","LTRENDIDX","M","2019-09",99.93784,
"HUN","CLI","AMPLITUD","LTRENDIDX","M","2019-10",99.88144,
"HUN","CLI","AMPLITUD","LTRENDIDX","M","2019-11",99.797,
"HUN","CLI","AMPLITUD","LTRENDIDX","M","2019-12",99.63144,
"HUN","CLI","AMPLITUD","LTRENDIDX","M","2020-01",99.36576,
"HUN","CLI","AMPLITUD","LTRENDIDX","M","2020-02",98.99182,
"HUN","CLI","AMPLITUD","LTRENDIDX","M","2020-03",98.54962,
"HUN","CLI","AMPLITUD","LTRENDIDX","M","2020-04",93.03118,
"HUN","CLI","AMPLITUD","LTRENDIDX","M","2020-05",92.82694,
"HUN","CLI","AMPLITUD","LTRENDIDX","M","2020-06",94.81303,
"HUN","CLI","AMPLITUD","LTRENDIDX","M","2020-07",94.93003,
"HUN","CLI","AMPLITUD","LTRENDIDX","M","2020-08",95.1189,
"HUN","CLI","AMPLITUD","LTRENDIDX","M","2020-09",95.32806,
"HUN","CLI","AMPLITUD","LTRENDIDX","M","2020-10",95.30531,
"HUN","CLI","AMPLITUD","LTRENDIDX","M","2020-11",95.28681,
"HUN","CLI","AMPLITUD","LTRENDIDX","M","2020-12",95.26688,
"OECDE","CLI","AMPLITUD","LTRENDIDX","M","2017-12",101.6961,
"OECDE","CLI","AMPLITUD","LTRENDIDX","M","2018-01",101.6405,
"OECDE","CLI","AMPLITUD","LTRENDIDX","M","2018-02",101.5403,
"OECDE","CLI","AMPLITUD","LTRENDIDX","M","2018-03",101.3983,
"OECDE","CLI","AMPLITUD","LTRENDIDX","M","2018-04",101.2261,
"OECDE","CLI","AMPLITUD","LTRENDIDX","M","2018-05",101.0289,
"OECDE","CLI","AMPLITUD","LTRENDIDX","M","2018-06",100.8052,
"OECDE","CLI","AMPLITUD","LTRENDIDX","M","2018-07",100.5555,
"OECDE","CLI","AMPLITUD","LTRENDIDX","M","2018-08",100.2919,
"OECDE","CLI","AMPLITUD","LTRENDIDX","M","2018-09",100.0486,
"OECDE","CLI","AMPLITUD","LTRENDIDX","M","2018-10",99.85416,
"OECDE","CLI","AMPLITUD","LTRENDIDX","M","2018-11",99.71534,
"OECDE","CLI","AMPLITUD","LTRENDIDX","M","2018-12",99.61405,
"OECDE","CLI","AMPLITUD","LTRENDIDX","M","2019-01",99.54685,
"OECDE","CLI","AMPLITUD","LTRENDIDX","M","2019-02",99.50726,
"OECDE","CLI","AMPLITUD","LTRENDIDX","M","2019-03",99.47578,
"OECDE","CLI","AMPLITUD","LTRENDIDX","M","2019-04",99.44077,
"OECDE","CLI","AMPLITUD","LTRENDIDX","M","2019-05",99.39516,
"OECDE","CLI","AMPLITUD","LTRENDIDX","M","2019-06",99.34482,
"OECDE","CLI","AMPLITUD","LTRENDIDX","M","2019-07",99.30531,
"OECDE","CLI","AMPLITUD","LTRENDIDX","M","2019-08",99.29089,
"OECDE","CLI","AMPLITUD","LTRENDIDX","M","2019-09",99.30232,
"OECDE","CLI","AMPLITUD","LTRENDIDX","M","2019-10",99.33534,
"OECDE","CLI","AMPLITUD","LTRENDIDX","M","2019-11",99.36924,
"OECDE","CLI","AMPLITUD","LTRENDIDX","M","2019-12",99.38515,
"OECDE","CLI","AMPLITUD","LTRENDIDX","M","2020-01",99.37312,
"OECDE","CLI","AMPLITUD","LTRENDIDX","M","2020-02",99.33393,
"OECDE","CLI","AMPLITUD","LTRENDIDX","M","2020-03",96.87456,
"OECDE","CLI","AMPLITUD","LTRENDIDX","M","2020-04",90.34396,
"OECDE","CLI","AMPLITUD","LTRENDIDX","M","2020-05",93.02601,
"OECDE","CLI","AMPLITUD","LTRENDIDX","M","2020-06",96.7795,
"OECDE","CLI","AMPLITUD","LTRENDIDX","M","2020-07",98.22281,
"OECDE","CLI","AMPLITUD","LTRENDIDX","M","2020-08",98.76143,
"OECDE","CLI","AMPLITUD","LTRENDIDX","M","2020-09",98.90823,
"OECDE","CLI","AMPLITUD","LTRENDIDX","M","2020-10",98.97127,
"OECDE","CLI","AMPLITUD","LTRENDIDX","M","2020-11",99.00334,
"OECDE","CLI","AMPLITUD","LTRENDIDX","M","2020-12",99.09963,
"OECD","CLI","AMPLITUD","LTRENDIDX","M","2017-12",101.0379,
"OECD","CLI","AMPLITUD","LTRENDIDX","M","2018-01",101.0463,
"OECD","CLI","AMPLITUD","LTRENDIDX","M","2018-02",101.0361,
"OECD","CLI","AMPLITUD","LTRENDIDX","M","2018-03",100.9927,
"OECD","CLI","AMPLITUD","LTRENDIDX","M","2018-04",100.9171,
"OECD","CLI","AMPLITUD","LTRENDIDX","M","2018-05",100.821,
"OECD","CLI","AMPLITUD","LTRENDIDX","M","2018-06",100.707,
"OECD","CLI","AMPLITUD","LTRENDIDX","M","2018-07",100.5771,
"OECD","CLI","AMPLITUD","LTRENDIDX","M","2018-08",100.4328,
"OECD","CLI","AMPLITUD","LTRENDIDX","M","2018-09",100.2781,
"OECD","CLI","AMPLITUD","LTRENDIDX","M","2018-10",100.1214,
"OECD","CLI","AMPLITUD","LTRENDIDX","M","2018-11",99.97465,
"OECD","CLI","AMPLITUD","LTRENDIDX","M","2018-12",99.83896,
"OECD","CLI","AMPLITUD","LTRENDIDX","M","2019-01",99.72412,
"OECD","CLI","AMPLITUD","LTRENDIDX","M","2019-02",99.63306,
"OECD","CLI","AMPLITUD","LTRENDIDX","M","2019-03",99.56251,
"OECD","CLI","AMPLITUD","LTRENDIDX","M","2019-04",99.4984,
"OECD","CLI","AMPLITUD","LTRENDIDX","M","2019-05",99.4282,
"OECD","CLI","AMPLITUD","LTRENDIDX","M","2019-06",99.35703,
"OECD","CLI","AMPLITUD","LTRENDIDX","M","2019-07",99.29826,
"OECD","CLI","AMPLITUD","LTRENDIDX","M","2019-08",99.26273,
"OECD","CLI","AMPLITUD","LTRENDIDX","M","2019-09",99.26228,
"OECD","CLI","AMPLITUD","LTRENDIDX","M","2019-10",99.29222,
"OECD","CLI","AMPLITUD","LTRENDIDX","M","2019-11",99.33227,
"OECD","CLI","AMPLITUD","LTRENDIDX","M","2019-12",99.35829,
"OECD","CLI","AMPLITUD","LTRENDIDX","M","2020-01",99.34711,
"OECD","CLI","AMPLITUD","LTRENDIDX","M","2020-02",99.29162,
"OECD","CLI","AMPLITUD","LTRENDIDX","M","2020-03",97.46101,
"OECD","CLI","AMPLITUD","LTRENDIDX","M","2020-04",92.74369,
"OECD","CLI","AMPLITUD","LTRENDIDX","M","2020-05",94.48965,
"OECD","CLI","AMPLITUD","LTRENDIDX","M","2020-06",96.8429,
"OECD","CLI","AMPLITUD","LTRENDIDX","M","2020-07",98.13958,
"OECD","CLI","AMPLITUD","LTRENDIDX","M","2020-08",98.73074,
"OECD","CLI","AMPLITUD","LTRENDIDX","M","2020-09",98.92625,
"OECD","CLI","AMPLITUD","LTRENDIDX","M","2020-10",99.09824,
"OECD","CLI","AMPLITUD","LTRENDIDX","M","2020-11",99.26295,
"OECD","CLI","AMPLITUD","LTRENDIDX","M","2020-12",99.44883,
"ESP","CLI","AMPLITUD","LTRENDIDX","M","2017-12",102.1919,
"ESP","CLI","AMPLITUD","LTRENDIDX","M","2018-01",102.2314,
"ESP","CLI","AMPLITUD","LTRENDIDX","M","2018-02",102.2068,
"ESP","CLI","AMPLITUD","LTRENDIDX","M","2018-03",102.1403,
"ESP","CLI","AMPLITUD","LTRENDIDX","M","2018-04",102.0619,
"ESP","CLI","AMPLITUD","LTRENDIDX","M","2018-05",101.9812,
"ESP","CLI","AMPLITUD","LTRENDIDX","M","2018-06",101.8929,
"ESP","CLI","AMPLITUD","LTRENDIDX","M","2018-07",101.797,
"ESP","CLI","AMPLITUD","LTRENDIDX","M","2018-08",101.7141,
"ESP","CLI","AMPLITUD","LTRENDIDX","M","2018-09",101.6717,
"ESP","CLI","AMPLITUD","LTRENDIDX","M","2018-10",101.6831,
"ESP","CLI","AMPLITUD","LTRENDIDX","M","2018-11",101.7349,
"ESP","CLI","AMPLITUD","LTRENDIDX","M","2018-12",101.8035,
"ESP","CLI","AMPLITUD","LTRENDIDX","M","2019-01",101.8776,
"ESP","CLI","AMPLITUD","LTRENDIDX","M","2019-02",101.935,
"ESP","CLI","AMPLITUD","LTRENDIDX","M","2019-03",101.958,
"ESP","CLI","AMPLITUD","LTRENDIDX","M","2019-04",101.9324,
"ESP","CLI","AMPLITUD","LTRENDIDX","M","2019-05",101.8678,
"ESP","CLI","AMPLITUD","LTRENDIDX","M","2019-06",101.7606,
"ESP","CLI","AMPLITUD","LTRENDIDX","M","2019-07",101.6071,
"ESP","CLI","AMPLITUD","LTRENDIDX","M","2019-08",101.4214,
"ESP","CLI","AMPLITUD","LTRENDIDX","M","2019-09",101.2019,
"ESP","CLI","AMPLITUD","LTRENDIDX","M","2019-10",100.9291,
"ESP","CLI","AMPLITUD","LTRENDIDX","M","2019-11",100.5895,
"ESP","CLI","AMPLITUD","LTRENDIDX","M","2019-12",100.1715,
"ESP","CLI","AMPLITUD","LTRENDIDX","M","2020-01",99.67148,
"ESP","CLI","AMPLITUD","LTRENDIDX","M","2020-02",99.08385,
"ESP","CLI","AMPLITUD","LTRENDIDX","M","2020-03",95.22473,
"ESP","CLI","AMPLITUD","LTRENDIDX","M","2020-04",91.48685,
"ESP","CLI","AMPLITUD","LTRENDIDX","M","2020-05",93.04885,
"ESP","CLI","AMPLITUD","LTRENDIDX","M","2020-06",96.06338,
"ESP","CLI","AMPLITUD","LTRENDIDX","M","2020-07",96.04169,
"ESP","CLI","AMPLITUD","LTRENDIDX","M","2020-08",95.70615,
"ESP","CLI","AMPLITUD","LTRENDIDX","M","2020-09",95.49869,
"ESP","CLI","AMPLITUD","LTRENDIDX","M","2020-10",95.25844,
"ESP","CLI","AMPLITUD","LTRENDIDX","M","2020-11",95.09229,
"ESP","CLI","AMPLITUD","LTRENDIDX","M","2020-12",95.13955,
"TUR","CLI","AMPLITUD","LTRENDIDX","M","2017-12",103.4815,
"TUR","CLI","AMPLITUD","LTRENDIDX","M","2018-01",103.2228,
"TUR","CLI","AMPLITUD","LTRENDIDX","M","2018-02",102.8401,
"TUR","CLI","AMPLITUD","LTRENDIDX","M","2018-03",102.2847,
"TUR","CLI","AMPLITUD","LTRENDIDX","M","2018-04",101.5295,
"TUR","CLI","AMPLITUD","LTRENDIDX","M","2018-05",100.5677,
"TUR","CLI","AMPLITUD","LTRENDIDX","M","2018-06",99.45339,
"TUR","CLI","AMPLITUD","LTRENDIDX","M","2018-07",98.24305,
"TUR","CLI","AMPLITUD","LTRENDIDX","M","2018-08",97.05701,
"TUR","CLI","AMPLITUD","LTRENDIDX","M","2018-09",96.13479,
"TUR","CLI","AMPLITUD","LTRENDIDX","M","2018-10",95.63618,
"TUR","CLI","AMPLITUD","LTRENDIDX","M","2018-11",95.56953,
"TUR","CLI","AMPLITUD","LTRENDIDX","M","2018-12",95.75999,
"TUR","CLI","AMPLITUD","LTRENDIDX","M","2019-01",96.09916,
"TUR","CLI","AMPLITUD","LTRENDIDX","M","2019-02",96.52408,
"TUR","CLI","AMPLITUD","LTRENDIDX","M","2019-03",96.97047,
"TUR","CLI","AMPLITUD","LTRENDIDX","M","2019-04",97.38001,
"TUR","CLI","AMPLITUD","LTRENDIDX","M","2019-05",97.72487,
"TUR","CLI","AMPLITUD","LTRENDIDX","M","2019-06",98.07803,
"TUR","CLI","AMPLITUD","LTRENDIDX","M","2019-07",98.4863,
"TUR","CLI","AMPLITUD","LTRENDIDX","M","2019-08",98.9839,
"TUR","CLI","AMPLITUD","LTRENDIDX","M","2019-09",99.51443,
"TUR","CLI","AMPLITUD","LTRENDIDX","M","2019-10",100.054,
"TUR","CLI","AMPLITUD","LTRENDIDX","M","2019-11",100.4796,
"TUR","CLI","AMPLITUD","LTRENDIDX","M","2019-12",100.7256,
"TUR","CLI","AMPLITUD","LTRENDIDX","M","2020-01",100.7254,
"TUR","CLI","AMPLITUD","LTRENDIDX","M","2020-02",100.4829,
"TUR","CLI","AMPLITUD","LTRENDIDX","M","2020-03",100.1133,
"TUR","CLI","AMPLITUD","LTRENDIDX","M","2020-04",82.34721,
"TUR","CLI","AMPLITUD","LTRENDIDX","M","2020-05",92.6609,
"TUR","CLI","AMPLITUD","LTRENDIDX","M","2020-06",98.79139,
"TUR","CLI","AMPLITUD","LTRENDIDX","M","2020-07",100.1707,
"TUR","CLI","AMPLITUD","LTRENDIDX","M","2020-08",100.7057,
"TUR","CLI","AMPLITUD","LTRENDIDX","M","2020-09",100.903,
"TUR","CLI","AMPLITUD","LTRENDIDX","M","2020-10",101.0094,
"TUR","CLI","AMPLITUD","LTRENDIDX","M","2020-11",101.044,
"TUR","CLI","AMPLITUD","LTRENDIDX","M","2020-12",101.1244,
"CHL","CLI","AMPLITUD","LTRENDIDX","M","2017-12",102.2957,
"CHL","CLI","AMPLITUD","LTRENDIDX","M","2018-01",102.5109,
"CHL","CLI","AMPLITUD","LTRENDIDX","M","2018-02",102.6029,
"CHL","CLI","AMPLITUD","LTRENDIDX","M","2018-03",102.5111,
"CHL","CLI","AMPLITUD","LTRENDIDX","M","2018-04",102.2906,
"CHL","CLI","AMPLITUD","LTRENDIDX","M","2018-05",101.9896,
"CHL","CLI","AMPLITUD","LTRENDIDX","M","2018-06",101.6625,
"CHL","CLI","AMPLITUD","LTRENDIDX","M","2018-07",101.3326,
"CHL","CLI","AMPLITUD","LTRENDIDX","M","2018-08",100.9814,
"CHL","CLI","AMPLITUD","LTRENDIDX","M","2018-09",100.6502,
"CHL","CLI","AMPLITUD","LTRENDIDX","M","2018-10",100.3333,
"CHL","CLI","AMPLITUD","LTRENDIDX","M","2018-11",99.98972,
"CHL","CLI","AMPLITUD","LTRENDIDX","M","2018-12",99.59361,
"CHL","CLI","AMPLITUD","LTRENDIDX","M","2019-01",99.23043,
"CHL","CLI","AMPLITUD","LTRENDIDX","M","2019-02",98.92712,
"CHL","CLI","AMPLITUD","LTRENDIDX","M","2019-03",98.7077,
"CHL","CLI","AMPLITUD","LTRENDIDX","M","2019-04",98.53744,
"CHL","CLI","AMPLITUD","LTRENDIDX","M","2019-05",98.38956,
"CHL","CLI","AMPLITUD","LTRENDIDX","M","2019-06",98.28272,
"CHL","CLI","AMPLITUD","LTRENDIDX","M","2019-07",98.19596,
"CHL","CLI","AMPLITUD","LTRENDIDX","M","2019-08",98.0861,
"CHL","CLI","AMPLITUD","LTRENDIDX","M","2019-09",97.93678,
"CHL","CLI","AMPLITUD","LTRENDIDX","M","2019-10",97.79398,
"CHL","CLI","AMPLITUD","LTRENDIDX","M","2019-11",97.70731,
"CHL","CLI","AMPLITUD","LTRENDIDX","M","2019-12",97.72713,
"CHL","CLI","AMPLITUD","LTRENDIDX","M","2020-01",97.8462,
"CHL","CLI","AMPLITUD","LTRENDIDX","M","2020-02",98.16618,
"CHL","CLI","AMPLITUD","LTRENDIDX","M","2020-03",97.06179,
"CHL","CLI","AMPLITUD","LTRENDIDX","M","2020-04",94.39968,
"CHL","CLI","AMPLITUD","LTRENDIDX","M","2020-05",97.06042,
"CHL","CLI","AMPLITUD","LTRENDIDX","M","2020-06",98.82718,
"CHL","CLI","AMPLITUD","LTRENDIDX","M","2020-07",100.2493,
"CHL","CLI","AMPLITUD","LTRENDIDX","M","2020-08",101.3302,
"CHL","CLI","AMPLITUD","LTRENDIDX","M","2020-09",102.3935,
"CHL","CLI","AMPLITUD","LTRENDIDX","M","2020-10",103.3261,
"CHL","CLI","AMPLITUD","LTRENDIDX","M","2020-11",103.8899,
"CHL","CLI","AMPLITUD","LTRENDIDX","M","2020-12",104.4475,
"ITA","CLI","AMPLITUD","LTRENDIDX","M","2017-12",101.9802,
"ITA","CLI","AMPLITUD","LTRENDIDX","M","2018-01",101.9698,
"ITA","CLI","AMPLITUD","LTRENDIDX","M","2018-02",101.8862,
"ITA","CLI","AMPLITUD","LTRENDIDX","M","2018-03",101.7569,
"ITA","CLI","AMPLITUD","LTRENDIDX","M","2018-04",101.6028,
"ITA","CLI","AMPLITUD","LTRENDIDX","M","2018-05",101.4409,
"ITA","CLI","AMPLITUD","LTRENDIDX","M","2018-06",101.2767,
"ITA","CLI","AMPLITUD","LTRENDIDX","M","2018-07",101.1013,
"ITA","CLI","AMPLITUD","LTRENDIDX","M","2018-08",100.9247,
"ITA","CLI","AMPLITUD","LTRENDIDX","M","2018-09",100.7557,
"ITA","CLI","AMPLITUD","LTRENDIDX","M","2018-10",100.6031,
"ITA","CLI","AMPLITUD","LTRENDIDX","M","2018-11",100.4634,
"ITA","CLI","AMPLITUD","LTRENDIDX","M","2018-12",100.3265,
"ITA","CLI","AMPLITUD","LTRENDIDX","M","2019-01",100.1754,
"ITA","CLI","AMPLITUD","LTRENDIDX","M","2019-02",100.0342,
"ITA","CLI","AMPLITUD","LTRENDIDX","M","2019-03",99.92712,
"ITA","CLI","AMPLITUD","LTRENDIDX","M","2019-04",99.8635,
"ITA","CLI","AMPLITUD","LTRENDIDX","M","2019-05",99.82539,
"ITA","CLI","AMPLITUD","LTRENDIDX","M","2019-06",99.78476,
"ITA","CLI","AMPLITUD","LTRENDIDX","M","2019-07",99.74235,
"ITA","CLI","AMPLITUD","LTRENDIDX","M","2019-08",99.69881,
"ITA","CLI","AMPLITUD","LTRENDIDX","M","2019-09",99.66399,
"ITA","CLI","AMPLITUD","LTRENDIDX","M","2019-10",99.63667,
"ITA","CLI","AMPLITUD","LTRENDIDX","M","2019-11",99.6108,
"ITA","CLI","AMPLITUD","LTRENDIDX","M","2019-12",99.57675,
"ITA","CLI","AMPLITUD","LTRENDIDX","M","2020-01",99.51713,
"ITA","CLI","AMPLITUD","LTRENDIDX","M","2020-02",99.4236,
"ITA","CLI","AMPLITUD","LTRENDIDX","M","2020-03",95.36039,
"ITA","CLI","AMPLITUD","LTRENDIDX","M","2020-04",90.82491,
"ITA","CLI","AMPLITUD","LTRENDIDX","M","2020-05",93.82183,
"ITA","CLI","AMPLITUD","LTRENDIDX","M","2020-06",96.88673,
"ITA","CLI","AMPLITUD","LTRENDIDX","M","2020-07",98.00175,
"ITA","CLI","AMPLITUD","LTRENDIDX","M","2020-08",98.67234,
"ITA","CLI","AMPLITUD","LTRENDIDX","M","2020-09",99.06334,
"ITA","CLI","AMPLITUD","LTRENDIDX","M","2020-10",99.37425,
"ITA","CLI","AMPLITUD","LTRENDIDX","M","2020-11",99.42354,
"ITA","CLI","AMPLITUD","LTRENDIDX","M","2020-12",99.47094,
"IDN","CLI","AMPLITUD","LTRENDIDX","M","2017-12",100.5866,
"IDN","CLI","AMPLITUD","LTRENDIDX","M","2018-01",100.391,
"IDN","CLI","AMPLITUD","LTRENDIDX","M","2018-02",100.1879,
"IDN","CLI","AMPLITUD","LTRENDIDX","M","2018-03",99.99229,
"IDN","CLI","AMPLITUD","LTRENDIDX","M","2018-04",99.81291,
"IDN","CLI","AMPLITUD","LTRENDIDX","M","2018-05",99.6506,
"IDN","CLI","AMPLITUD","LTRENDIDX","M","2018-06",99.50497,
"IDN","CLI","AMPLITUD","LTRENDIDX","M","2018-07",99.37707,
"IDN","CLI","AMPLITUD","LTRENDIDX","M","2018-08",99.26261,
"IDN","CLI","AMPLITUD","LTRENDIDX","M","2018-09",99.19286,
"IDN","CLI","AMPLITUD","LTRENDIDX","M","2018-10",99.20225,
"IDN","CLI","AMPLITUD","LTRENDIDX","M","2018-11",99.30108,
"IDN","CLI","AMPLITUD","LTRENDIDX","M","2018-12",99.45017,
"IDN","CLI","AMPLITUD","LTRENDIDX","M","2019-01",99.5978,
"IDN","CLI","AMPLITUD","LTRENDIDX","M","2019-02",99.72038,
"IDN","CLI","AMPLITUD","LTRENDIDX","M","2019-03",99.82621,
"IDN","CLI","AMPLITUD","LTRENDIDX","M","2019-04",99.92044,
"IDN","CLI","AMPLITUD","LTRENDIDX","M","2019-05",100.0153,
"IDN","CLI","AMPLITUD","LTRENDIDX","M","2019-06",100.1309,
"IDN","CLI","AMPLITUD","LTRENDIDX","M","2019-07",100.2552,
"IDN","CLI","AMPLITUD","LTRENDIDX","M","2019-08",100.3648,
"IDN","CLI","AMPLITUD","LTRENDIDX","M","2019-09",100.4431,
"IDN","CLI","AMPLITUD","LTRENDIDX","M","2019-10",100.4823,
"IDN","CLI","AMPLITUD","LTRENDIDX","M","2019-11",100.471,
"IDN","CLI","AMPLITUD","LTRENDIDX","M","2019-12",100.3881,
"IDN","CLI","AMPLITUD","LTRENDIDX","M","2020-01",100.2377,
"IDN","CLI","AMPLITUD","LTRENDIDX","M","2020-02",98.83677,
"IDN","CLI","AMPLITUD","LTRENDIDX","M","2020-03",96.43225,
"IDN","CLI","AMPLITUD","LTRENDIDX","M","2020-04",92.85563,
"IDN","CLI","AMPLITUD","LTRENDIDX","M","2020-05",92.32741,
"IDN","CLI","AMPLITUD","LTRENDIDX","M","2020-06",92.8103,
"IDN","CLI","AMPLITUD","LTRENDIDX","M","2020-07",93.10535,
"IDN","CLI","AMPLITUD","LTRENDIDX","M","2020-08",93.30087,
"IDN","CLI","AMPLITUD","LTRENDIDX","M","2020-09",93.21439,
"IDN","CLI","AMPLITUD","LTRENDIDX","M","2020-10",93.33178,
"IDN","CLI","AMPLITUD","LTRENDIDX","M","2020-11",93.5451,
"IDN","CLI","AMPLITUD","LTRENDIDX","M","2020-12",93.66422,
"IRL","CLI","AMPLITUD","LTRENDIDX","M","2017-12",100.1002,
"IRL","CLI","AMPLITUD","LTRENDIDX","M","2018-01",100.0253,
"IRL","CLI","AMPLITUD","LTRENDIDX","M","2018-02",99.95012,
"IRL","CLI","AMPLITUD","LTRENDIDX","M","2018-03",99.87054,
"IRL","CLI","AMPLITUD","LTRENDIDX","M","2018-04",99.79121,
"IRL","CLI","AMPLITUD","LTRENDIDX","M","2018-05",99.71053,
"IRL","CLI","AMPLITUD","LTRENDIDX","M","2018-06",99.60292,
"IRL","CLI","AMPLITUD","LTRENDIDX","M","2018-07",99.47858,
"IRL","CLI","AMPLITUD","LTRENDIDX","M","2018-08",99.35289,
"IRL","CLI","AMPLITUD","LTRENDIDX","M","2018-09",99.26133,
"IRL","CLI","AMPLITUD","LTRENDIDX","M","2018-10",99.22968,
"IRL","CLI","AMPLITUD","LTRENDIDX","M","2018-11",99.25494,
"IRL","CLI","AMPLITUD","LTRENDIDX","M","2018-12",99.32993,
"IRL","CLI","AMPLITUD","LTRENDIDX","M","2019-01",99.46604,
"IRL","CLI","AMPLITUD","LTRENDIDX","M","2019-02",99.62739,
"IRL","CLI","AMPLITUD","LTRENDIDX","M","2019-03",99.79697,
"IRL","CLI","AMPLITUD","LTRENDIDX","M","2019-04",99.92584,
"IRL","CLI","AMPLITUD","LTRENDIDX","M","2019-05",99.97744,
"IRL","CLI","AMPLITUD","LTRENDIDX","M","2019-06",100.015,
"IRL","CLI","AMPLITUD","LTRENDIDX","M","2019-07",100.0781,
"IRL","CLI","AMPLITUD","LTRENDIDX","M","2019-08",100.1499,
"IRL","CLI","AMPLITUD","LTRENDIDX","M","2019-09",100.2394,
"IRL","CLI","AMPLITUD","LTRENDIDX","M","2019-10",100.3121,
"IRL","CLI","AMPLITUD","LTRENDIDX","M","2019-11",100.2967,
"IRL","CLI","AMPLITUD","LTRENDIDX","M","2019-12",100.1628,
"IRL","CLI","AMPLITUD","LTRENDIDX","M","2020-01",99.91765,
"IRL","CLI","AMPLITUD","LTRENDIDX","M","2020-02",99.60499,
"IRL","CLI","AMPLITUD","LTRENDIDX","M","2020-03",98.55473,
"IRL","CLI","AMPLITUD","LTRENDIDX","M","2020-04",93.22216,
"IRL","CLI","AMPLITUD","LTRENDIDX","M","2020-05",94.02588,
"IRL","CLI","AMPLITUD","LTRENDIDX","M","2020-06",97.44878,
"IRL","CLI","AMPLITUD","LTRENDIDX","M","2020-07",99.15011,
"IRL","CLI","AMPLITUD","LTRENDIDX","M","2020-08",99.4448,
"IRL","CLI","AMPLITUD","LTRENDIDX","M","2020-09",99.78332,
"IRL","CLI","AMPLITUD","LTRENDIDX","M","2020-10",100.0658,
"IRL","CLI","AMPLITUD","LTRENDIDX","M","2020-11",100.2724,
"IRL","CLI","AMPLITUD","LTRENDIDX","M","2020-12",100.455,
"FIN","CLI","AMPLITUD","LTRENDIDX","M","2017-12",102.7654,
"FIN","CLI","AMPLITUD","LTRENDIDX","M","2018-01",102.747,
"FIN","CLI","AMPLITUD","LTRENDIDX","M","2018-02",102.6808,
"FIN","CLI","AMPLITUD","LTRENDIDX","M","2018-03",102.5579,
"FIN","CLI","AMPLITUD","LTRENDIDX","M","2018-04",102.3832,
"FIN","CLI","AMPLITUD","LTRENDIDX","M","2018-05",102.1774,
"FIN","CLI","AMPLITUD","LTRENDIDX","M","2018-06",101.9487,
"FIN","CLI","AMPLITUD","LTRENDIDX","M","2018-07",101.709,
"FIN","CLI","AMPLITUD","LTRENDIDX","M","2018-08",101.461,
"FIN","CLI","AMPLITUD","LTRENDIDX","M","2018-09",101.1908,
"FIN","CLI","AMPLITUD","LTRENDIDX","M","2018-10",100.8926,
"FIN","CLI","AMPLITUD","LTRENDIDX","M","2018-11",100.5955,
"FIN","CLI","AMPLITUD","LTRENDIDX","M","2018-12",100.3239,
"FIN","CLI","AMPLITUD","LTRENDIDX","M","2019-01",100.1013,
"FIN","CLI","AMPLITUD","LTRENDIDX","M","2019-02",99.91095,
"FIN","CLI","AMPLITUD","LTRENDIDX","M","2019-03",99.74575,
"FIN","CLI","AMPLITUD","LTRENDIDX","M","2019-04",99.60645,
"FIN","CLI","AMPLITUD","LTRENDIDX","M","2019-05",99.50114,
"FIN","CLI","AMPLITUD","LTRENDIDX","M","2019-06",99.41756,
"FIN","CLI","AMPLITUD","LTRENDIDX","M","2019-07",99.35683,
"FIN","CLI","AMPLITUD","LTRENDIDX","M","2019-08",99.33095,
"FIN","CLI","AMPLITUD","LTRENDIDX","M","2019-09",99.33737,
"FIN","CLI","AMPLITUD","LTRENDIDX","M","2019-10",99.36433,
"FIN","CLI","AMPLITUD","LTRENDIDX","M","2019-11",99.40283,
"FIN","CLI","AMPLITUD","LTRENDIDX","M","2019-12",99.44769,
"FIN","CLI","AMPLITUD","LTRENDIDX","M","2020-01",99.49405,
"FIN","CLI","AMPLITUD","LTRENDIDX","M","2020-02",99.52666,
"FIN","CLI","AMPLITUD","LTRENDIDX","M","2020-03",99.02173,
"FIN","CLI","AMPLITUD","LTRENDIDX","M","2020-04",96.9052,
"FIN","CLI","AMPLITUD","LTRENDIDX","M","2020-05",97.77397,
"FIN","CLI","AMPLITUD","LTRENDIDX","M","2020-06",98.79273,
"FIN","CLI","AMPLITUD","LTRENDIDX","M","2020-07",99.57936,
"FIN","CLI","AMPLITUD","LTRENDIDX","M","2020-08",99.67139,
"FIN","CLI","AMPLITUD","LTRENDIDX","M","2020-09",99.82745,
"FIN","CLI","AMPLITUD","LTRENDIDX","M","2020-10",100.057,
"FIN","CLI","AMPLITUD","LTRENDIDX","M","2020-11",100.3322,
"FIN","CLI","AMPLITUD","LTRENDIDX","M","2020-12",100.6135,
"DNK","CLI","AMPLITUD","LTRENDIDX","M","2017-12",100.674,
"DNK","CLI","AMPLITUD","LTRENDIDX","M","2018-01",100.6815,
"DNK","CLI","AMPLITUD","LTRENDIDX","M","2018-02",100.6591,
"DNK","CLI","AMPLITUD","LTRENDIDX","M","2018-03",100.64,
"DNK","CLI","AMPLITUD","LTRENDIDX","M","2018-04",100.6431,
"DNK","CLI","AMPLITUD","LTRENDIDX","M","2018-05",100.6484,
"DNK","CLI","AMPLITUD","LTRENDIDX","M","2018-06",100.617,
"DNK","CLI","AMPLITUD","LTRENDIDX","M","2018-07",100.5725,
"DNK","CLI","AMPLITUD","LTRENDIDX","M","2018-08",100.5378,
"DNK","CLI","AMPLITUD","LTRENDIDX","M","2018-09",100.5265,
"DNK","CLI","AMPLITUD","LTRENDIDX","M","2018-10",100.5395,
"DNK","CLI","AMPLITUD","LTRENDIDX","M","2018-11",100.5572,
"DNK","CLI","AMPLITUD","LTRENDIDX","M","2018-12",100.5378,
"DNK","CLI","AMPLITUD","LTRENDIDX","M","2019-01",100.505,
"DNK","CLI","AMPLITUD","LTRENDIDX","M","2019-02",100.4662,
"DNK","CLI","AMPLITUD","LTRENDIDX","M","2019-03",100.4037,
"DNK","CLI","AMPLITUD","LTRENDIDX","M","2019-04",100.3015,
"DNK","CLI","AMPLITUD","LTRENDIDX","M","2019-05",100.1874,
"DNK","CLI","AMPLITUD","LTRENDIDX","M","2019-06",100.0888,
"DNK","CLI","AMPLITUD","LTRENDIDX","M","2019-07",100.0141,
"DNK","CLI","AMPLITUD","LTRENDIDX","M","2019-08",99.98996,
"DNK","CLI","AMPLITUD","LTRENDIDX","M","2019-09",99.99091,
"DNK","CLI","AMPLITUD","LTRENDIDX","M","2019-10",99.97581,
"DNK","CLI","AMPLITUD","LTRENDIDX","M","2019-11",99.92419,
"DNK","CLI","AMPLITUD","LTRENDIDX","M","2019-12",99.81995,
"DNK","CLI","AMPLITUD","LTRENDIDX","M","2020-01",99.66825,
"DNK","CLI","AMPLITUD","LTRENDIDX","M","2020-02",99.5146,
"DNK","CLI","AMPLITUD","LTRENDIDX","M","2020-03",97.43706,
"DNK","CLI","AMPLITUD","LTRENDIDX","M","2020-04",95.49058,
"DNK","CLI","AMPLITUD","LTRENDIDX","M","2020-05",97.36541,
"DNK","CLI","AMPLITUD","LTRENDIDX","M","2020-06",99.13077,
"DNK","CLI","AMPLITUD","LTRENDIDX","M","2020-07",99.48589,
"DNK","CLI","AMPLITUD","LTRENDIDX","M","2020-08",99.52328,
"DNK","CLI","AMPLITUD","LTRENDIDX","M","2020-09",99.56725,
"DNK","CLI","AMPLITUD","LTRENDIDX","M","2020-10",99.62085,
"DNK","CLI","AMPLITUD","LTRENDIDX","M","2020-11",99.67386,
"DNK","CLI","AMPLITUD","LTRENDIDX","M","2020-12",99.80693,
"AUT","CLI","AMPLITUD","LTRENDIDX","M","2017-12",102.2157,
"AUT","CLI","AMPLITUD","LTRENDIDX","M","2018-01",102.2996,
"AUT","CLI","AMPLITUD","LTRENDIDX","M","2018-02",102.3442,
"AUT","CLI","AMPLITUD","LTRENDIDX","M","2018-03",102.3549,
"AUT","CLI","AMPLITUD","LTRENDIDX","M","2018-04",102.3403,
"AUT","CLI","AMPLITUD","LTRENDIDX","M","2018-05",102.3072,
"AUT","CLI","AMPLITUD","LTRENDIDX","M","2018-06",102.2618,
"AUT","CLI","AMPLITUD","LTRENDIDX","M","2018-07",102.2069,
"AUT","CLI","AMPLITUD","LTRENDIDX","M","2018-08",102.14,
"AUT","CLI","AMPLITUD","LTRENDIDX","M","2018-09",102.0435,
"AUT","CLI","AMPLITUD","LTRENDIDX","M","2018-10",101.902,
"AUT","CLI","AMPLITUD","LTRENDIDX","M","2018-11",101.7168,
"AUT","CLI","AMPLITUD","LTRENDIDX","M","2018-12",101.4937,
"AUT","CLI","AMPLITUD","LTRENDIDX","M","2019-01",101.2564,
"AUT","CLI","AMPLITUD","LTRENDIDX","M","2019-02",101.0241,
"AUT","CLI","AMPLITUD","LTRENDIDX","M","2019-03",100.8058,
"AUT","CLI","AMPLITUD","LTRENDIDX","M","2019-04",100.6092,
"AUT","CLI","AMPLITUD","LTRENDIDX","M","2019-05",100.4279,
"AUT","CLI","AMPLITUD","LTRENDIDX","M","2019-06",100.2511,
"AUT","CLI","AMPLITUD","LTRENDIDX","M","2019-07",100.0999,
"AUT","CLI","AMPLITUD","LTRENDIDX","M","2019-08",99.98183,
"AUT","CLI","AMPLITUD","LTRENDIDX","M","2019-09",99.8885,
"AUT","CLI","AMPLITUD","LTRENDIDX","M","2019-10",99.80457,
"AUT","CLI","AMPLITUD","LTRENDIDX","M","2019-11",99.72262,
"AUT","CLI","AMPLITUD","LTRENDIDX","M","2019-12",99.62823,
"AUT","CLI","AMPLITUD","LTRENDIDX","M","2020-01",99.51045,
"AUT","CLI","AMPLITUD","LTRENDIDX","M","2020-02",99.37473,
"AUT","CLI","AMPLITUD","LTRENDIDX","M","2020-03",98.12718,
"AUT","CLI","AMPLITUD","LTRENDIDX","M","2020-04",94.62389,
"AUT","CLI","AMPLITUD","LTRENDIDX","M","2020-05",95.7029,
"AUT","CLI","AMPLITUD","LTRENDIDX","M","2020-06",97.5507,
"AUT","CLI","AMPLITUD","LTRENDIDX","M","2020-07",97.68479,
"AUT","CLI","AMPLITUD","LTRENDIDX","M","2020-08",98.00333,
"AUT","CLI","AMPLITUD","LTRENDIDX","M","2020-09",98.39777,
"AUT","CLI","AMPLITUD","LTRENDIDX","M","2020-10",98.39563,
"AUT","CLI","AMPLITUD","LTRENDIDX","M","2020-11",98.35516,
"AUT","CLI","AMPLITUD","LTRENDIDX","M","2020-12",98.46016,
"GRC","CLI","AMPLITUD","LTRENDIDX","M","2017-12",99.87637,
"GRC","CLI","AMPLITUD","LTRENDIDX","M","2018-01",99.82767,
"GRC","CLI","AMPLITUD","LTRENDIDX","M","2018-02",99.75149,
"GRC","CLI","AMPLITUD","LTRENDIDX","M","2018-03",99.6373,
"GRC","CLI","AMPLITUD","LTRENDIDX","M","2018-04",99.52773,
"GRC","CLI","AMPLITUD","LTRENDIDX","M","2018-05",99.41228,
"GRC","CLI","AMPLITUD","LTRENDIDX","M","2018-06",99.30596,
"GRC","CLI","AMPLITUD","LTRENDIDX","M","2018-07",99.20415,
"GRC","CLI","AMPLITUD","LTRENDIDX","M","2018-08",99.08363,
"GRC","CLI","AMPLITUD","LTRENDIDX","M","2018-09",99.02255,
"GRC","CLI","AMPLITUD","LTRENDIDX","M","2018-10",99.07589,
"GRC","CLI","AMPLITUD","LTRENDIDX","M","2018-11",99.25098,
"GRC","CLI","AMPLITUD","LTRENDIDX","M","2018-12",99.43687,
"GRC","CLI","AMPLITUD","LTRENDIDX","M","2019-01",99.58405,
"GRC","CLI","AMPLITUD","LTRENDIDX","M","2019-02",99.70829,
"GRC","CLI","AMPLITUD","LTRENDIDX","M","2019-03",99.81623,
"GRC","CLI","AMPLITUD","LTRENDIDX","M","2019-04",99.94077,
"GRC","CLI","AMPLITUD","LTRENDIDX","M","2019-05",100.1177,
"GRC","CLI","AMPLITUD","LTRENDIDX","M","2019-06",100.3449,
"GRC","CLI","AMPLITUD","LTRENDIDX","M","2019-07",100.5899,
"GRC","CLI","AMPLITUD","LTRENDIDX","M","2019-08",100.7876,
"GRC","CLI","AMPLITUD","LTRENDIDX","M","2019-09",100.8841,
"GRC","CLI","AMPLITUD","LTRENDIDX","M","2019-10",100.8669,
"GRC","CLI","AMPLITUD","LTRENDIDX","M","2019-11",100.8171,
"GRC","CLI","AMPLITUD","LTRENDIDX","M","2019-12",100.7341,
"GRC","CLI","AMPLITUD","LTRENDIDX","M","2020-01",100.561,
"GRC","CLI","AMPLITUD","LTRENDIDX","M","2020-02",100.2219,
"GRC","CLI","AMPLITUD","LTRENDIDX","M","2020-03",99.67597,
"GRC","CLI","AMPLITUD","LTRENDIDX","M","2020-04",95.34049,
"GRC","CLI","AMPLITUD","LTRENDIDX","M","2020-05",96.36198,
"GRC","CLI","AMPLITUD","LTRENDIDX","M","2020-06",96.67954,
"GRC","CLI","AMPLITUD","LTRENDIDX","M","2020-07",97.65263,
"GRC","CLI","AMPLITUD","LTRENDIDX","M","2020-08",97.89492,
"GRC","CLI","AMPLITUD","LTRENDIDX","M","2020-09",97.90383,
"GRC","CLI","AMPLITUD","LTRENDIDX","M","2020-10",98.01968,
"GRC","CLI","AMPLITUD","LTRENDIDX","M","2020-11",98.01594,
"GRC","CLI","AMPLITUD","LTRENDIDX","M","2020-12",98.31577,
"EST","CLI","AMPLITUD","LTRENDIDX","M","2017-12",102.5396,
"EST","CLI","AMPLITUD","LTRENDIDX","M","2018-01",102.0457,
"EST","CLI","AMPLITUD","LTRENDIDX","M","2018-02",101.6144,
"EST","CLI","AMPLITUD","LTRENDIDX","M","2018-03",101.2077,
"EST","CLI","AMPLITUD","LTRENDIDX","M","2018-04",100.8924,
"EST","CLI","AMPLITUD","LTRENDIDX","M","2018-05",100.6387,
"EST","CLI","AMPLITUD","LTRENDIDX","M","2018-06",100.4686,
"EST","CLI","AMPLITUD","LTRENDIDX","M","2018-07",100.3116,
"EST","CLI","AMPLITUD","LTRENDIDX","M","2018-08",100.1418,
"EST","CLI","AMPLITUD","LTRENDIDX","M","2018-09",100.0823,
"EST","CLI","AMPLITUD","LTRENDIDX","M","2018-10",100.0973,
"EST","CLI","AMPLITUD","LTRENDIDX","M","2018-11",100.1989,
"EST","CLI","AMPLITUD","LTRENDIDX","M","2018-12",100.3519,
"EST","CLI","AMPLITUD","LTRENDIDX","M","2019-01",100.5768,
"EST","CLI","AMPLITUD","LTRENDIDX","M","2019-02",100.7134,
"EST","CLI","AMPLITUD","LTRENDIDX","M","2019-03",100.6633,
"EST","CLI","AMPLITUD","LTRENDIDX","M","2019-04",100.4424,
"EST","CLI","AMPLITUD","LTRENDIDX","M","2019-05",100.0665,
"EST","CLI","AMPLITUD","LTRENDIDX","M","2019-06",99.58032,
"EST","CLI","AMPLITUD","LTRENDIDX","M","2019-07",99.0603,
"EST","CLI","AMPLITUD","LTRENDIDX","M","2019-08",98.57996,
"EST","CLI","AMPLITUD","LTRENDIDX","M","2019-09",98.26604,
"EST","CLI","AMPLITUD","LTRENDIDX","M","2019-10",98.25896,
"EST","CLI","AMPLITUD","LTRENDIDX","M","2019-11",98.45514,
"EST","CLI","AMPLITUD","LTRENDIDX","M","2019-12",98.67168,
"EST","CLI","AMPLITUD","LTRENDIDX","M","2020-01",98.86046,
"EST","CLI","AMPLITUD","LTRENDIDX","M","2020-02",98.79346,
"EST","CLI","AMPLITUD","LTRENDIDX","M","2020-03",98.56892,
"EST","CLI","AMPLITUD","LTRENDIDX","M","2020-04",87.55482,
"EST","CLI","AMPLITUD","LTRENDIDX","M","2020-05",90.50711,
"EST","CLI","AMPLITUD","LTRENDIDX","M","2020-06",93.83151,
"EST","CLI","AMPLITUD","LTRENDIDX","M","2020-07",96.95657,
"EST","CLI","AMPLITUD","LTRENDIDX","M","2020-08",98.67854,
"EST","CLI","AMPLITUD","LTRENDIDX","M","2020-09",99.2739,
"EST","CLI","AMPLITUD","LTRENDIDX","M","2020-10",99.94358,
"EST","CLI","AMPLITUD","LTRENDIDX","M","2020-11",100.6714,
"EST","CLI","AMPLITUD","LTRENDIDX","M","2020-12",101.3989,
"SVN","CLI","AMPLITUD","LTRENDIDX","M","2017-12",102.8196,
"SVN","CLI","AMPLITUD","LTRENDIDX","M","2018-01",102.841,
"SVN","CLI","AMPLITUD","LTRENDIDX","M","2018-02",102.7529,
"SVN","CLI","AMPLITUD","LTRENDIDX","M","2018-03",102.5598,
"SVN","CLI","AMPLITUD","LTRENDIDX","M","2018-04",102.3189,
"SVN","CLI","AMPLITUD","LTRENDIDX","M","2018-05",102.0642,
"SVN","CLI","AMPLITUD","LTRENDIDX","M","2018-06",101.7908,
"SVN","CLI","AMPLITUD","LTRENDIDX","M","2018-07",101.5046,
"SVN","CLI","AMPLITUD","LTRENDIDX","M","2018-08",101.2338,
"SVN","CLI","AMPLITUD","LTRENDIDX","M","2018-09",101.0258,
"SVN","CLI","AMPLITUD","LTRENDIDX","M","2018-10",100.9496,
"SVN","CLI","AMPLITUD","LTRENDIDX","M","2018-11",100.991,
"SVN","CLI","AMPLITUD","LTRENDIDX","M","2018-12",101.0617,
"SVN","CLI","AMPLITUD","LTRENDIDX","M","2019-01",101.0706,
"SVN","CLI","AMPLITUD","LTRENDIDX","M","2019-02",100.9749,
"SVN","CLI","AMPLITUD","LTRENDIDX","M","2019-03",100.8099,
"SVN","CLI","AMPLITUD","LTRENDIDX","M","2019-04",100.6068,
"SVN","CLI","AMPLITUD","LTRENDIDX","M","2019-05",100.3743,
"SVN","CLI","AMPLITUD","LTRENDIDX","M","2019-06",100.1204,
"SVN","CLI","AMPLITUD","LTRENDIDX","M","2019-07",99.88755,
"SVN","CLI","AMPLITUD","LTRENDIDX","M","2019-08",99.65592,
"SVN","CLI","AMPLITUD","LTRENDIDX","M","2019-09",99.38988,
"SVN","CLI","AMPLITUD","LTRENDIDX","M","2019-10",99.11742,
"SVN","CLI","AMPLITUD","LTRENDIDX","M","2019-11",98.87555,
"SVN","CLI","AMPLITUD","LTRENDIDX","M","2019-12",98.7013,
"SVN","CLI","AMPLITUD","LTRENDIDX","M","2020-01",98.60662,
"SVN","CLI","AMPLITUD","LTRENDIDX","M","2020-02",98.46735,
"SVN","CLI","AMPLITUD","LTRENDIDX","M","2020-03",98.23206,
"SVN","CLI","AMPLITUD","LTRENDIDX","M","2020-04",91.68721,
"SVN","CLI","AMPLITUD","LTRENDIDX","M","2020-05",89.17209,
"SVN","CLI","AMPLITUD","LTRENDIDX","M","2020-06",90.02377,
"SVN","CLI","AMPLITUD","LTRENDIDX","M","2020-07",92.06818,
"SVN","CLI","AMPLITUD","LTRENDIDX","M","2020-08",94.99277,
"SVN","CLI","AMPLITUD","LTRENDIDX","M","2020-09",96.9849,
"SVN","CLI","AMPLITUD","LTRENDIDX","M","2020-10",97.2363,
"SVN","CLI","AMPLITUD","LTRENDIDX","M","2020-11",97.37105,
"SVN","CLI","AMPLITUD","LTRENDIDX","M","2020-12",97.52064,
"KOR","CLI","AMPLITUD","LTRENDIDX","M","2017-12",100.8245,
"KOR","CLI","AMPLITUD","LTRENDIDX","M","2018-01",100.6169,
"KOR","CLI","AMPLITUD","LTRENDIDX","M","2018-02",100.4449,
"KOR","CLI","AMPLITUD","LTRENDIDX","M","2018-03",100.2972,
"KOR","CLI","AMPLITUD","LTRENDIDX","M","2018-04",100.177,
"KOR","CLI","AMPLITUD","LTRENDIDX","M","2018-05",100.0738,
"KOR","CLI","AMPLITUD","LTRENDIDX","M","2018-06",99.9749,
"KOR","CLI","AMPLITUD","LTRENDIDX","M","2018-07",99.89008,
"KOR","CLI","AMPLITUD","LTRENDIDX","M","2018-08",99.82064,
"KOR","CLI","AMPLITUD","LTRENDIDX","M","2018-09",99.75518,
"KOR","CLI","AMPLITUD","LTRENDIDX","M","2018-10",99.6863,
"KOR","CLI","AMPLITUD","LTRENDIDX","M","2018-11",99.61877,
"KOR","CLI","AMPLITUD","LTRENDIDX","M","2018-12",99.55815,
"KOR","CLI","AMPLITUD","LTRENDIDX","M","2019-01",99.49969,
"KOR","CLI","AMPLITUD","LTRENDIDX","M","2019-02",99.43486,
"KOR","CLI","AMPLITUD","LTRENDIDX","M","2019-03",99.34831,
"KOR","CLI","AMPLITUD","LTRENDIDX","M","2019-04",99.23833,
"KOR","CLI","AMPLITUD","LTRENDIDX","M","2019-05",99.13126,
"KOR","CLI","AMPLITUD","LTRENDIDX","M","2019-06",99.04594,
"KOR","CLI","AMPLITUD","LTRENDIDX","M","2019-07",98.97805,
"KOR","CLI","AMPLITUD","LTRENDIDX","M","2019-08",98.94318,
"KOR","CLI","AMPLITUD","LTRENDIDX","M","2019-09",98.94623,
"KOR","CLI","AMPLITUD","LTRENDIDX","M","2019-10",98.99048,
"KOR","CLI","AMPLITUD","LTRENDIDX","M","2019-11",99.05482,
"KOR","CLI","AMPLITUD","LTRENDIDX","M","2019-12",99.10371,
"KOR","CLI","AMPLITUD","LTRENDIDX","M","2020-01",99.10867,
"KOR","CLI","AMPLITUD","LTRENDIDX","M","2020-02",99.09063,
"KOR","CLI","AMPLITUD","LTRENDIDX","M","2020-03",99.07462,
"KOR","CLI","AMPLITUD","LTRENDIDX","M","2020-04",99.10339,
"KOR","CLI","AMPLITUD","LTRENDIDX","M","2020-05",99.20123,
"KOR","CLI","AMPLITUD","LTRENDIDX","M","2020-06",99.39931,
"KOR","CLI","AMPLITUD","LTRENDIDX","M","2020-07",99.69215,
"KOR","CLI","AMPLITUD","LTRENDIDX","M","2020-08",100.0488,
"KOR","CLI","AMPLITUD","LTRENDIDX","M","2020-09",100.4368,
"KOR","CLI","AMPLITUD","LTRENDIDX","M","2020-10",100.8162,
"KOR","CLI","AMPLITUD","LTRENDIDX","M","2020-11",101.1662,
"KOR","CLI","AMPLITUD","LTRENDIDX","M","2020-12",101.4789,
"JPN","CLI","AMPLITUD","LTRENDIDX","M","2017-12",100.6506,
"JPN","CLI","AMPLITUD","LTRENDIDX","M","2018-01",100.6553,
"JPN","CLI","AMPLITUD","LTRENDIDX","M","2018-02",100.6653,
"JPN","CLI","AMPLITUD","LTRENDIDX","M","2018-03",100.6642,
"JPN","CLI","AMPLITUD","LTRENDIDX","M","2018-04",100.6666,
"JPN","CLI","AMPLITUD","LTRENDIDX","M","2018-05",100.669,
"JPN","CLI","AMPLITUD","LTRENDIDX","M","2018-06",100.6641,
"JPN","CLI","AMPLITUD","LTRENDIDX","M","2018-07",100.6606,
"JPN","CLI","AMPLITUD","LTRENDIDX","M","2018-08",100.663,
"JPN","CLI","AMPLITUD","LTRENDIDX","M","2018-09",100.6704,
"JPN","CLI","AMPLITUD","LTRENDIDX","M","2018-10",100.6636,
"JPN","CLI","AMPLITUD","LTRENDIDX","M","2018-11",100.6322,
"JPN","CLI","AMPLITUD","LTRENDIDX","M","2018-12",100.5756,
"JPN","CLI","AMPLITUD","LTRENDIDX","M","2019-01",100.5102,
"JPN","CLI","AMPLITUD","LTRENDIDX","M","2019-02",100.4472,
"JPN","CLI","AMPLITUD","LTRENDIDX","M","2019-03",100.3877,
"JPN","CLI","AMPLITUD","LTRENDIDX","M","2019-04",100.3211,
"JPN","CLI","AMPLITUD","LTRENDIDX","M","2019-05",100.2468,
"JPN","CLI","AMPLITUD","LTRENDIDX","M","2019-06",100.1656,
"JPN","CLI","AMPLITUD","LTRENDIDX","M","2019-07",100.0896,
"JPN","CLI","AMPLITUD","LTRENDIDX","M","2019-08",100.0167,
"JPN","CLI","AMPLITUD","LTRENDIDX","M","2019-09",99.94551,
"JPN","CLI","AMPLITUD","LTRENDIDX","M","2019-10",99.86421,
"JPN","CLI","AMPLITUD","LTRENDIDX","M","2019-11",99.77421,
"JPN","CLI","AMPLITUD","LTRENDIDX","M","2019-12",99.66876,
"JPN","CLI","AMPLITUD","LTRENDIDX","M","2020-01",99.53763,
"JPN","CLI","AMPLITUD","LTRENDIDX","M","2020-02",99.37534,
"JPN","CLI","AMPLITUD","LTRENDIDX","M","2020-03",98.86096,
"JPN","CLI","AMPLITUD","LTRENDIDX","M","2020-04",98.24121,
"JPN","CLI","AMPLITUD","LTRENDIDX","M","2020-05",97.7632,
"JPN","CLI","AMPLITUD","LTRENDIDX","M","2020-06",97.89931,
"JPN","CLI","AMPLITUD","LTRENDIDX","M","2020-07",98.46475,
"JPN","CLI","AMPLITUD","LTRENDIDX","M","2020-08",99.00573,
"JPN","CLI","AMPLITUD","LTRENDIDX","M","2020-09",99.2087,
"JPN","CLI","AMPLITUD","LTRENDIDX","M","2020-10",99.38048,
"JPN","CLI","AMPLITUD","LTRENDIDX","M","2020-11",99.5631,
"JPN","CLI","AMPLITUD","LTRENDIDX","M","2020-12",99.7009,
"POL","CLI","AMPLITUD","LTRENDIDX","M","2017-12",100.4944,
"POL","CLI","AMPLITUD","LTRENDIDX","M","2018-01",100.5078,
"POL","CLI","AMPLITUD","LTRENDIDX","M","2018-02",100.5265,
"POL","CLI","AMPLITUD","LTRENDIDX","M","2018-03",100.5067,
"POL","CLI","AMPLITUD","LTRENDIDX","M","2018-04",100.4492,
"POL","CLI","AMPLITUD","LTRENDIDX","M","2018-05",100.3675,
"POL","CLI","AMPLITUD","LTRENDIDX","M","2018-06",100.2572,
"POL","CLI","AMPLITUD","LTRENDIDX","M","2018-07",100.096,
"POL","CLI","AMPLITUD","LTRENDIDX","M","2018-08",99.91358,
"POL","CLI","AMPLITUD","LTRENDIDX","M","2018-09",99.73872,
"POL","CLI","AMPLITUD","LTRENDIDX","M","2018-10",99.60471,
"POL","CLI","AMPLITUD","LTRENDIDX","M","2018-11",99.50281,
"POL","CLI","AMPLITUD","LTRENDIDX","M","2018-12",99.40829,
"POL","CLI","AMPLITUD","LTRENDIDX","M","2019-01",99.32416,
"POL","CLI","AMPLITUD","LTRENDIDX","M","2019-02",99.23235,
"POL","CLI","AMPLITUD","LTRENDIDX","M","2019-03",99.1144,
"POL","CLI","AMPLITUD","LTRENDIDX","M","2019-04",98.95573,
"POL","CLI","AMPLITUD","LTRENDIDX","M","2019-05",98.75893,
"POL","CLI","AMPLITUD","LTRENDIDX","M","2019-06",98.52792,
"POL","CLI","AMPLITUD","LTRENDIDX","M","2019-07",98.29047,
"POL","CLI","AMPLITUD","LTRENDIDX","M","2019-08",98.0675,
"POL","CLI","AMPLITUD","LTRENDIDX","M","2019-09",97.86304,
"POL","CLI","AMPLITUD","LTRENDIDX","M","2019-10",97.69869,
"POL","CLI","AMPLITUD","LTRENDIDX","M","2019-11",97.61567,
"POL","CLI","AMPLITUD","LTRENDIDX","M","2019-12",97.64566,
"POL","CLI","AMPLITUD","LTRENDIDX","M","2020-01",97.8252,
"POL","CLI","AMPLITUD","LTRENDIDX","M","2020-02",98.18541,
"POL","CLI","AMPLITUD","LTRENDIDX","M","2020-03",97.49181,
"POL","CLI","AMPLITUD","LTRENDIDX","M","2020-04",95.98627,
"POL","CLI","AMPLITUD","LTRENDIDX","M","2020-05",93.66588,
"POL","CLI","AMPLITUD","LTRENDIDX","M","2020-06",94.95487,
"POL","CLI","AMPLITUD","LTRENDIDX","M","2020-07",96.87561,
"POL","CLI","AMPLITUD","LTRENDIDX","M","2020-08",98.23123,
"POL","CLI","AMPLITUD","LTRENDIDX","M","2020-09",99.02824,
"POL","CLI","AMPLITUD","LTRENDIDX","M","2020-10",99.32456,
"POL","CLI","AMPLITUD","LTRENDIDX","M","2020-11",99.50858,
"POL","CLI","AMPLITUD","LTRENDIDX","M","2020-12",99.55322,
"FRA","CLI","AMPLITUD","LTRENDIDX","M","2017-12",101.8977,
"FRA","CLI","AMPLITUD","LTRENDIDX","M","2018-01",101.7848,
"FRA","CLI","AMPLITUD","LTRENDIDX","M","2018-02",101.6051,
"FRA","CLI","AMPLITUD","LTRENDIDX","M","2018-03",101.3879,
"FRA","CLI","AMPLITUD","LTRENDIDX","M","2018-04",101.17,
"FRA","CLI","AMPLITUD","LTRENDIDX","M","2018-05",100.9517,
"FRA","CLI","AMPLITUD","LTRENDIDX","M","2018-06",100.7223,
"FRA","CLI","AMPLITUD","LTRENDIDX","M","2018-07",100.4652,
"FRA","CLI","AMPLITUD","LTRENDIDX","M","2018-08",100.1787,
"FRA","CLI","AMPLITUD","LTRENDIDX","M","2018-09",99.90132,
"FRA","CLI","AMPLITUD","LTRENDIDX","M","2018-10",99.68054,
"FRA","CLI","AMPLITUD","LTRENDIDX","M","2018-11",99.52419,
"FRA","CLI","AMPLITUD","LTRENDIDX","M","2018-12",99.43392,
"FRA","CLI","AMPLITUD","LTRENDIDX","M","2019-01",99.41775,
"FRA","CLI","AMPLITUD","LTRENDIDX","M","2019-02",99.42833,
"FRA","CLI","AMPLITUD","LTRENDIDX","M","2019-03",99.43179,
"FRA","CLI","AMPLITUD","LTRENDIDX","M","2019-04",99.42848,
"FRA","CLI","AMPLITUD","LTRENDIDX","M","2019-05",99.43775,
"FRA","CLI","AMPLITUD","LTRENDIDX","M","2019-06",99.46636,
"FRA","CLI","AMPLITUD","LTRENDIDX","M","2019-07",99.52185,
"FRA","CLI","AMPLITUD","LTRENDIDX","M","2019-08",99.58897,
"FRA","CLI","AMPLITUD","LTRENDIDX","M","2019-09",99.65414,
"FRA","CLI","AMPLITUD","LTRENDIDX","M","2019-10",99.69167,
"FRA","CLI","AMPLITUD","LTRENDIDX","M","2019-11",99.68804,
"FRA","CLI","AMPLITUD","LTRENDIDX","M","2019-12",99.63451,
"FRA","CLI","AMPLITUD","LTRENDIDX","M","2020-01",99.55162,
"FRA","CLI","AMPLITUD","LTRENDIDX","M","2020-02",99.47178,
"FRA","CLI","AMPLITUD","LTRENDIDX","M","2020-03",95.2158,
"FRA","CLI","AMPLITUD","LTRENDIDX","M","2020-04",88.49788,
"FRA","CLI","AMPLITUD","LTRENDIDX","M","2020-05",92.95391,
"FRA","CLI","AMPLITUD","LTRENDIDX","M","2020-06",97.37367,
"FRA","CLI","AMPLITUD","LTRENDIDX","M","2020-07",97.44595,
"FRA","CLI","AMPLITUD","LTRENDIDX","M","2020-08",97.59971,
"FRA","CLI","AMPLITUD","LTRENDIDX","M","2020-09",97.63077,
"FRA","CLI","AMPLITUD","LTRENDIDX","M","2020-10",97.62605,
"FRA","CLI","AMPLITUD","LTRENDIDX","M","2020-11",97.59127,
"FRA","CLI","AMPLITUD","LTRENDIDX","M","2020-12",97.69801,
"USA","CLI","AMPLITUD","LTRENDIDX","M","2017-12",100.6068,
"USA","CLI","AMPLITUD","LTRENDIDX","M","2018-01",100.7299,
"USA","CLI","AMPLITUD","LTRENDIDX","M","2018-02",100.8468,
"USA","CLI","AMPLITUD","LTRENDIDX","M","2018-03",100.9217,
"USA","CLI","AMPLITUD","LTRENDIDX","M","2018-04",100.949,
"USA","CLI","AMPLITUD","LTRENDIDX","M","2018-05",100.9433,
"USA","CLI","AMPLITUD","LTRENDIDX","M","2018-06",100.9191,
"USA","CLI","AMPLITUD","LTRENDIDX","M","2018-07",100.8767,
"USA","CLI","AMPLITUD","LTRENDIDX","M","2018-08",100.8068,
"USA","CLI","AMPLITUD","LTRENDIDX","M","2018-09",100.6851,
"USA","CLI","AMPLITUD","LTRENDIDX","M","2018-10",100.5055,
"USA","CLI","AMPLITUD","LTRENDIDX","M","2018-11",100.2933,
"USA","CLI","AMPLITUD","LTRENDIDX","M","2018-12",100.0695,
"USA","CLI","AMPLITUD","LTRENDIDX","M","2019-01",99.86401,
"USA","CLI","AMPLITUD","LTRENDIDX","M","2019-02",99.69041,
"USA","CLI","AMPLITUD","LTRENDIDX","M","2019-03",99.54948,
"USA","CLI","AMPLITUD","LTRENDIDX","M","2019-04",99.42403,
"USA","CLI","AMPLITUD","LTRENDIDX","M","2019-05",99.31371,
"USA","CLI","AMPLITUD","LTRENDIDX","M","2019-06",99.22208,
"USA","CLI","AMPLITUD","LTRENDIDX","M","2019-07",99.15207,
"USA","CLI","AMPLITUD","LTRENDIDX","M","2019-08",99.10886,
"USA","CLI","AMPLITUD","LTRENDIDX","M","2019-09",99.11794,
"USA","CLI","AMPLITUD","LTRENDIDX","M","2019-10",99.17209,
"USA","CLI","AMPLITUD","LTRENDIDX","M","2019-11",99.24489,
"USA","CLI","AMPLITUD","LTRENDIDX","M","2019-12",99.30171,
"USA","CLI","AMPLITUD","LTRENDIDX","M","2020-01",99.30438,
"USA","CLI","AMPLITUD","LTRENDIDX","M","2020-02",99.23477,
"USA","CLI","AMPLITUD","LTRENDIDX","M","2020-03",97.54372,
"USA","CLI","AMPLITUD","LTRENDIDX","M","2020-04",92.28025,
"USA","CLI","AMPLITUD","LTRENDIDX","M","2020-05",93.95093,
"USA","CLI","AMPLITUD","LTRENDIDX","M","2020-06",95.88245,
"USA","CLI","AMPLITUD","LTRENDIDX","M","2020-07",97.53272,
"USA","CLI","AMPLITUD","LTRENDIDX","M","2020-08",98.23969,
"USA","CLI","AMPLITUD","LTRENDIDX","M","2020-09",98.45031,
"USA","CLI","AMPLITUD","LTRENDIDX","M","2020-10",98.71146,
"USA","CLI","AMPLITUD","LTRENDIDX","M","2020-11",98.98482,
"USA","CLI","AMPLITUD","LTRENDIDX","M","2020-12",99.24885,
"CZE","CLI","AMPLITUD","LTRENDIDX","M","2017-12",101.1075,
"CZE","CLI","AMPLITUD","LTRENDIDX","M","2018-01",101.1502,
"CZE","CLI","AMPLITUD","LTRENDIDX","M","2018-02",101.1611,
"CZE","CLI","AMPLITUD","LTRENDIDX","M","2018-03",101.1616,
"CZE","CLI","AMPLITUD","LTRENDIDX","M","2018-04",101.1714,
"CZE","CLI","AMPLITUD","LTRENDIDX","M","2018-05",101.2158,
"CZE","CLI","AMPLITUD","LTRENDIDX","M","2018-06",101.2926,
"CZE","CLI","AMPLITUD","LTRENDIDX","M","2018-07",101.3914,
"CZE","CLI","AMPLITUD","LTRENDIDX","M","2018-08",101.5207,
"CZE","CLI","AMPLITUD","LTRENDIDX","M","2018-09",101.6515,
"CZE","CLI","AMPLITUD","LTRENDIDX","M","2018-10",101.7293,
"CZE","CLI","AMPLITUD","LTRENDIDX","M","2018-11",101.7124,
"CZE","CLI","AMPLITUD","LTRENDIDX","M","2018-12",101.5901,
"CZE","CLI","AMPLITUD","LTRENDIDX","M","2019-01",101.4108,
"CZE","CLI","AMPLITUD","LTRENDIDX","M","2019-02",101.2184,
"CZE","CLI","AMPLITUD","LTRENDIDX","M","2019-03",101.0063,
"CZE","CLI","AMPLITUD","LTRENDIDX","M","2019-04",100.7851,
"CZE","CLI","AMPLITUD","LTRENDIDX","M","2019-05",100.5612,
"CZE","CLI","AMPLITUD","LTRENDIDX","M","2019-06",100.3629,
"CZE","CLI","AMPLITUD","LTRENDIDX","M","2019-07",100.2026,
"CZE","CLI","AMPLITUD","LTRENDIDX","M","2019-08",100.0579,
"CZE","CLI","AMPLITUD","LTRENDIDX","M","2019-09",99.89302,
"CZE","CLI","AMPLITUD","LTRENDIDX","M","2019-10",99.65735,
"CZE","CLI","AMPLITUD","LTRENDIDX","M","2019-11",99.349,
"CZE","CLI","AMPLITUD","LTRENDIDX","M","2019-12",98.96413,
"CZE","CLI","AMPLITUD","LTRENDIDX","M","2020-01",98.55561,
"CZE","CLI","AMPLITUD","LTRENDIDX","M","2020-02",98.17661,
"CZE","CLI","AMPLITUD","LTRENDIDX","M","2020-03",95.22481,
"CZE","CLI","AMPLITUD","LTRENDIDX","M","2020-04",85.33633,
"CZE","CLI","AMPLITUD","LTRENDIDX","M","2020-05",89.25251,
"CZE","CLI","AMPLITUD","LTRENDIDX","M","2020-06",93.40986,
"CZE","CLI","AMPLITUD","LTRENDIDX","M","2020-07",95.90755,
"CZE","CLI","AMPLITUD","LTRENDIDX","M","2020-08",96.59518,
"CZE","CLI","AMPLITUD","LTRENDIDX","M","2020-09",96.59805,
"CZE","CLI","AMPLITUD","LTRENDIDX","M","2020-10",95.96125,
"CZE","CLI","AMPLITUD","LTRENDIDX","M","2020-11",95.79783,
"CZE","CLI","AMPLITUD","LTRENDIDX","M","2020-12",95.9276,
"IND","CLI","AMPLITUD","LTRENDIDX","M","2017-12",100.4546,
"IND","CLI","AMPLITUD","LTRENDIDX","M","2018-01",100.6632,
"IND","CLI","AMPLITUD","LTRENDIDX","M","2018-02",100.8414,
"IND","CLI","AMPLITUD","LTRENDIDX","M","2018-03",100.9855,
"IND","CLI","AMPLITUD","LTRENDIDX","M","2018-04",101.0923,
"IND","CLI","AMPLITUD","LTRENDIDX","M","2018-05",101.1583,
"IND","CLI","AMPLITUD","LTRENDIDX","M","2018-06",101.1817,
"IND","CLI","AMPLITUD","LTRENDIDX","M","2018-07",101.1636,
"IND","CLI","AMPLITUD","LTRENDIDX","M","2018-08",101.1064,
"IND","CLI","AMPLITUD","LTRENDIDX","M","2018-09",101.0147,
"IND","CLI","AMPLITUD","LTRENDIDX","M","2018-10",100.8957,
"IND","CLI","AMPLITUD","LTRENDIDX","M","2018-11",100.7577,
"IND","CLI","AMPLITUD","LTRENDIDX","M","2018-12",100.6081,
"IND","CLI","AMPLITUD","LTRENDIDX","M","2019-01",100.4541,
"IND","CLI","AMPLITUD","LTRENDIDX","M","2019-02",100.3018,
"IND","CLI","AMPLITUD","LTRENDIDX","M","2019-03",100.1571,
"IND","CLI","AMPLITUD","LTRENDIDX","M","2019-04",100.0253,
"IND","CLI","AMPLITUD","LTRENDIDX","M","2019-05",99.90823,
"IND","CLI","AMPLITUD","LTRENDIDX","M","2019-06",99.80872,
"IND","CLI","AMPLITUD","LTRENDIDX","M","2019-07",99.73062,
"IND","CLI","AMPLITUD","LTRENDIDX","M","2019-08",99.67717,
"IND","CLI","AMPLITUD","LTRENDIDX","M","2019-09",99.65073,
"IND","CLI","AMPLITUD","LTRENDIDX","M","2019-10",99.6515,
"IND","CLI","AMPLITUD","LTRENDIDX","M","2019-11",99.67767,
"IND","CLI","AMPLITUD","LTRENDIDX","M","2019-12",99.72655,
"IND","CLI","AMPLITUD","LTRENDIDX","M","2020-01",99.79773,
"IND","CLI","AMPLITUD","LTRENDIDX","M","2020-02",99.89111,
"IND","CLI","AMPLITUD","LTRENDIDX","M","2020-03",87.76025,
"IND","CLI","AMPLITUD","LTRENDIDX","M","2020-04",66.51278,
"IND","CLI","AMPLITUD","LTRENDIDX","M","2020-05",81.44476,
"IND","CLI","AMPLITUD","LTRENDIDX","M","2020-06",88.84888,
"IND","CLI","AMPLITUD","LTRENDIDX","M","2020-07",92.84295,
"IND","CLI","AMPLITUD","LTRENDIDX","M","2020-08",95.25082,
"IND","CLI","AMPLITUD","LTRENDIDX","M","2020-09",96.50806,
"IND","CLI","AMPLITUD","LTRENDIDX","M","2020-10",96.60323,
"IND","CLI","AMPLITUD","LTRENDIDX","M","2020-11",96.79515,
"IND","CLI","AMPLITUD","LTRENDIDX","M","2020-12",96.9873,
"DEU","CLI","AMPLITUD","LTRENDIDX","M","2017-12",101.7942,
"DEU","CLI","AMPLITUD","LTRENDIDX","M","2018-01",101.7572,
"DEU","CLI","AMPLITUD","LTRENDIDX","M","2018-02",101.6926,
"DEU","CLI","AMPLITUD","LTRENDIDX","M","2018-03",101.6053,
"DEU","CLI","AMPLITUD","LTRENDIDX","M","2018-04",101.5083,
"DEU","CLI","AMPLITUD","LTRENDIDX","M","2018-05",101.4149,
"DEU","CLI","AMPLITUD","LTRENDIDX","M","2018-06",101.3273,
"DEU","CLI","AMPLITUD","LTRENDIDX","M","2018-07",101.2482,
"DEU","CLI","AMPLITUD","LTRENDIDX","M","2018-08",101.1573,
"DEU","CLI","AMPLITUD","LTRENDIDX","M","2018-09",101.0374,
"DEU","CLI","AMPLITUD","LTRENDIDX","M","2018-10",100.8763,
"DEU","CLI","AMPLITUD","LTRENDIDX","M","2018-11",100.6907,
"DEU","CLI","AMPLITUD","LTRENDIDX","M","2018-12",100.4846,
"DEU","CLI","AMPLITUD","LTRENDIDX","M","2019-01",100.2754,
"DEU","CLI","AMPLITUD","LTRENDIDX","M","2019-02",100.0815,
"DEU","CLI","AMPLITUD","LTRENDIDX","M","2019-03",99.89577,
"DEU","CLI","AMPLITUD","LTRENDIDX","M","2019-04",99.70796,
"DEU","CLI","AMPLITUD","LTRENDIDX","M","2019-05",99.50731,
"DEU","CLI","AMPLITUD","LTRENDIDX","M","2019-06",99.29581,
"DEU","CLI","AMPLITUD","LTRENDIDX","M","2019-07",99.10528,
"DEU","CLI","AMPLITUD","LTRENDIDX","M","2019-08",98.98463,
"DEU","CLI","AMPLITUD","LTRENDIDX","M","2019-09",98.94414,
"DEU","CLI","AMPLITUD","LTRENDIDX","M","2019-10",98.97527,
"DEU","CLI","AMPLITUD","LTRENDIDX","M","2019-11",99.05123,
"DEU","CLI","AMPLITUD","LTRENDIDX","M","2019-12",99.13757,
"DEU","CLI","AMPLITUD","LTRENDIDX","M","2020-01",99.20913,
"DEU","CLI","AMPLITUD","LTRENDIDX","M","2020-02",99.23656,
"DEU","CLI","AMPLITUD","LTRENDIDX","M","2020-03",96.67616,
"DEU","CLI","AMPLITUD","LTRENDIDX","M","2020-04",91.66148,
"DEU","CLI","AMPLITUD","LTRENDIDX","M","2020-05",93.51476,
"DEU","CLI","AMPLITUD","LTRENDIDX","M","2020-06",98.02717,
"DEU","CLI","AMPLITUD","LTRENDIDX","M","2020-07",99.17563,
"DEU","CLI","AMPLITUD","LTRENDIDX","M","2020-08",99.62735,
"DEU","CLI","AMPLITUD","LTRENDIDX","M","2020-09",99.79732,
"DEU","CLI","AMPLITUD","LTRENDIDX","M","2020-10",99.94071,
"DEU","CLI","AMPLITUD","LTRENDIDX","M","2020-11",100.0505,
"DEU","CLI","AMPLITUD","LTRENDIDX","M","2020-12",100.1223,
"AUS","CLI","AMPLITUD","LTRENDIDX","M","2017-12",99.90146,
"AUS","CLI","AMPLITUD","LTRENDIDX","M","2018-01",99.77699,
"AUS","CLI","AMPLITUD","LTRENDIDX","M","2018-02",99.68327,
"AUS","CLI","AMPLITUD","LTRENDIDX","M","2018-03",99.64288,
"AUS","CLI","AMPLITUD","LTRENDIDX","M","2018-04",99.64129,
"AUS","CLI","AMPLITUD","LTRENDIDX","M","2018-05",99.66594,
"AUS","CLI","AMPLITUD","LTRENDIDX","M","2018-06",99.69009,
"AUS","CLI","AMPLITUD","LTRENDIDX","M","2018-07",99.68704,
"AUS","CLI","AMPLITUD","LTRENDIDX","M","2018-08",99.64581,
"AUS","CLI","AMPLITUD","LTRENDIDX","M","2018-09",99.57662,
"AUS","CLI","AMPLITUD","LTRENDIDX","M","2018-10",99.50203,
"AUS","CLI","AMPLITUD","LTRENDIDX","M","2018-11",99.45005,
"AUS","CLI","AMPLITUD","LTRENDIDX","M","2018-12",99.45171,
"AUS","CLI","AMPLITUD","LTRENDIDX","M","2019-01",99.51032,
"AUS","CLI","AMPLITUD","LTRENDIDX","M","2019-02",99.61425,
"AUS","CLI","AMPLITUD","LTRENDIDX","M","2019-03",99.74249,
"AUS","CLI","AMPLITUD","LTRENDIDX","M","2019-04",99.88375,
"AUS","CLI","AMPLITUD","LTRENDIDX","M","2019-05",100.0159,
"AUS","CLI","AMPLITUD","LTRENDIDX","M","2019-06",100.1168,
"AUS","CLI","AMPLITUD","LTRENDIDX","M","2019-07",100.1742,
"AUS","CLI","AMPLITUD","LTRENDIDX","M","2019-08",100.1989,
"AUS","CLI","AMPLITUD","LTRENDIDX","M","2019-09",100.204,
"AUS","CLI","AMPLITUD","LTRENDIDX","M","2019-10",100.1925,
"AUS","CLI","AMPLITUD","LTRENDIDX","M","2019-11",100.1719,
"AUS","CLI","AMPLITUD","LTRENDIDX","M","2019-12",100.1469,
"AUS","CLI","AMPLITUD","LTRENDIDX","M","2020-01",100.1315,
"AUS","CLI","AMPLITUD","LTRENDIDX","M","2020-02",100.1285,
"AUS","CLI","AMPLITUD","LTRENDIDX","M","2020-03",98.60613,
"AUS","CLI","AMPLITUD","LTRENDIDX","M","2020-04",97.75823,
"AUS","CLI","AMPLITUD","LTRENDIDX","M","2020-05",97.3753,
"AUS","CLI","AMPLITUD","LTRENDIDX","M","2020-06",97.94225,
"AUS","CLI","AMPLITUD","LTRENDIDX","M","2020-07",98.42217,
"AUS","CLI","AMPLITUD","LTRENDIDX","M","2020-08",98.95229,
"AUS","CLI","AMPLITUD","LTRENDIDX","M","2020-09",99.08859,
"AUS","CLI","AMPLITUD","LTRENDIDX","M","2020-10",99.27179,
"AUS","CLI","AMPLITUD","LTRENDIDX","M","2020-11",99.42181,
"AUS","CLI","AMPLITUD","LTRENDIDX","M","2020-12",99.48514,
"NLD","CLI","AMPLITUD","LTRENDIDX","M","2017-12",101.3719,
"NLD","CLI","AMPLITUD","LTRENDIDX","M","2018-01",101.3979,
"NLD","CLI","AMPLITUD","LTRENDIDX","M","2018-02",101.3972,
"NLD","CLI","AMPLITUD","LTRENDIDX","M","2018-03",101.3708,
"NLD","CLI","AMPLITUD","LTRENDIDX","M","2018-04",101.3242,
"NLD","CLI","AMPLITUD","LTRENDIDX","M","2018-05",101.2613,
"NLD","CLI","AMPLITUD","LTRENDIDX","M","2018-06",101.1765,
"NLD","CLI","AMPLITUD","LTRENDIDX","M","2018-07",101.0735,
"NLD","CLI","AMPLITUD","LTRENDIDX","M","2018-08",100.9555,
"NLD","CLI","AMPLITUD","LTRENDIDX","M","2018-09",100.8267,
"NLD","CLI","AMPLITUD","LTRENDIDX","M","2018-10",100.6946,
"NLD","CLI","AMPLITUD","LTRENDIDX","M","2018-11",100.5718,
"NLD","CLI","AMPLITUD","LTRENDIDX","M","2018-12",100.4638,
"NLD","CLI","AMPLITUD","LTRENDIDX","M","2019-01",100.3766,
"NLD","CLI","AMPLITUD","LTRENDIDX","M","2019-02",100.3173,
"NLD","CLI","AMPLITUD","LTRENDIDX","M","2019-03",100.2712,
"NLD","CLI","AMPLITUD","LTRENDIDX","M","2019-04",100.2275,
"NLD","CLI","AMPLITUD","LTRENDIDX","M","2019-05",100.1786,
"NLD","CLI","AMPLITUD","LTRENDIDX","M","2019-06",100.1275,
"NLD","CLI","AMPLITUD","LTRENDIDX","M","2019-07",100.0822,
"NLD","CLI","AMPLITUD","LTRENDIDX","M","2019-08",100.0397,
"NLD","CLI","AMPLITUD","LTRENDIDX","M","2019-09",100.0019,
"NLD","CLI","AMPLITUD","LTRENDIDX","M","2019-10",99.97427,
"NLD","CLI","AMPLITUD","LTRENDIDX","M","2019-11",99.95417,
"NLD","CLI","AMPLITUD","LTRENDIDX","M","2019-12",99.93375,
"NLD","CLI","AMPLITUD","LTRENDIDX","M","2020-01",99.89896,
"NLD","CLI","AMPLITUD","LTRENDIDX","M","2020-02",99.83454,
"NLD","CLI","AMPLITUD","LTRENDIDX","M","2020-03",99.15023,
"NLD","CLI","AMPLITUD","LTRENDIDX","M","2020-04",94.26077,
"NLD","CLI","AMPLITUD","LTRENDIDX","M","2020-05",95.25067,
"NLD","CLI","AMPLITUD","LTRENDIDX","M","2020-06",97.25914,
"NLD","CLI","AMPLITUD","LTRENDIDX","M","2020-07",98.50733,
"NLD","CLI","AMPLITUD","LTRENDIDX","M","2020-08",98.702,
"NLD","CLI","AMPLITUD","LTRENDIDX","M","2020-09",98.77852,
"NLD","CLI","AMPLITUD","LTRENDIDX","M","2020-10",98.86813,
"NLD","CLI","AMPLITUD","LTRENDIDX","M","2020-11",99.12914,
"NLD","CLI","AMPLITUD","LTRENDIDX","M","2020-12",99.41914,
"CHE","CLI","AMPLITUD","LTRENDIDX","M","2017-12",101.4075,
"CHE","CLI","AMPLITUD","LTRENDIDX","M","2018-01",101.4239,
"CHE","CLI","AMPLITUD","LTRENDIDX","M","2018-02",101.3603,
"CHE","CLI","AMPLITUD","LTRENDIDX","M","2018-03",101.2348,
"CHE","CLI","AMPLITUD","LTRENDIDX","M","2018-04",101.0709,
"CHE","CLI","AMPLITUD","LTRENDIDX","M","2018-05",100.876,
"CHE","CLI","AMPLITUD","LTRENDIDX","M","2018-06",100.6393,
"CHE","CLI","AMPLITUD","LTRENDIDX","M","2018-07",100.3647,
"CHE","CLI","AMPLITUD","LTRENDIDX","M","2018-08",100.0765,
"CHE","CLI","AMPLITUD","LTRENDIDX","M","2018-09",99.80799,
"CHE","CLI","AMPLITUD","LTRENDIDX","M","2018-10",99.56952,
"CHE","CLI","AMPLITUD","LTRENDIDX","M","2018-11",99.4007,
"CHE","CLI","AMPLITUD","LTRENDIDX","M","2018-12",99.31133,
"CHE","CLI","AMPLITUD","LTRENDIDX","M","2019-01",99.30955,
"CHE","CLI","AMPLITUD","LTRENDIDX","M","2019-02",99.37728,
"CHE","CLI","AMPLITUD","LTRENDIDX","M","2019-03",99.46269,
"CHE","CLI","AMPLITUD","LTRENDIDX","M","2019-04",99.5471,
"CHE","CLI","AMPLITUD","LTRENDIDX","M","2019-05",99.60659,
"CHE","CLI","AMPLITUD","LTRENDIDX","M","2019-06",99.6328,
"CHE","CLI","AMPLITUD","LTRENDIDX","M","2019-07",99.63882,
"CHE","CLI","AMPLITUD","LTRENDIDX","M","2019-08",99.65873,
"CHE","CLI","AMPLITUD","LTRENDIDX","M","2019-09",99.6509,
"CHE","CLI","AMPLITUD","LTRENDIDX","M","2019-10",99.61963,
"CHE","CLI","AMPLITUD","LTRENDIDX","M","2019-11",99.53616,
"CHE","CLI","AMPLITUD","LTRENDIDX","M","2019-12",99.40862,
"CHE","CLI","AMPLITUD","LTRENDIDX","M","2020-01",99.24168,
"CHE","CLI","AMPLITUD","LTRENDIDX","M","2020-02",99.05186,
"CHE","CLI","AMPLITUD","LTRENDIDX","M","2020-03",97.74483,
"CHE","CLI","AMPLITUD","LTRENDIDX","M","2020-04",95.63364,
"CHE","CLI","AMPLITUD","LTRENDIDX","M","2020-05",93.12714,
"CHE","CLI","AMPLITUD","LTRENDIDX","M","2020-06",97.4327,
"CHE","CLI","AMPLITUD","LTRENDIDX","M","2020-07",99.55583,
"CHE","CLI","AMPLITUD","LTRENDIDX","M","2020-08",100.4279,
"CHE","CLI","AMPLITUD","LTRENDIDX","M","2020-09",100.6552,
"CHE","CLI","AMPLITUD","LTRENDIDX","M","2020-10",100.7642,
"CHE","CLI","AMPLITUD","LTRENDIDX","M","2020-11",100.7768,
"CHE","CLI","AMPLITUD","LTRENDIDX","M","2020-12",100.7315,
"PRT","CLI","AMPLITUD","LTRENDIDX","M","2017-12",101.9137,
"PRT","CLI","AMPLITUD","LTRENDIDX","M","2018-01",101.7954,
"PRT","CLI","AMPLITUD","LTRENDIDX","M","2018-02",101.7589,
"PRT","CLI","AMPLITUD","LTRENDIDX","M","2018-03",101.7871,
"PRT","CLI","AMPLITUD","LTRENDIDX","M","2018-04",101.7931,
"PRT","CLI","AMPLITUD","LTRENDIDX","M","2018-05",101.82,
"PRT","CLI","AMPLITUD","LTRENDIDX","M","2018-06",101.8873,
"PRT","CLI","AMPLITUD","LTRENDIDX","M","2018-07",101.9006,
"PRT","CLI","AMPLITUD","LTRENDIDX","M","2018-08",101.7685,
"PRT","CLI","AMPLITUD","LTRENDIDX","M","2018-09",101.4652,
"PRT","CLI","AMPLITUD","LTRENDIDX","M","2018-10",101.0541,
"PRT","CLI","AMPLITUD","LTRENDIDX","M","2018-11",100.6126,
"PRT","CLI","AMPLITUD","LTRENDIDX","M","2018-12",100.1784,
"PRT","CLI","AMPLITUD","LTRENDIDX","M","2019-01",99.81322,
"PRT","CLI","AMPLITUD","LTRENDIDX","M","2019-02",99.57337,
"PRT","CLI","AMPLITUD","LTRENDIDX","M","2019-03",99.51251,
"PRT","CLI","AMPLITUD","LTRENDIDX","M","2019-04",99.60271,
"PRT","CLI","AMPLITUD","LTRENDIDX","M","2019-05",99.77312,
"PRT","CLI","AMPLITUD","LTRENDIDX","M","2019-06",99.98734,
"PRT","CLI","AMPLITUD","LTRENDIDX","M","2019-07",100.2087,
"PRT","CLI","AMPLITUD","LTRENDIDX","M","2019-08",100.3959,
"PRT","CLI","AMPLITUD","LTRENDIDX","M","2019-09",100.5502,
"PRT","CLI","AMPLITUD","LTRENDIDX","M","2019-10",100.6542,
"PRT","CLI","AMPLITUD","LTRENDIDX","M","2019-11",100.6447,
"PRT","CLI","AMPLITUD","LTRENDIDX","M","2019-12",100.4166,
"PRT","CLI","AMPLITUD","LTRENDIDX","M","2020-01",99.93899,
"PRT","CLI","AMPLITUD","LTRENDIDX","M","2020-02",99.28304,
"PRT","CLI","AMPLITUD","LTRENDIDX","M","2020-03",98.1778,
"PRT","CLI","AMPLITUD","LTRENDIDX","M","2020-04",89.51223,
"PRT","CLI","AMPLITUD","LTRENDIDX","M","2020-05",90.46376,
"PRT","CLI","AMPLITUD","LTRENDIDX","M","2020-06",94.37868,
"PRT","CLI","AMPLITUD","LTRENDIDX","M","2020-07",95.35808,
"PRT","CLI","AMPLITUD","LTRENDIDX","M","2020-08",96.1015,
"PRT","CLI","AMPLITUD","LTRENDIDX","M","2020-09",96.60631,
"PRT","CLI","AMPLITUD","LTRENDIDX","M","2020-10",96.99709,
"PRT","CLI","AMPLITUD","LTRENDIDX","M","2020-11",96.98675,
"PRT","CLI","AMPLITUD","LTRENDIDX","M","2020-12",97.07666,
"CAN","CLI","AMPLITUD","LTRENDIDX","M","2017-12",101.0801,
"CAN","CLI","AMPLITUD","LTRENDIDX","M","2018-01",100.9702,
"CAN","CLI","AMPLITUD","LTRENDIDX","M","2018-02",100.8292,
"CAN","CLI","AMPLITUD","LTRENDIDX","M","2018-03",100.6912,
"CAN","CLI","AMPLITUD","LTRENDIDX","M","2018-04",100.5668,
"CAN","CLI","AMPLITUD","LTRENDIDX","M","2018-05",100.464,
"CAN","CLI","AMPLITUD","LTRENDIDX","M","2018-06",100.3573,
"CAN","CLI","AMPLITUD","LTRENDIDX","M","2018-07",100.2154,
"CAN","CLI","AMPLITUD","LTRENDIDX","M","2018-08",100.0264,
"CAN","CLI","AMPLITUD","LTRENDIDX","M","2018-09",99.78622,
"CAN","CLI","AMPLITUD","LTRENDIDX","M","2018-10",99.51445,
"CAN","CLI","AMPLITUD","LTRENDIDX","M","2018-11",99.23602,
"CAN","CLI","AMPLITUD","LTRENDIDX","M","2018-12",98.98566,
"CAN","CLI","AMPLITUD","LTRENDIDX","M","2019-01",98.80563,
"CAN","CLI","AMPLITUD","LTRENDIDX","M","2019-02",98.68855,
"CAN","CLI","AMPLITUD","LTRENDIDX","M","2019-03",98.61484,
"CAN","CLI","AMPLITUD","LTRENDIDX","M","2019-04",98.55104,
"CAN","CLI","AMPLITUD","LTRENDIDX","M","2019-05",98.48511,
"CAN","CLI","AMPLITUD","LTRENDIDX","M","2019-06",98.40214,
"CAN","CLI","AMPLITUD","LTRENDIDX","M","2019-07",98.30119,
"CAN","CLI","AMPLITUD","LTRENDIDX","M","2019-08",98.19411,
"CAN","CLI","AMPLITUD","LTRENDIDX","M","2019-09",98.10365,
"CAN","CLI","AMPLITUD","LTRENDIDX","M","2019-10",98.05025,
"CAN","CLI","AMPLITUD","LTRENDIDX","M","2019-11",98.05477,
"CAN","CLI","AMPLITUD","LTRENDIDX","M","2019-12",98.13594,
"CAN","CLI","AMPLITUD","LTRENDIDX","M","2020-01",98.3138,
"CAN","CLI","AMPLITUD","LTRENDIDX","M","2020-02",98.57851,
"CAN","CLI","AMPLITUD","LTRENDIDX","M","2020-03",96.79452,
"CAN","CLI","AMPLITUD","LTRENDIDX","M","2020-04",95.86429,
"CAN","CLI","AMPLITUD","LTRENDIDX","M","2020-05",96.97455,
"CAN","CLI","AMPLITUD","LTRENDIDX","M","2020-06",98.1871,
"CAN","CLI","AMPLITUD","LTRENDIDX","M","2020-07",98.69249,
"CAN","CLI","AMPLITUD","LTRENDIDX","M","2020-08",99.25745,
"CAN","CLI","AMPLITUD","LTRENDIDX","M","2020-09",99.48559,
"CAN","CLI","AMPLITUD","LTRENDIDX","M","2020-10",99.70396,
"CAN","CLI","AMPLITUD","LTRENDIDX","M","2020-11",100.0999,
"CAN","CLI","AMPLITUD","LTRENDIDX","M","2020-12",100.5724,
"ZAF","CLI","AMPLITUD","LTRENDIDX","M","2017-12",100.6034,
"ZAF","CLI","AMPLITUD","LTRENDIDX","M","2018-01",100.6636,
"ZAF","CLI","AMPLITUD","LTRENDIDX","M","2018-02",100.6689,
"ZAF","CLI","AMPLITUD","LTRENDIDX","M","2018-03",100.6316,
"ZAF","CLI","AMPLITUD","LTRENDIDX","M","2018-04",100.5701,
"ZAF","CLI","AMPLITUD","LTRENDIDX","M","2018-05",100.506,
"ZAF","CLI","AMPLITUD","LTRENDIDX","M","2018-06",100.4372,
"ZAF","CLI","AMPLITUD","LTRENDIDX","M","2018-07",100.3607,
"ZAF","CLI","AMPLITUD","LTRENDIDX","M","2018-08",100.2797,
"ZAF","CLI","AMPLITUD","LTRENDIDX","M","2018-09",100.1924,
"ZAF","CLI","AMPLITUD","LTRENDIDX","M","2018-10",100.0982,
"ZAF","CLI","AMPLITUD","LTRENDIDX","M","2018-11",100.0061,
"ZAF","CLI","AMPLITUD","LTRENDIDX","M","2018-12",99.92366,
"ZAF","CLI","AMPLITUD","LTRENDIDX","M","2019-01",99.86051,
"ZAF","CLI","AMPLITUD","LTRENDIDX","M","2019-02",99.81463,
"ZAF","CLI","AMPLITUD","LTRENDIDX","M","2019-03",99.77433,
"ZAF","CLI","AMPLITUD","LTRENDIDX","M","2019-04",99.73036,
"ZAF","CLI","AMPLITUD","LTRENDIDX","M","2019-05",99.68453,
"ZAF","CLI","AMPLITUD","LTRENDIDX","M","2019-06",99.64525,
"ZAF","CLI","AMPLITUD","LTRENDIDX","M","2019-07",99.6134,
"ZAF","CLI","AMPLITUD","LTRENDIDX","M","2019-08",99.60278,
"ZAF","CLI","AMPLITUD","LTRENDIDX","M","2019-09",99.62016,
"ZAF","CLI","AMPLITUD","LTRENDIDX","M","2019-10",99.65367,
"ZAF","CLI","AMPLITUD","LTRENDIDX","M","2019-11",99.68865,
"ZAF","CLI","AMPLITUD","LTRENDIDX","M","2019-12",99.7161,
"ZAF","CLI","AMPLITUD","LTRENDIDX","M","2020-01",99.73064,
"ZAF","CLI","AMPLITUD","LTRENDIDX","M","2020-02",99.73242,
"ZAF","CLI","AMPLITUD","LTRENDIDX","M","2020-03",96.4362,
"ZAF","CLI","AMPLITUD","LTRENDIDX","M","2020-04",92.72522,
"ZAF","CLI","AMPLITUD","LTRENDIDX","M","2020-05",94.02599,
"ZAF","CLI","AMPLITUD","LTRENDIDX","M","2020-06",96.60196,
"ZAF","CLI","AMPLITUD","LTRENDIDX","M","2020-07",97.79063,
"ZAF","CLI","AMPLITUD","LTRENDIDX","M","2020-08",98.62886,
"ZAF","CLI","AMPLITUD","LTRENDIDX","M","2020-09",99.00545,
"ZAF","CLI","AMPLITUD","LTRENDIDX","M","2020-10",99.28043,
"ZAF","CLI","AMPLITUD","LTRENDIDX","M","2020-11",99.64213,
"ISR","CLI","AMPLITUD","LTRENDIDX","M","2017-12",100.4005,
"ISR","CLI","AMPLITUD","LTRENDIDX","M","2018-01",100.5547,
"ISR","CLI","AMPLITUD","LTRENDIDX","M","2018-02",100.6852,
"ISR","CLI","AMPLITUD","LTRENDIDX","M","2018-03",100.7767,
"ISR","CLI","AMPLITUD","LTRENDIDX","M","2018-04",100.8099,
"ISR","CLI","AMPLITUD","LTRENDIDX","M","2018-05",100.8089,
"ISR","CLI","AMPLITUD","LTRENDIDX","M","2018-06",100.7834,
"ISR","CLI","AMPLITUD","LTRENDIDX","M","2018-07",100.7495,
"ISR","CLI","AMPLITUD","LTRENDIDX","M","2018-08",100.7112,
"ISR","CLI","AMPLITUD","LTRENDIDX","M","2018-09",100.668,
"ISR","CLI","AMPLITUD","LTRENDIDX","M","2018-10",100.6107,
"ISR","CLI","AMPLITUD","LTRENDIDX","M","2018-11",100.5298,
"ISR","CLI","AMPLITUD","LTRENDIDX","M","2018-12",100.4231,
"ISR","CLI","AMPLITUD","LTRENDIDX","M","2019-01",100.3257,
"ISR","CLI","AMPLITUD","LTRENDIDX","M","2019-02",100.2553,
"ISR","CLI","AMPLITUD","LTRENDIDX","M","2019-03",100.2026,
"ISR","CLI","AMPLITUD","LTRENDIDX","M","2019-04",100.1628,
"ISR","CLI","AMPLITUD","LTRENDIDX","M","2019-05",100.1087,
"ISR","CLI","AMPLITUD","LTRENDIDX","M","2019-06",100.0441,
"ISR","CLI","AMPLITUD","LTRENDIDX","M","2019-07",99.98067,
"ISR","CLI","AMPLITUD","LTRENDIDX","M","2019-08",99.95665,
"ISR","CLI","AMPLITUD","LTRENDIDX","M","2019-09",100.0378,
"ISR","CLI","AMPLITUD","LTRENDIDX","M","2019-10",100.1871,
"ISR","CLI","AMPLITUD","LTRENDIDX","M","2019-11",100.3072,
"ISR","CLI","AMPLITUD","LTRENDIDX","M","2019-12",100.3267,
"ISR","CLI","AMPLITUD","LTRENDIDX","M","2020-01",100.2173,
"ISR","CLI","AMPLITUD","LTRENDIDX","M","2020-02",100.005,
"ISR","CLI","AMPLITUD","LTRENDIDX","M","2020-03",94.89191,
"ISR","CLI","AMPLITUD","LTRENDIDX","M","2020-04",92.98103,
"ISR","CLI","AMPLITUD","LTRENDIDX","M","2020-05",94.32089,
"ISR","CLI","AMPLITUD","LTRENDIDX","M","2020-06",94.38932,
"ISR","CLI","AMPLITUD","LTRENDIDX","M","2020-07",94.29202,
"ISR","CLI","AMPLITUD","LTRENDIDX","M","2020-08",94.30491,
"ISR","CLI","AMPLITUD","LTRENDIDX","M","2020-09",94.28236,
"ISR","CLI","AMPLITUD","LTRENDIDX","M","2020-10",94.44427,
"ISR","CLI","AMPLITUD","LTRENDIDX","M","2020-11",94.62243,
"G-7","CLI","AMPLITUD","LTRENDIDX","M","2017-12",100.9573,
"G-7","CLI","AMPLITUD","LTRENDIDX","M","2018-01",100.9916,
"G-7","CLI","AMPLITUD","LTRENDIDX","M","2018-02",101.0087,
"G-7","CLI","AMPLITUD","LTRENDIDX","M","2018-03",100.9944,
"G-7","CLI","AMPLITUD","LTRENDIDX","M","2018-04",100.9541,
"G-7","CLI","AMPLITUD","LTRENDIDX","M","2018-05",100.8967,
"G-7","CLI","AMPLITUD","LTRENDIDX","M","2018-06",100.8245,
"G-7","CLI","AMPLITUD","LTRENDIDX","M","2018-07",100.7356,
"G-7","CLI","AMPLITUD","LTRENDIDX","M","2018-08",100.6244,
"G-7","CLI","AMPLITUD","LTRENDIDX","M","2018-09",100.4826,
"G-7","CLI","AMPLITUD","LTRENDIDX","M","2018-10",100.311,
"G-7","CLI","AMPLITUD","LTRENDIDX","M","2018-11",100.1248,
"G-7","CLI","AMPLITUD","LTRENDIDX","M","2018-12",99.93724,
"G-7","CLI","AMPLITUD","LTRENDIDX","M","2019-01",99.77009,
"G-7","CLI","AMPLITUD","LTRENDIDX","M","2019-02",99.63054,
"G-7","CLI","AMPLITUD","LTRENDIDX","M","2019-03",99.51437,
"G-7","CLI","AMPLITUD","LTRENDIDX","M","2019-04",99.40882,
"G-7","CLI","AMPLITUD","LTRENDIDX","M","2019-05",99.31095,
"G-7","CLI","AMPLITUD","LTRENDIDX","M","2019-06",99.22028,
"G-7","CLI","AMPLITUD","LTRENDIDX","M","2019-07",99.14451,
"G-7","CLI","AMPLITUD","LTRENDIDX","M","2019-08",99.09148,
"G-7","CLI","AMPLITUD","LTRENDIDX","M","2019-09",99.07947,
"G-7","CLI","AMPLITUD","LTRENDIDX","M","2019-10",99.10431,
"G-7","CLI","AMPLITUD","LTRENDIDX","M","2019-11",99.1506,
"G-7","CLI","AMPLITUD","LTRENDIDX","M","2019-12",99.19623,
"G-7","CLI","AMPLITUD","LTRENDIDX","M","2020-01",99.22009,
"G-7","CLI","AMPLITUD","LTRENDIDX","M","2020-02",99.21104,
"G-7","CLI","AMPLITUD","LTRENDIDX","M","2020-03",97.1571,
"G-7","CLI","AMPLITUD","LTRENDIDX","M","2020-04",92.32348,
"G-7","CLI","AMPLITUD","LTRENDIDX","M","2020-05",94.05505,
"G-7","CLI","AMPLITUD","LTRENDIDX","M","2020-06",96.50655,
"G-7","CLI","AMPLITUD","LTRENDIDX","M","2020-07",97.99782,
"G-7","CLI","AMPLITUD","LTRENDIDX","M","2020-08",98.63591,
"G-7","CLI","AMPLITUD","LTRENDIDX","M","2020-09",98.80737,
"G-7","CLI","AMPLITUD","LTRENDIDX","M","2020-10",98.98955,
"G-7","CLI","AMPLITUD","LTRENDIDX","M","2020-11",99.17155,
"G-7","CLI","AMPLITUD","LTRENDIDX","M","2020-12",99.37015,
"MEX","CLI","AMPLITUD","LTRENDIDX","M","2017-12",99.57479,
"MEX","CLI","AMPLITUD","LTRENDIDX","M","2018-01",99.58437,
"MEX","CLI","AMPLITUD","LTRENDIDX","M","2018-02",99.63985,
"MEX","CLI","AMPLITUD","LTRENDIDX","M","2018-03",99.67896,
"MEX","CLI","AMPLITUD","LTRENDIDX","M","2018-04",99.60889,
"MEX","CLI","AMPLITUD","LTRENDIDX","M","2018-05",99.54346,
"MEX","CLI","AMPLITUD","LTRENDIDX","M","2018-06",99.49392,
"MEX","CLI","AMPLITUD","LTRENDIDX","M","2018-07",99.50224,
"MEX","CLI","AMPLITUD","LTRENDIDX","M","2018-08",99.56873,
"MEX","CLI","AMPLITUD","LTRENDIDX","M","2018-09",99.64366,
"MEX","CLI","AMPLITUD","LTRENDIDX","M","2018-10",99.71017,
"MEX","CLI","AMPLITUD","LTRENDIDX","M","2018-11",99.77236,
"MEX","CLI","AMPLITUD","LTRENDIDX","M","2018-12",99.82361,
"MEX","CLI","AMPLITUD","LTRENDIDX","M","2019-01",99.80547,
"MEX","CLI","AMPLITUD","LTRENDIDX","M","2019-02",99.72968,
"MEX","CLI","AMPLITUD","LTRENDIDX","M","2019-03",99.7401,
"MEX","CLI","AMPLITUD","LTRENDIDX","M","2019-04",99.81958,
"MEX","CLI","AMPLITUD","LTRENDIDX","M","2019-05",99.75728,
"MEX","CLI","AMPLITUD","LTRENDIDX","M","2019-06",99.58619,
"MEX","CLI","AMPLITUD","LTRENDIDX","M","2019-07",99.42934,
"MEX","CLI","AMPLITUD","LTRENDIDX","M","2019-08",99.33936,
"MEX","CLI","AMPLITUD","LTRENDIDX","M","2019-09",99.35324,
"MEX","CLI","AMPLITUD","LTRENDIDX","M","2019-10",99.46478,
"MEX","CLI","AMPLITUD","LTRENDIDX","M","2019-11",99.61614,
"MEX","CLI","AMPLITUD","LTRENDIDX","M","2019-12",99.73385,
"MEX","CLI","AMPLITUD","LTRENDIDX","M","2020-01",99.70967,
"MEX","CLI","AMPLITUD","LTRENDIDX","M","2020-02",99.48267,
"MEX","CLI","AMPLITUD","LTRENDIDX","M","2020-03",98.65121,
"MEX","CLI","AMPLITUD","LTRENDIDX","M","2020-04",98.40633,
"MEX","CLI","AMPLITUD","LTRENDIDX","M","2020-05",98.8597,
"RUS","CLI","AMPLITUD","LTRENDIDX","M","2017-12",101.1727,
"RUS","CLI","AMPLITUD","LTRENDIDX","M","2018-01",101.3054,
"RUS","CLI","AMPLITUD","LTRENDIDX","M","2018-02",101.391,
"RUS","CLI","AMPLITUD","LTRENDIDX","M","2018-03",101.4368,
"RUS","CLI","AMPLITUD","LTRENDIDX","M","2018-04",101.4529,
"RUS","CLI","AMPLITUD","LTRENDIDX","M","2018-05",101.4403,
"RUS","CLI","AMPLITUD","LTRENDIDX","M","2018-06",101.3892,
"RUS","CLI","AMPLITUD","LTRENDIDX","M","2018-07",101.2991,
"RUS","CLI","AMPLITUD","LTRENDIDX","M","2018-08",101.1683,
"RUS","CLI","AMPLITUD","LTRENDIDX","M","2018-09",101.0003,
"RUS","CLI","AMPLITUD","LTRENDIDX","M","2018-10",100.7904,
"RUS","CLI","AMPLITUD","LTRENDIDX","M","2018-11",100.5673,
"RUS","CLI","AMPLITUD","LTRENDIDX","M","2018-12",100.3908,
"RUS","CLI","AMPLITUD","LTRENDIDX","M","2019-01",100.3006,
"RUS","CLI","AMPLITUD","LTRENDIDX","M","2019-02",100.2818,
"RUS","CLI","AMPLITUD","LTRENDIDX","M","2019-03",100.3056,
"RUS","CLI","AMPLITUD","LTRENDIDX","M","2019-04",100.3403,
"RUS","CLI","AMPLITUD","LTRENDIDX","M","2019-05",100.3556,
"RUS","CLI","AMPLITUD","LTRENDIDX","M","2019-06",100.3467,
"RUS","CLI","AMPLITUD","LTRENDIDX","M","2019-07",100.3272,
"RUS","CLI","AMPLITUD","LTRENDIDX","M","2019-08",100.3071,
"RUS","CLI","AMPLITUD","LTRENDIDX","M","2019-09",100.2966,
"RUS","CLI","AMPLITUD","LTRENDIDX","M","2019-10",100.2745,
"RUS","CLI","AMPLITUD","LTRENDIDX","M","2019-11",100.2111,
"RUS","CLI","AMPLITUD","LTRENDIDX","M","2019-12",100.0695,
"RUS","CLI","AMPLITUD","LTRENDIDX","M","2020-01",99.82824,
"RUS","CLI","AMPLITUD","LTRENDIDX","M","2020-02",99.51837,
"RUS","CLI","AMPLITUD","LTRENDIDX","M","2020-03",98.14042,
"RUS","CLI","AMPLITUD","LTRENDIDX","M","2020-04",91.16248,
"RUS","CLI","AMPLITUD","LTRENDIDX","M","2020-05",93.18861,
"RUS","CLI","AMPLITUD","LTRENDIDX","M","2020-06",98.11567,
"RUS","CLI","AMPLITUD","LTRENDIDX","M","2020-07",98.89568,
"RUS","CLI","AMPLITUD","LTRENDIDX","M","2020-08",98.96815,
"RUS","CLI","AMPLITUD","LTRENDIDX","M","2020-09",99.05662,
"RUS","CLI","AMPLITUD","LTRENDIDX","M","2020-10",99.16846,
"RUS","CLI","AMPLITUD","LTRENDIDX","M","2020-11",99.31191,
"RUS","CLI","AMPLITUD","LTRENDIDX","M","2020-12",99.52955,
"SWE","CLI","AMPLITUD","LTRENDIDX","M","2017-12",100.6722,
"SWE","CLI","AMPLITUD","LTRENDIDX","M","2018-01",100.6464,
"SWE","CLI","AMPLITUD","LTRENDIDX","M","2018-02",100.6383,
"SWE","CLI","AMPLITUD","LTRENDIDX","M","2018-03",100.6446,
"SWE","CLI","AMPLITUD","LTRENDIDX","M","2018-04",100.6572,
"SWE","CLI","AMPLITUD","LTRENDIDX","M","2018-05",100.6502,
"SWE","CLI","AMPLITUD","LTRENDIDX","M","2018-06",100.6118,
"SWE","CLI","AMPLITUD","LTRENDIDX","M","2018-07",100.5517,
"SWE","CLI","AMPLITUD","LTRENDIDX","M","2018-08",100.4501,
"SWE","CLI","AMPLITUD","LTRENDIDX","M","2018-09",100.31,
"SWE","CLI","AMPLITUD","LTRENDIDX","M","2018-10",100.1418,
"SWE","CLI","AMPLITUD","LTRENDIDX","M","2018-11",99.96861,
"SWE","CLI","AMPLITUD","LTRENDIDX","M","2018-12",99.8091,
"SWE","CLI","AMPLITUD","LTRENDIDX","M","2019-01",99.67667,
"SWE","CLI","AMPLITUD","LTRENDIDX","M","2019-02",99.58594,
"SWE","CLI","AMPLITUD","LTRENDIDX","M","2019-03",99.53408,
"SWE","CLI","AMPLITUD","LTRENDIDX","M","2019-04",99.50468,
"SWE","CLI","AMPLITUD","LTRENDIDX","M","2019-05",99.45881,
"SWE","CLI","AMPLITUD","LTRENDIDX","M","2019-06",99.38918,
"SWE","CLI","AMPLITUD","LTRENDIDX","M","2019-07",99.2912,
"SWE","CLI","AMPLITUD","LTRENDIDX","M","2019-08",99.18149,
"SWE","CLI","AMPLITUD","LTRENDIDX","M","2019-09",99.07347,
"SWE","CLI","AMPLITUD","LTRENDIDX","M","2019-10",98.98128,
"SWE","CLI","AMPLITUD","LTRENDIDX","M","2019-11",98.91158,
"SWE","CLI","AMPLITUD","LTRENDIDX","M","2019-12",98.85751,
"SWE","CLI","AMPLITUD","LTRENDIDX","M","2020-01",98.80337,
"SWE","CLI","AMPLITUD","LTRENDIDX","M","2020-02",98.72231,
"SWE","CLI","AMPLITUD","LTRENDIDX","M","2020-03",97.73064,
"SWE","CLI","AMPLITUD","LTRENDIDX","M","2020-04",95.22619,
"SWE","CLI","AMPLITUD","LTRENDIDX","M","2020-05",95.61805,
"SWE","CLI","AMPLITUD","LTRENDIDX","M","2020-06",96.96342,
"SWE","CLI","AMPLITUD","LTRENDIDX","M","2020-07",97.88998,
"SWE","CLI","AMPLITUD","LTRENDIDX","M","2020-08",98.35114,
"SWE","CLI","AMPLITUD","LTRENDIDX","M","2020-09",98.826,
"SWE","CLI","AMPLITUD","LTRENDIDX","M","2020-10",99.08456,
"SWE","CLI","AMPLITUD","LTRENDIDX","M","2020-11",99.26024,
"SWE","CLI","AMPLITUD","LTRENDIDX","M","2020-12",99.41013,
"EA19","CLI","AMPLITUD","LTRENDIDX","M","2017-12",101.8235,
"EA19","CLI","AMPLITUD","LTRENDIDX","M","2018-01",101.7919,
"EA19","CLI","AMPLITUD","LTRENDIDX","M","2018-02",101.7139,
"EA19","CLI","AMPLITUD","LTRENDIDX","M","2018-03",101.6039,
"EA19","CLI","AMPLITUD","LTRENDIDX","M","2018-04",101.4822,
"EA19","CLI","AMPLITUD","LTRENDIDX","M","2018-05",101.3589,
"EA19","CLI","AMPLITUD","LTRENDIDX","M","2018-06",101.232,
"EA19","CLI","AMPLITUD","LTRENDIDX","M","2018-07",101.0956,
"EA19","CLI","AMPLITUD","LTRENDIDX","M","2018-08",100.9458,
"EA19","CLI","AMPLITUD","LTRENDIDX","M","2018-09",100.7919,
"EA19","CLI","AMPLITUD","LTRENDIDX","M","2018-10",100.6461,
"EA19","CLI","AMPLITUD","LTRENDIDX","M","2018-11",100.5165,
"EA19","CLI","AMPLITUD","LTRENDIDX","M","2018-12",100.3986,
"EA19","CLI","AMPLITUD","LTRENDIDX","M","2019-01",100.2975,
"EA19","CLI","AMPLITUD","LTRENDIDX","M","2019-02",100.212,
"EA19","CLI","AMPLITUD","LTRENDIDX","M","2019-03",100.1337,
"EA19","CLI","AMPLITUD","LTRENDIDX","M","2019-04",100.0572,
"EA19","CLI","AMPLITUD","LTRENDIDX","M","2019-05",99.979,
"EA19","CLI","AMPLITUD","LTRENDIDX","M","2019-06",99.89699,
"EA19","CLI","AMPLITUD","LTRENDIDX","M","2019-07",99.8232,
"EA19","CLI","AMPLITUD","LTRENDIDX","M","2019-08",99.76947,
"EA19","CLI","AMPLITUD","LTRENDIDX","M","2019-09",99.7377,
"EA19","CLI","AMPLITUD","LTRENDIDX","M","2019-10",99.71716,
"EA19","CLI","AMPLITUD","LTRENDIDX","M","2019-11",99.69042,
"EA19","CLI","AMPLITUD","LTRENDIDX","M","2019-12",99.63634,
"EA19","CLI","AMPLITUD","LTRENDIDX","M","2020-01",99.54441,
"EA19","CLI","AMPLITUD","LTRENDIDX","M","2020-02",99.40935,
"EA19","CLI","AMPLITUD","LTRENDIDX","M","2020-03",96.47679,
"EA19","CLI","AMPLITUD","LTRENDIDX","M","2020-04",91.29426,
"EA19","CLI","AMPLITUD","LTRENDIDX","M","2020-05",93.6498,
"EA19","CLI","AMPLITUD","LTRENDIDX","M","2020-06",97.1813,
"EA19","CLI","AMPLITUD","LTRENDIDX","M","2020-07",97.97108,
"EA19","CLI","AMPLITUD","LTRENDIDX","M","2020-08",98.33528,
"EA19","CLI","AMPLITUD","LTRENDIDX","M","2020-09",98.48309,
"EA19","CLI","AMPLITUD","LTRENDIDX","M","2020-10",98.58196,
"EA19","CLI","AMPLITUD","LTRENDIDX","M","2020-11",98.62644,
"EA19","CLI","AMPLITUD","LTRENDIDX","M","2020-12",98.73173,
"ISL","CLI","AMPLITUD","LTRENDIDX","M","2017-12",101.9788,
"ISL","CLI","AMPLITUD","LTRENDIDX","M","2018-01",102.022,
"ISL","CLI","AMPLITUD","LTRENDIDX","M","2018-02",102.0217,
"ISL","CLI","AMPLITUD","LTRENDIDX","M","2018-03",101.9688,
"ISL","CLI","AMPLITUD","LTRENDIDX","M","2018-04",101.8597,
"ISL","CLI","AMPLITUD","LTRENDIDX","M","2018-05",101.7155,
"ISL","CLI","AMPLITUD","LTRENDIDX","M","2018-06",101.5558,
"ISL","CLI","AMPLITUD","LTRENDIDX","M","2018-07",101.3811,
"ISL","CLI","AMPLITUD","LTRENDIDX","M","2018-08",101.2035,
"ISL","CLI","AMPLITUD","LTRENDIDX","M","2018-09",101.0292,
"ISL","CLI","AMPLITUD","LTRENDIDX","M","2018-10",100.8606,
"ISL","CLI","AMPLITUD","LTRENDIDX","M","2018-11",100.6912,
"ISL","CLI","AMPLITUD","LTRENDIDX","M","2018-12",100.5105,
"ISL","CLI","AMPLITUD","LTRENDIDX","M","2019-01",100.3248,
"ISL","CLI","AMPLITUD","LTRENDIDX","M","2019-02",100.1386,
"ISL","CLI","AMPLITUD","LTRENDIDX","M","2019-03",99.94209,
"ISL","CLI","AMPLITUD","LTRENDIDX","M","2019-04",99.74901,
"ISL","CLI","AMPLITUD","LTRENDIDX","M","2019-05",99.57774,
"ISL","CLI","AMPLITUD","LTRENDIDX","M","2019-06",99.43739,
"ISL","CLI","AMPLITUD","LTRENDIDX","M","2019-07",99.336,
"ISL","CLI","AMPLITUD","LTRENDIDX","M","2019-08",99.25634,
"ISL","CLI","AMPLITUD","LTRENDIDX","M","2019-09",99.18253,
"ISL","CLI","AMPLITUD","LTRENDIDX","M","2019-10",99.0946,
"ISL","CLI","AMPLITUD","LTRENDIDX","M","2019-11",98.9865,
"ISL","CLI","AMPLITUD","LTRENDIDX","M","2019-12",98.85251,
"ISL","CLI","AMPLITUD","LTRENDIDX","M","2020-01",98.70037,
"ISL","CLI","AMPLITUD","LTRENDIDX","M","2020-02",98.54098,
"ISL","CLI","AMPLITUD","LTRENDIDX","M","2020-03",96.48254,
"ISL","CLI","AMPLITUD","LTRENDIDX","M","2020-04",93.48689,
"ISL","CLI","AMPLITUD","LTRENDIDX","M","2020-05",93.30806,
"ISL","CLI","AMPLITUD","LTRENDIDX","M","2020-06",93.66618,
"ISL","CLI","AMPLITUD","LTRENDIDX","M","2020-07",94.93617,
"ISL","CLI","AMPLITUD","LTRENDIDX","M","2020-08",95.16782,
"ISL","CLI","AMPLITUD","LTRENDIDX","M","2020-09",94.65254,
"ISL","CLI","AMPLITUD","LTRENDIDX","M","2020-10",94.21426,
"ISL","CLI","AMPLITUD","LTRENDIDX","M","2020-11",93.93925,
"ISL","CLI","AMPLITUD","LTRENDIDX","M","2020-12",93.93893,
