Country,Date,Open,High,Low,Close,Adj Close,Volume
CHN,1/2/2018,3314.031006,3349.052979,3314.031006,3348.325928,3348.325928,202300
CHN,1/3/2018,3347.74292,3379.915039,3345.289063,3369.10791,3369.10791,213800
CHN,1/4/2018,3371,3392.825928,3365.294922,3385.709961,3385.709961,207000
CHN,1/5/2018,3386.464111,3402.069092,3380.245117,3391.75,3391.75,213100
CHN,1/8/2018,3391.552979,3412.730957,3384.559082,3409.47998,3409.47998,236200
CHN,1/9/2018,3406.112061,3417.228027,3403.586914,3413.899902,3413.899902,191500
CHN,1/10/2018,3414.113037,3430.214111,3398.842041,3421.833984,3421.833984,209100
CHN,1/11/2018,3415.584961,3426.48291,3405.638916,3425.344971,3425.344971,173800
CHN,1/12/2018,3423.878906,3435.424072,3417.97998,3428.940918,3428.940918,174100
CHN,1/15/2018,3428.950928,3442.500977,3402.312012,3410.488037,3410.488037,232000
CHN,1/16/2018,3403.468994,3437.583008,3401.960938,3436.593994,3436.593994,211500
CHN,1/17/2018,3438.575928,3465.205078,3430.510986,3444.670898,3444.670898,261000
CHN,1/18/2018,3449.881104,3476.545898,3448.789063,3474.753906,3474.753906,220000
CHN,1/19/2018,3481.620117,3498.434082,3474.291992,3487.864014,3487.864014,247500
CHN,1/22/2018,3476.993896,3503.385986,3475.673096,3501.362061,3501.362061,217500
CHN,1/23/2018,3504.343994,3547.221924,3504.343994,3546.504883,3546.504883,238700
CHN,1/24/2018,3553.479004,3569.489014,3527.112061,3559.465088,3559.465088,253000
CHN,1/25/2018,3555.167969,3571.480957,3528.034912,3548.306885,3548.306885,243400
CHN,1/26/2018,3535.49292,3574.905029,3534.195068,3558.128906,3558.128906,222700
CHN,1/29/2018,3563.639893,3587.031982,3510.269043,3523.000977,3523.000977,236000
CHN,1/30/2018,3511.500977,3523.051025,3484.656006,3488.009033,3488.009033,186400
CHN,1/31/2018,3470.509033,3495.452881,3454.726074,3480.833008,3480.833008,207300
CHN,2/1/2018,3478.669922,3495.093018,3424.418945,3446.97998,3446.97998,260500
CHN,2/2/2018,3419.225098,3463.164063,3388.860107,3462.081055,3462.081055,208100
CHN,2/5/2018,3411.669922,3487.720947,3406.240967,3487.49707,3487.49707,217700
CHN,2/6/2018,3418.01001,3440.124023,3364.216064,3370.6521,3370.6521,280600
CHN,2/7/2018,3412.743896,3425.538086,3304.00708,3309.26001,3309.26001,260900
CHN,2/8/2018,3281.045898,3307.162109,3225.711914,3262.050049,3262.050049,201300
CHN,2/9/2018,3172.851074,3180.110107,3062.74292,3129.851074,3129.851074,256400
CHN,2/12/2018,3128.371094,3168.125977,3113.60498,3154.125,3154.125,153300
CHN,2/13/2018,3176.106934,3219.217041,3176.106934,3184.958984,3184.958984,151500
CHN,2/14/2018,3188.248047,3203.49707,3171.384033,3199.158936,3199.158936,100300
CHN,2/22/2018,3237.569092,3269.916016,3234.11499,3268.559082,3268.559082,138700
CHN,2/23/2018,3275.428955,3294.134033,3258.488037,3289.023926,3289.023926,145800
CHN,2/26/2018,3307.294922,3335.986084,3281.61499,3329.573975,3329.573975,188600
CHN,2/27/2018,3328.672119,3328.672119,3284.628906,3292.068115,3292.068115,174200
CHN,2/28/2018,3264.059082,3277.832031,3239.843994,3259.407959,3259.407959,151000
CHN,3/1/2018,3235.089111,3280.148926,3228.584961,3273.754883,3273.754883,159100
CHN,3/2/2018,3248.446045,3269.937988,3242.26709,3254.528076,3254.528076,150900
CHN,3/5/2018,3255.871094,3269.399902,3236.717041,3256.926025,3256.926025,144800
CHN,3/6/2018,3266.487061,3290.25293,3243.654053,3289.64209,3289.64209,195400
CHN,3/7/2018,3288.86499,3308.406006,3264.763916,3271.667969,3271.667969,168700
CHN,3/8/2018,3268.346924,3289.49707,3261.552002,3288.406006,3288.406006,149800
CHN,3/9/2018,3291.426025,3309.715088,3283.559082,3307.166016,3307.166016,168400
CHN,3/12/2018,3319.208984,3333.561035,3313.554932,3326.698975,3326.698975,206500
CHN,3/13/2018,3324.12207,3333.875,3307.375977,3310.239014,3310.239014,177100
CHN,3/14/2018,3298.666016,3304.979004,3287.355957,3291.38208,3291.38208,157500
CHN,3/15/2018,3277.513916,3297.0979,3273.200928,3291.112061,3291.112061,148600
CHN,3/16/2018,3290.208984,3300.564941,3269.282959,3269.88208,3269.88208,141200
CHN,3/19/2018,3264.927979,3280.566895,3251.047119,3279.251953,3279.251953,138000
CHN,3/20/2018,3257.218994,3292.573975,3252.433105,3290.639893,3290.639893,139900
CHN,3/21/2018,3299.730957,3314.208984,3268.87793,3280.951904,3280.951904,168400
CHN,3/22/2018,3281.264893,3288.797119,3242.761963,3263.47998,3263.47998,150400
CHN,3/23/2018,3172.771973,3188.235107,3110.664063,3152.760986,3152.760986,275500
CHN,3/26/2018,3117.319092,3134.275879,3091.458008,3133.721924,3133.721924,186400
CHN,3/27/2018,3164.798096,3172.778076,3143.570068,3166.648926,3166.648926,189100
CHN,3/28/2018,3130.571045,3165.212891,3117.533936,3122.290039,3122.290039,163500
CHN,3/29/2018,3127.262939,3174.509033,3098.24707,3160.531006,3160.531006,170300
CHN,3/30/2018,3161.785889,3177.720947,3152.888916,3168.896973,3168.896973,154600
CHN,4/2/2018,3169.779053,3192.340088,3159.986084,3163.178955,3163.178955,177700
CHN,4/3/2018,3130.012939,3144.332031,3119.13208,3136.633057,3136.633057,152200
CHN,4/4/2018,3147.049072,3163.340088,3128.866943,3131.111084,3131.111084,147000
CHN,4/9/2018,3125.441895,3146.093018,3110.302979,3138.293945,3138.293945,139600
CHN,4/10/2018,3144.25708,3190.648926,3139.081055,3190.322021,3190.322021,168200
CHN,4/11/2018,3197.37207,3220.844971,3191.586914,3208.082031,3208.082031,175900
CHN,4/12/2018,3203.278076,3205.251953,3177.049072,3180.157959,3180.157959,148200
CHN,4/13/2018,3192.041992,3197.895996,3155.506104,3159.052002,3159.052002,127600
CHN,4/16/2018,3152.887939,3153.105957,3096.100098,3110.648926,3110.648926,154400
CHN,4/17/2018,3112.975098,3118.76001,3064.028076,3066.797119,3066.797119,147200
CHN,4/18/2018,3091.909912,3096.888916,3041.625,3091.398926,3091.398926,159300
CHN,4/19/2018,3094.273926,3127.438965,3090.287109,3117.375977,3117.375977,160100
CHN,4/20/2018,3105.461914,3111.170898,3065.920898,3071.542969,3071.542969,155100
CHN,4/23/2018,3063.443115,3085.056885,3045.937012,3068.011963,3068.011963,131700
CHN,4/24/2018,3069.746094,3136.040039,3069.746094,3128.927002,3128.927002,162300
CHN,4/25/2018,3112.397949,3122.907959,3107.000977,3117.974121,3117.974121,127300
CHN,4/26/2018,3119.496094,3121.933105,3067.928955,3075.030029,3075.030029,134000
CHN,4/27/2018,3082.415039,3088.034912,3049.914063,3082.231934,3082.231934,131200
CHN,5/2/2018,3087.408936,3097.604004,3064.762939,3081.177002,3081.177002,134200
CHN,5/3/2018,3074.51709,3105.659912,3056.156982,3100.858887,3100.858887,140000
CHN,5/4/2018,3093.116943,3104.093018,3086.784912,3091.032959,3091.032959,118700
CHN,5/7/2018,3094.898926,3136.835938,3091.657959,3136.64502,3136.64502,138900
CHN,5/8/2018,3135.295898,3169.700928,3134.062012,3161.498047,3161.498047,146900
CHN,5/9/2018,3160.137939,3165.373047,3145.656982,3159.149902,3159.149902,122600
CHN,5/10/2018,3169.050049,3176.137939,3155.532959,3174.413086,3174.413086,133000
CHN,5/11/2018,3179.797119,3180.756104,3162.211914,3163.262939,3163.262939,130700
CHN,5/14/2018,3167.041992,3183.815918,3163.476074,3174.031982,3174.031982,129300
CHN,5/15/2018,3180.425049,3192.806885,3164.518066,3192.11792,3192.11792,124500
CHN,5/16/2018,3180.226074,3191.947998,3166.811035,3169.564941,3169.564941,130500
CHN,5/17/2018,3170.006104,3172.766113,3148.621094,3154.282959,3154.282959,114000
CHN,5/18/2018,3151.082031,3193.452881,3144.775879,3193.302979,3193.302979,136500
CHN,5/21/2018,3206.176025,3219.73999,3203.335938,3213.840088,3213.840088,164500
CHN,5/22/2018,3211.24707,3214.589111,3192.228027,3214.350098,3214.350098,144300
CHN,5/23/2018,3205.437012,3205.437012,3168.964111,3168.964111,3168.964111,157800
CHN,5/24/2018,3167.938965,3173.531006,3152.069092,3154.650879,3154.650879,124100
CHN,5/25/2018,3148.409912,3156.726074,3131.068115,3141.302979,3141.302979,128600
CHN,5/28/2018,3136.809082,3149.665039,3115.958984,3135.082031,3135.082031,128800
CHN,5/29/2018,3129.621094,3143.208008,3112.153076,3120.460938,3120.460938,135700
CHN,5/30/2018,3081.14209,3085.396973,3041,3041.443115,3041.443115,155100
CHN,5/31/2018,3061.829102,3098.075928,3054.269043,3095.474121,3095.474121,140500
CHN,6/1/2018,3084.753906,3102.087891,3059.785889,3075.136963,3075.136963,129900
CHN,6/4/2018,3083.427002,3098.4021,3076.993896,3091.190918,3091.190918,114600
CHN,6/5/2018,3088.008057,3114.769043,3080.045898,3114.206055,3114.206055,118700
CHN,6/6/2018,3109.175049,3117.524902,3103.532959,3115.179932,3115.179932,120200
CHN,6/7/2018,3121.184082,3128.715088,3105.577881,3109.499023,3109.499023,127800
CHN,6/8/2018,3100.604004,3100.685059,3053.288086,3067.147949,3067.147949,134700
CHN,6/11/2018,3057.339111,3063.610107,3037.914063,3052.782959,3052.782959,108600
CHN,6/12/2018,3053.028076,3081.447021,3034.101074,3079.802002,3079.802002,113300
CHN,6/13/2018,3071.464111,3071.464111,3044.120117,3049.797119,3049.797119,119600
CHN,6/14/2018,3038.070068,3066.047119,3032.406006,3044.159912,3044.159912,115500
CHN,6/15/2018,3037.451904,3048.797119,3008.731934,3021.900879,3021.900879,144500
CHN,6/19/2018,2982.649902,2984.970947,2871.35498,2907.822021,2907.822021,230600
CHN,6/20/2018,2889.983887,2925.561035,2872.163086,2915.730957,2915.730957,144300
CHN,6/21/2018,2912.00293,2940.585938,2872.618896,2875.810059,2875.810059,154400
CHN,6/22/2018,2855.584961,2891.968994,2837.144043,2889.76001,2889.76001,126100
CHN,6/25/2018,2903.449951,2908.624023,2857.871094,2859.335938,2859.335938,121900
CHN,6/26/2018,2829.995117,2850.23999,2803.784912,2844.508057,2844.508057,125900
CHN,6/27/2018,2842.395996,2854.258057,2798.800049,2813.177979,2813.177979,129400
CHN,6/28/2018,2799.904053,2825.987061,2782.446045,2786.896973,2786.896973,118400
CHN,6/29/2018,2789.811035,2848.37207,2782.381104,2847.417969,2847.417969,125700
CHN,7/2/2018,2841.580078,2845.679932,2756.814941,2775.556885,2775.556885,137000
CHN,7/3/2018,2774.570068,2786.887939,2722.448975,2786.887939,2786.887939,142500
CHN,7/4/2018,2776.63208,2793.178955,2754.155029,2759.125977,2759.125977,123300
CHN,7/5/2018,2755.339111,2777.522949,2727.939941,2733.88208,2733.88208,129200
CHN,7/6/2018,2731.353027,2768.874023,2691.020996,2747.229004,2747.229004,136300
CHN,7/9/2018,2752.447021,2815.790039,2752.447021,2815.110107,2815.110107,121500
CHN,7/10/2018,2819.711914,2828.49292,2800.625,2827.625,2827.625,117100
CHN,7/11/2018,2780.704102,2794.360107,2752.435059,2777.770996,2777.770996,126800
CHN,7/12/2018,2771.041016,2844.193115,2771.041016,2837.658936,2837.658936,147000
CHN,7/13/2018,2831.427979,2835.462891,2818.8479,2831.184082,2831.184082,117700
CHN,7/16/2018,2827.082031,2837.509033,2804.49292,2814.041992,2814.041992,107800
CHN,7/17/2018,2806.88501,2806.918945,2774.761963,2798.125977,2798.125977,105400
CHN,7/18/2018,2801.7771,2818.39502,2786.040039,2787.25708,2787.25708,121000
CHN,7/19/2018,2791.016113,2805.010986,2764.486084,2772.544922,2772.544922,114500
CHN,7/20/2018,2769.753906,2837.862061,2753.840088,2829.270996,2829.270996,145900
CHN,7/23/2018,2815.200928,2863.571045,2809.615967,2859.541992,2859.541992,173400
CHN,7/24/2018,2862.26709,2911.465088,2862.26709,2905.562012,2905.562012,229600
CHN,7/25/2018,2911.452881,2912.312988,2894.039063,2903.646973,2903.646973,167800
CHN,7/26/2018,2905.793945,2915.297119,2875.700928,2882.225098,2882.225098,168400
CHN,7/27/2018,2879.689941,2889.694092,2864.110107,2873.593994,2873.593994,146400
CHN,7/30/2018,2871.939941,2896.010986,2850.295898,2869.050049,2869.050049,151700
CHN,7/31/2018,2866.898926,2884.679932,2854.320068,2876.400879,2876.400879,118900
CHN,8/1/2018,2882.506104,2897.399902,2823.928955,2824.533936,2824.533936,149500
CHN,8/2/2018,2815.343994,2815.343994,2726.48291,2768.023926,2768.023926,174200
CHN,8/3/2018,2763.395996,2777.656982,2740.431885,2740.443115,2740.443115,127000
CHN,8/6/2018,2736.525879,2760.474121,2692.322021,2705.156982,2705.156982,129800
CHN,8/7/2018,2711.736084,2779.374023,2696.039063,2779.374023,2779.374023,149600
CHN,8/8/2018,2771.128906,2779.912109,2741.066895,2744.070068,2744.070068,147700
CHN,8/9/2018,2729.579102,2801.658936,2726.215088,2794.38208,2794.38208,151700
CHN,8/10/2018,2791.4021,2806.11499,2777.506104,2795.310059,2795.310059,121500
CHN,8/13/2018,2769.01709,2789.798096,2742.560059,2785.87207,2785.87207,127500
CHN,8/14/2018,2780.736084,2789.444092,2766.569092,2780.965088,2780.965088,109600
CHN,8/15/2018,2777.249023,2777.702881,2721.23999,2723.258057,2723.258057,116200
CHN,8/16/2018,2691.426025,2732.948975,2672.740967,2705.191895,2705.191895,120300
CHN,8/17/2018,2723.886963,2730.333008,2665.592041,2668.966064,2668.966064,112400
CHN,8/20/2018,2673.065918,2698.466064,2653.112061,2698.466064,2698.466064,110800
CHN,8/21/2018,2700.342041,2739.173096,2696.291992,2733.825928,2733.825928,113600
CHN,8/22/2018,2731.958008,2731.958008,2709.062012,2714.60791,2714.60791,93700
CHN,8/23/2018,2714.866943,2736.01001,2700.803955,2724.624023,2724.624023,98400
CHN,8/24/2018,2717.081055,2748.823975,2705.323975,2729.430908,2729.430908,100500
CHN,8/27/2018,2736.319092,2780.898926,2736.319092,2780.898926,2780.898926,132800
CHN,8/28/2018,2782.292969,2791.389893,2769.400879,2777.980957,2777.980957,118700
CHN,8/29/2018,2774.86499,2778.539063,2762.350098,2769.294922,2769.294922,100200
CHN,8/30/2018,2769.332031,2780.5271,2736.345947,2737.737061,2737.737061,106100
CHN,8/31/2018,2730.113037,2744.631104,2710.537109,2725.25,2725.25,109800
CHN,9/3/2018,2716.404053,2722.852051,2692.364014,2720.733887,2720.733887,102200
CHN,9/4/2018,2720.647949,2756.606934,2712.375977,2750.580078,2750.580078,109000
CHN,9/5/2018,2741.379883,2745.467041,2704.336914,2704.336914,2704.336914,105000
CHN,9/6/2018,2697.577881,2719.406006,2683.745117,2691.593018,2691.593018,99000
CHN,9/7/2018,2696.677979,2728.545898,2683.718994,2702.301025,2702.301025,107500
CHN,9/10/2018,2698.010986,2703.428955,2667.316895,2669.485107,2669.485107,103600
CHN,9/11/2018,2668.487061,2680.572998,2652.704102,2664.800049,2664.800049,99900
CHN,9/12/2018,2659.743896,2672.073975,2647.169922,2656.110107,2656.110107,90000
CHN,9/13/2018,2679.208008,2689.062012,2653.188965,2686.577881,2686.577881,107300
CHN,9/14/2018,2688.779053,2694.919922,2675.290039,2681.643066,2681.643066,100000
CHN,9/17/2018,2671.291016,2671.291016,2647.915039,2651.789063,2651.789063,88200
CHN,9/18/2018,2644.295898,2700.193115,2644.295898,2699.949951,2699.949951,115800
CHN,9/19/2018,2694.799072,2746.080078,2690.993896,2730.850098,2730.850098,141600
CHN,9/20/2018,2732.169922,2743.965088,2724.083984,2729.243896,2729.243896,111400
CHN,9/21/2018,2733.874023,2797.485107,2722.031982,2797.485107,2797.485107,158000
CHN,9/25/2018,2775.065918,2790.031982,2771.159912,2781.138916,2781.138916,112000
CHN,9/26/2018,2785.316895,2827.341064,2783.342041,2806.812988,2806.812988,139600
CHN,9/27/2018,2805.792969,2810.506104,2786.322021,2791.774902,2791.774902,124000
CHN,9/28/2018,2794.263916,2821.754883,2791.835938,2821.350098,2821.350098,134300
CHN,10/8/2018,2768.208008,2771.937988,2710.177979,2716.51001,2716.51001,149500
CHN,10/9/2018,2713.731934,2734.313965,2711.197021,2721.012939,2721.012939,116800
CHN,10/10/2018,2723.724121,2743.548096,2703.062988,2725.836914,2725.836914,113500
CHN,10/11/2018,2643.073975,2661.285889,2560.315918,2583.458008,2583.458008,197200
CHN,10/12/2018,2574.041992,2615.916992,2536.665039,2606.913086,2606.913086,170100
CHN,10/15/2018,2605.912109,2611.968994,2564.738037,2568.0979,2568.0979,118600
CHN,10/16/2018,2567.763916,2597.715088,2536.440918,2546.330078,2546.330078,119400
CHN,10/17/2018,2574.312988,2582.549072,2517.572998,2561.614014,2561.614014,130000
CHN,10/18/2018,2544.910889,2544.910889,2485.618896,2486.418945,2486.418945,125400
CHN,10/19/2018,2460.081055,2553.386963,2449.197021,2550.465088,2550.465088,147300
CHN,10/22/2018,2565.644043,2675.406006,2565.644043,2654.875977,2654.875977,211900
CHN,10/23/2018,2652.647949,2659.812012,2583.260986,2594.825928,2594.825928,178300
CHN,10/24/2018,2579.971924,2640.4021,2577.772949,2603.294922,2603.294922,160100
CHN,10/25/2018,2540.935059,2606.101074,2531.534912,2603.800049,2603.800049,162000
CHN,10/26/2018,2610.897949,2626.115967,2580.844971,2598.846924,2598.846924,158900
CHN,10/29/2018,2593.591064,2595.537109,2529.187988,2542.103027,2542.103027,134200
CHN,10/30/2018,2538.573975,2586.918945,2521.783936,2568.048096,2568.048096,166700
CHN,10/31/2018,2573.014893,2612.922119,2567.0271,2602.782959,2602.782959,180600
CHN,11/1/2018,2617.032959,2636.799072,2603.650879,2606.237061,2606.237061,200900
CHN,11/2/2018,2649.250977,2676.476074,2628.870117,2676.476074,2676.476074,225000
CHN,11/5/2018,2665.427002,2673.187988,2639.270996,2665.430908,2665.430908,193800
CHN,11/6/2018,2660.718994,2660.863037,2635.321045,2659.355957,2659.355957,163700
CHN,11/7/2018,2659.844971,2675.677002,2639.246094,2641.342041,2641.342041,173200
CHN,11/8/2018,2660.086914,2662.368896,2632.301025,2635.63208,2635.63208,159600
CHN,11/9/2018,2621.238037,2621.238037,2598.160889,2598.87207,2598.87207,152400
CHN,11/12/2018,2593.199951,2631.169922,2590.210938,2630.52002,2630.52002,175000
CHN,11/13/2018,2600.5,2666.485107,2597.3479,2654.879883,2654.879883,249300
CHN,11/14/2018,2648.309082,2658.306885,2627.957031,2632.24292,2632.24292,238400
CHN,11/15/2018,2632.137939,2668.169922,2631.887939,2668.169922,2668.169922,207800
CHN,11/16/2018,2669.780029,2695.569092,2657.033936,2679.110107,2679.110107,242200
CHN,11/19/2018,2681.898926,2703.511963,2674.177979,2703.511963,2703.511963,231700
CHN,11/20/2018,2684.287109,2690.830078,2643.358887,2645.85498,2645.85498,215900
CHN,11/21/2018,2619.821045,2653.795898,2617.775879,2651.504883,2651.504883,182600
CHN,11/22/2018,2655.895996,2658.000977,2634.48291,2645.434082,2645.434082,149300
CHN,11/23/2018,2640.666992,2642.035889,2577.351074,2579.48291,2579.48291,191500
CHN,11/26/2018,2580.842041,2594.99707,2568.034912,2575.810059,2575.810059,134300
CHN,11/27/2018,2585.825928,2592.534912,2566.166016,2574.678955,2574.678955,123700
CHN,11/28/2018,2575.454102,2601.962891,2561.562012,2601.737061,2601.737061,146000
CHN,11/29/2018,2613.781006,2617.548096,2567.443115,2567.443115,2567.443115,157200
CHN,11/30/2018,2564.563965,2590.209961,2555.322021,2588.187988,2588.187988,139300
CHN,12/3/2018,2647.13208,2665.298096,2629.184082,2654.798096,2654.798096,207500
CHN,12/4/2018,2651.561035,2666.077881,2644.895996,2665.958008,2665.958008,167900
CHN,12/5/2018,2629.833008,2660.388916,2625.913086,2649.804932,2649.804932,154500
CHN,12/6/2018,2629.820068,2633.677979,2603.13208,2605.180908,2605.180908,141700
CHN,12/7/2018,2609.341064,2614.582031,2599.278076,2605.887939,2605.887939,109100
CHN,12/10/2018,2589.194092,2599.761963,2576.241943,2584.582031,2584.582031,113200
CHN,12/11/2018,2587.014893,2596.145996,2583.196045,2594.087891,2594.087891,101300
CHN,12/12/2018,2608.114014,2610.009033,2595.074951,2602.153076,2602.153076,103500
CHN,12/13/2018,2607.144043,2645.836914,2599.458984,2634.049072,2634.049072,150700
CHN,12/14/2018,2627.282959,2629.164063,2593.740967,2593.740967,2593.740967,145900
CHN,12/17/2018,2587.262939,2598.967041,2573.866943,2597.974121,2597.974121,117400
CHN,12/18/2018,2583.634033,2599.147949,2563.572998,2576.649902,2576.649902,117000
CHN,12/19/2018,2578.675049,2579.874023,2547.077881,2549.562988,2549.562988,107700
CHN,12/20/2018,2544.504883,2554.858887,2516.019043,2536.268066,2536.268066,120600
CHN,12/21/2018,2526.553955,2527.420898,2498.694092,2516.250977,2516.250977,115700
CHN,12/24/2018,2506.737061,2529.439941,2500.443115,2527.00708,2527.00708,97300
CHN,12/25/2018,2503.949951,2513.964111,2462.844971,2504.819092,2504.819092,136500
CHN,12/26/2018,2501.120117,2513.825928,2492.075928,2498.293945,2498.293945,108800
CHN,12/27/2018,2527.717041,2532.001953,2483.085938,2483.085938,2483.085938,135400
CHN,12/28/2018,2483.616943,2505.114014,2478.324951,2493.895996,2493.895996,119200
CHN,1/2/2019,2497.881104,2500.278076,2456.423096,2465.291016,2465.291016,109900
CHN,1/3/2019,2461.782959,2488.479004,2455.926025,2464.363037,2464.363037,124400
CHN,1/4/2019,2446.019043,2515.315918,2440.906982,2514.86792,2514.86792,168900
CHN,1/7/2019,2528.698975,2536.978027,2515.508057,2533.089111,2533.089111,177300
CHN,1/8/2019,2530.300049,2531.344971,2520.165039,2526.461914,2526.461914,158100
CHN,1/9/2019,2536.416992,2574.407959,2536.156982,2544.344971,2544.344971,191900
CHN,1/10/2019,2543.853027,2551.825928,2531.664063,2535.099121,2535.099121,159900
CHN,1/11/2019,2539.549072,2554.787109,2533.358887,2553.831055,2553.831055,149400
CHN,1/14/2019,2553.327881,2556.293945,2533.01001,2535.764893,2535.764893,144800
CHN,1/15/2019,2537.370117,2571.501953,2532.433105,2570.344971,2570.344971,160300
CHN,1/16/2019,2569.070068,2574.236084,2563.006104,2570.422119,2570.422119,149300
CHN,1/17/2019,2573.575928,2582.555908,2557.710938,2559.636963,2559.636963,162500
CHN,1/18/2019,2567.739014,2598.884033,2565.904053,2596.006104,2596.006104,190800
CHN,1/21/2019,2599.058105,2618.97998,2599.058105,2610.509033,2610.509033,163400
CHN,1/22/2019,2609.64209,2609.64209,2573.062012,2579.704102,2579.704102,152500
CHN,1/23/2019,2575.258057,2589.512939,2572.405029,2581.003906,2581.003906,131400
CHN,1/24/2019,2584.647949,2597.289063,2569.699951,2591.694092,2591.694092,154000
CHN,1/25/2019,2596.261963,2617.001953,2595.628906,2601.7229,2601.7229,159400
CHN,1/28/2019,2615.711914,2630.318115,2591.100098,2596.977051,2596.977051,147000
CHN,1/29/2019,2592.35498,2601.736084,2559.981934,2594.253906,2594.253906,155600
CHN,1/30/2019,2584.746094,2598.814941,2575.408936,2575.575928,2575.575928,120500
CHN,1/31/2019,2581.332031,2606.62793,2571.579102,2584.572021,2584.572021,154300
CHN,2/1/2019,2597.778076,2618.477051,2590.553955,2618.231934,2618.231934,132000
CHN,2/11/2019,2613.174072,2654.095947,2613.174072,2653.895996,2653.895996,154900
CHN,2/12/2019,2654.034912,2674.478027,2648.830078,2671.894043,2671.894043,184100
CHN,2/13/2019,2674.52002,2727.074951,2666.521973,2721.068115,2721.068115,243800
CHN,2/14/2019,2715.535889,2729.455078,2707.487061,2719.699951,2719.699951,197000
CHN,2/15/2019,2712.785889,2715.63208,2679.784912,2682.38501,2682.38501,196000
CHN,2/18/2019,2699.816895,2754.356934,2699.816895,2754.356934,2754.356934,260400
CHN,2/19/2019,2759.496094,2780.783936,2737.585938,2755.645996,2755.645996,288000
CHN,2/20/2019,2761.059082,2767.410889,2739.978027,2761.218994,2761.218994,246000
CHN,2/21/2019,2759.937988,2794.012939,2744.976074,2751.801025,2751.801025,298600
CHN,2/22/2019,2749.461914,2804.226074,2736.332031,2804.226074,2804.226074,301500
CHN,2/25/2019,2838.389893,2961.794922,2838.389893,2961.282959,2961.282959,528700
CHN,2/26/2019,2969.0979,2995.676025,2938.623047,2941.516113,2941.516113,565600
CHN,2/27/2019,2939.928955,2997.488037,2924.643066,2953.823975,2953.823975,475000
CHN,2/28/2019,2950.054932,2965.303955,2930.195068,2940.954102,2940.954102,350200
CHN,3/1/2019,2954.4021,2994.004883,2930.834961,2994.004883,2994.004883,345800
CHN,3/4/2019,3015.943115,3090.795898,3006.941895,3027.575928,3027.575928,525600
CHN,3/5/2019,3019.879883,3054.961914,3009.447998,3054.24707,3054.24707,424100
CHN,3/6/2019,3060.433105,3103.824951,3050.111084,3102.099121,3102.099121,555000
CHN,3/7/2019,3103.667969,3129.939941,3074.978027,3106.417969,3106.417969,583800
CHN,3/8/2019,3038.335938,3075.045898,2969.582031,2969.861084,2969.861084,577900
CHN,3/11/2019,2969.080078,3028.253906,2963.583008,3026.99292,3026.99292,426200
CHN,3/12/2019,3049.083984,3093.391113,3029.899902,3060.306885,3060.306885,511200
CHN,3/13/2019,3062.326904,3065.288086,3013.931885,3026.950928,3026.950928,453200
CHN,3/14/2019,3013.596924,3041.156006,2968.823975,2990.685059,2990.685059,373100
CHN,3/15/2019,3000.878906,3048.121094,2999.431885,3021.750977,3021.750977,341200
CHN,3/18/2019,3027.801025,3096.417969,3009.50708,3096.417969,3096.417969,397800
CHN,3/19/2019,3099.896973,3113.433105,3076.363037,3090.975098,3090.975098,350900
CHN,3/20/2019,3084.169922,3102.52002,3053.451904,3090.639893,3090.639893,358600
CHN,3/21/2019,3094.125,3125.019043,3086.850098,3101.455078,3101.455078,414300
CHN,3/22/2019,3100.726074,3107.274902,3064.884033,3104.148926,3104.148926,364800
CHN,3/25/2019,3058.802002,3086.996094,3041.949951,3043.031006,3043.031006,380300
CHN,3/26/2019,3057.559082,3062.689941,2988.490967,2997.094971,2997.094971,353500
CHN,3/27/2019,3012.25708,3022.761963,2987.771973,3022.719971,3022.719971,291400
CHN,3/28/2019,3009.799072,3025.779053,2991.779053,2994.943115,2994.943115,288100
CHN,3/29/2019,3000.677979,3093.032959,2999.987061,3090.758057,3090.758057,375100
CHN,4/1/2019,3111.662109,3176.62207,3111.662109,3170.361084,3170.361084,466100
CHN,4/2/2019,3183.273926,3193.271973,3164.906982,3176.822998,3176.822998,447100
CHN,4/3/2019,3159.146973,3219.256104,3152.332031,3216.294922,3216.294922,430500
CHN,4/4/2019,3233.688965,3254.139893,3216.85498,3246.571045,3246.571045,469100
CHN,4/8/2019,3271.271973,3288.452881,3210.514893,3244.810059,3244.810059,504500
CHN,4/9/2019,3240.394043,3251.645996,3215.705078,3239.664063,3239.664063,364200
CHN,4/10/2019,3224.64502,3264.778076,3204.878906,3241.929932,3241.929932,380100
CHN,4/11/2019,3241.547119,3254.125977,3185.545898,3189.961914,3189.961914,353000
CHN,4/12/2019,3184.860107,3199.278076,3168.041992,3188.625977,3188.625977,289800
CHN,4/15/2019,3233.458008,3253.976074,3177.27002,3177.787109,3177.787109,348800
CHN,4/16/2019,3164.396973,3253.5979,3153.206055,3253.5979,3253.5979,357900
CHN,4/17/2019,3250.1521,3275.333984,3239.804932,3263.11792,3263.11792,357500
CHN,4/18/2019,3261.073975,3271.387939,3241.825928,3250.200928,3250.200928,325500
CHN,4/19/2019,3250.14502,3274.334961,3226.812012,3270.797119,3270.797119,305700
CHN,4/22/2019,3278.490967,3279.489014,3206.87793,3215.042969,3215.042969,353200
CHN,4/23/2019,3211.87207,3231.582031,3186.75708,3198.593994,3198.593994,328400
CHN,4/24/2019,3203.559082,3210.650879,3156.606934,3201.614014,3201.614014,274900
CHN,4/25/2019,3190.584961,3193.749023,3123.025879,3123.825928,3123.825928,325900
CHN,4/26/2019,3108.164063,3129.212891,3085.804932,3086.398926,3086.398926,280900
CHN,5/6/2019,2984.727051,2986.540039,2876.468994,2906.464111,2906.464111,327000
CHN,5/7/2019,2914.291016,2937.282959,2889.072998,2926.391113,2926.391113,253300
CHN,5/8/2019,2873.143066,2929.430908,2866.704102,2893.75708,2893.75708,231500
CHN,5/9/2019,2871.197021,2888.860107,2845.037109,2850.954102,2850.954102,200000
CHN,5/10/2019,2878.233887,2941.454102,2838.38501,2939.210938,2939.210938,282300
CHN,5/13/2019,2905.066895,2921.409912,2892.175049,2903.712891,2903.712891,212000
CHN,5/14/2019,2872.833984,2909.204102,2872.833984,2883.611084,2883.611084,208300
CHN,5/15/2019,2902.64209,2945.39502,2902.64209,2938.677979,2938.677979,230500
CHN,5/16/2019,2933.495117,2956.170898,2929.064941,2955.710938,2955.710938,248400
CHN,5/17/2019,2955.76709,2956.782959,2873.800049,2882.295898,2882.295898,266300
CHN,5/20/2019,2874.801025,2882.628906,2838.452881,2870.60498,2870.60498,209500
CHN,5/21/2019,2867.707031,2919.237061,2862.495117,2905.968994,2905.968994,211400
CHN,5/22/2019,2905.523926,2912.39502,2879.644043,2891.705078,2891.705078,200000
CHN,5/23/2019,2880.843018,2885.138916,2846.956055,2852.514893,2852.514893,197300
CHN,5/24/2019,2847.835938,2871.855957,2846.021973,2852.995117,2852.995117,167200
CHN,5/27/2019,2851.281006,2898.128906,2833.035889,2892.37793,2892.37793,196700
CHN,5/28/2019,2890.266113,2924.040039,2887.083984,2909.910889,2909.910889,223300
CHN,5/29/2019,2894.830078,2934.977051,2890.665039,2914.696045,2914.696045,199000
CHN,5/30/2019,2903.425049,2907.845947,2881.379883,2905.804932,2905.804932,205800
CHN,5/31/2019,2904.498047,2922.907959,2895.577881,2898.696045,2898.696045,195200
CHN,6/3/2019,2901.741943,2920.829102,2875.9021,2890.081055,2890.081055,215900
CHN,6/4/2019,2887.641113,2888.385986,2851.9729,2862.280029,2862.280029,188500
CHN,6/5/2019,2882.937012,2888.768066,2858.572021,2861.417969,2861.417969,181600
CHN,6/6/2019,2862.333008,2862.333008,2822.185059,2827.798096,2827.798096,177100
CHN,6/10/2019,2833.014893,2861.131104,2824.35498,2852.129883,2852.129883,166600
CHN,6/11/2019,2854.070068,2927.429932,2854.070068,2925.716064,2925.716064,260500
CHN,6/12/2019,2917.224121,2924.701904,2903.883057,2909.379883,2909.379883,240300
CHN,6/13/2019,2905.288086,2918.423096,2885.923096,2910.740967,2910.740967,213000
CHN,6/14/2019,2912.999023,2924.320068,2879.656982,2881.974121,2881.974121,215400
CHN,6/17/2019,2880.423096,2902.480957,2877.394043,2887.62207,2887.62207,154000
CHN,6/18/2019,2891.092041,2898.330078,2874.312988,2890.157959,2890.157959,147700
CHN,6/19/2019,2944.11499,2953.335938,2916.215088,2917.802979,2917.802979,230800
CHN,6/20/2019,2917.331055,2997.388916,2915.090088,2987.118896,2987.118896,291000
CHN,6/21/2019,2990.368896,3010.349121,2989.245117,3001.97998,3001.97998,287000
CHN,6/24/2019,3004.289063,3012.825928,2994.422119,3008.147949,3008.147949,210500
CHN,6/25/2019,3004.909912,3004.909912,2948.990967,2982.073975,2982.073975,243700
CHN,6/26/2019,2964.61499,2986.914063,2958.462891,2976.283936,2976.283936,174400
CHN,6/27/2019,2982.613037,3011.538086,2981.044922,2996.792969,2996.792969,195400
CHN,6/28/2019,2992.24292,2992.24292,2961.2229,2978.87793,2978.87793,181400
CHN,7/1/2019,3024.624023,3045.366943,3014.687012,3044.903076,3044.903076,243300
CHN,7/2/2019,3042.580078,3048.483887,3033.781006,3043.943115,3043.943115,208100
CHN,7/3/2019,3031.832031,3031.832031,3006.324951,3015.262939,3015.262939,205900
CHN,7/4/2019,3015.678955,3024.501953,2991.907959,3005.249023,3005.249023,188600
CHN,7/5/2019,3004.738037,3014.846924,2990.925049,3011.059082,3011.059082,152100
CHN,7/8/2019,2997.806885,2997.806885,2918.716064,2933.363037,2933.363037,205200
CHN,7/9/2019,2928.819092,2937.761963,2912.805908,2928.22998,2928.22998,140700
CHN,7/10/2019,2935.186035,2936.751953,2908.162109,2915.302002,2915.302002,131400
CHN,7/11/2019,2928.054932,2945.802002,2907.88501,2917.760986,2917.760986,139400
CHN,7/12/2019,2915.340088,2938.530029,2905.810059,2930.550049,2930.550049,133700
CHN,7/15/2019,2921.550049,2955,2886.699951,2942.189941,2942.189941,162600
CHN,7/16/2019,2938.639893,2944.820068,2931.290039,2937.620117,2937.620117,127800
CHN,7/17/2019,2933.02002,2942.070068,2924.459961,2931.689941,2931.689941,145100
CHN,7/18/2019,2921.73999,2921.73999,2901.179932,2901.179932,2901.179932,145400
CHN,7/19/2019,2909.679932,2939.600098,2909.679932,2924.199951,2924.199951,145000
CHN,7/22/2019,2925.788086,2927.159912,2879.689941,2886.974121,2886.974121,175300
CHN,7/23/2019,2886.899902,2901.360107,2883.050049,2899.939941,2899.939941,125400
CHN,7/24/2019,2907.929932,2936.449951,2907.790039,2923.280029,2923.280029,150500
CHN,7/25/2019,2923.189941,2937.360107,2916.149902,2937.360107,2937.360107,141300
CHN,7/26/2019,2928.060059,2948.330078,2924.449951,2944.540039,2944.540039,135100
CHN,7/29/2019,2943.919922,2948.469971,2932.97998,2941.01001,2941.01001,124200
CHN,7/30/2019,2946.26001,2965.629883,2946.26001,2952.340088,2952.340088,143900
CHN,7/31/2019,2944.399902,2944.399902,2926.48999,2932.51001,2932.51001,136900
CHN,8/1/2019,2920.850098,2927.340088,2901.75,2908.77002,2908.77002,138100
CHN,8/2/2019,2861.330078,2872.469971,2851.439941,2867.840088,2867.840088,179400
CHN,8/5/2019,2854.580078,2863.689941,2821.5,2821.5,2821.5,162400
CHN,8/6/2019,2776.989014,2787.418945,2733.924072,2777.555908,2777.555908,224200
CHN,8/7/2019,2789.019043,2792.693115,2768.679932,2768.679932,2768.679932,153000
CHN,8/8/2019,2784.184082,2799.686035,2782.245117,2794.552002,2794.552002,145000
CHN,8/9/2019,2805.590088,2808.330078,2770.47998,2774.75,2774.75,143800
CHN,8/12/2019,2781.97998,2814.98999,2776.620117,2814.98999,2814.98999,131600
CHN,8/13/2019,2798.050049,2802.040039,2790.610107,2797.26001,2797.26001,130900
CHN,8/14/2019,2824.48999,2829.889893,2807.719971,2808.909912,2808.909912,144000
CHN,8/15/2019,2762.340088,2815.899902,2756.830078,2815.800049,2815.800049,152800
CHN,8/16/2019,2817.570068,2840.320068,2811.800049,2823.820068,2823.820068,148600
CHN,8/19/2019,2835.52002,2883.100098,2829.850098,2883.100098,2883.100098,214500
CHN,8/20/2019,2879.080078,2892.080078,2875,2880,2880,189700
CHN,8/21/2019,2875.469971,2885.590088,2872.560059,2880.330078,2880.330078,159000
CHN,8/22/2019,2887.659912,2888.5,2867.550049,2883.439941,2883.439941,149200
CHN,8/23/2019,2885.149902,2902.459961,2878.73999,2897.429932,2897.429932,159200
CHN,8/26/2019,2851.02002,2870.48999,2849.23999,2863.570068,2863.570068,169900
CHN,8/27/2019,2879.52002,2919.639893,2879.409912,2902.189941,2902.189941,208100
CHN,8/28/2019,2901.629883,2905.439941,2887.01001,2893.76001,2893.76001,183100
CHN,8/29/2019,2896,2898.600098,2878.590088,2890.919922,2890.919922,178600
CHN,8/30/2019,2907.379883,2914.580078,2874.100098,2886.23999,2886.23999,194000
CHN,9/2/2019,2886.941895,2928.479004,2883.681885,2924.105957,2924.105957,202800
CHN,9/3/2019,2925.939941,2930.149902,2915.199951,2930.149902,2930.149902,189000
CHN,9/4/2019,2927.75,2957.409912,2925.879883,2957.409912,2957.409912,225500
CHN,9/5/2019,2972.659912,3015.840088,2972.659912,2985.860107,2985.860107,305400
CHN,9/6/2019,2996.620117,2999.939941,2981.600098,2999.600098,2999.600098,216800
CHN,9/9/2019,3023.780029,3026.23999,3005.689941,3024.73999,3024.73999,243400
CHN,9/10/2019,3027.409912,3027.409912,3005.379883,3021.199951,3021.199951,240000
CHN,9/11/2019,3029.929932,3030.560059,3004.219971,3008.810059,3008.810059,229800
CHN,9/12/2019,3016.629883,3033.469971,3005.189941,3031.23999,3031.23999,197000
CHN,9/16/2019,3041.919922,3042.929932,3020.050049,3030.75,3030.75,221900
CHN,9/17/2019,3023.709961,3023.709961,2970.570068,2978.120117,2978.120117,223300
CHN,9/18/2019,2984.080078,2996.399902,2982.399902,2985.659912,2985.659912,168000
CHN,9/19/2019,2992.919922,2999.280029,2975.399902,2999.280029,2999.280029,162700
CHN,9/20/2019,3004.810059,3011.340088,2996.189941,3006.449951,3006.449951,182100
CHN,9/23/2019,2998.399902,2998.399902,2960.830078,2977.080078,2977.080078,168100
CHN,9/24/2019,2979.47998,3002.899902,2973.76001,2985.340088,2985.340088,163900
CHN,9/25/2019,2977.669922,2977.669922,2955.429932,2955.429932,2955.429932,168500
CHN,9/26/2019,2964.47998,2970.040039,2928.26001,2929.090088,2929.090088,188900
CHN,9/27/2019,2929.48999,2939.080078,2920.929932,2932.169922,2932.169922,132900
CHN,9/30/2019,2927.919922,2936.47998,2905.189941,2905.189941,2905.189941,116600
CHN,10/8/2019,2905.76001,2933.02002,2905.76001,2913.570068,2913.570068,125500
CHN,10/9/2019,2902.080078,2924.860107,2891.540039,2924.860107,2924.860107,130400
CHN,10/10/2019,2923.709961,2949.23999,2918.22998,2947.709961,2947.709961,134200
CHN,10/11/2019,2954.820068,2980.790039,2943.01001,2973.659912,2973.659912,161200
CHN,10/14/2019,2993.959961,3026.379883,2989.810059,3007.879883,3007.879883,208600
CHN,10/15/2019,3005.659912,3005.659912,2986.300049,2991.050049,2991.050049,155400
CHN,10/16/2019,2992.610107,3010.419922,2975.919922,2978.709961,2978.709961,149900
CHN,10/17/2019,2979.98999,2986.719971,2969.570068,2977.330078,2977.330078,122500
CHN,10/18/2019,2982.340088,2987.199951,2933.23999,2938.139893,2938.139893,150000
CHN,10/21/2019,2933.899902,2940.320068,2917.689941,2939.620117,2939.620117,132500
CHN,10/22/2019,2945.600098,2954.639893,2934.389893,2954.379883,2954.379883,117500
CHN,10/23/2019,2952.969971,2957.300049,2934.629883,2941.620117,2941.620117,123800
CHN,10/24/2019,2944.01001,2953.040039,2927.060059,2940.919922,2940.919922,126500
CHN,10/25/2019,2940.469971,2958.23999,2920.52002,2954.929932,2954.929932,136900
CHN,10/28/2019,2958.689941,2980.129883,2956.959961,2980.050049,2980.050049,173700
CHN,10/29/2019,2979.040039,2979.040039,2954.179932,2954.179932,2954.179932,166100
CHN,10/30/2019,2949.459961,2953.300049,2934.830078,2939.320068,2939.320068,158800
CHN,10/31/2019,2944.840088,2946.75,2923.52002,2929.060059,2929.060059,161600
CHN,11/1/2019,2924.340088,2959.830078,2917.149902,2958.199951,2958.199951,159900
CHN,11/4/2019,2964.580078,2983.060059,2964.580078,2975.48999,2975.48999,167200
CHN,11/5/2019,2977.699951,3008.310059,2968.030029,2991.560059,2991.560059,179900
CHN,11/6/2019,2992.040039,2995.560059,2969.719971,2978.600098,2978.600098,165300
CHN,11/7/2019,2978.149902,2988.959961,2969.120117,2978.709961,2978.709961,137000
CHN,11/8/2019,2993.97998,2998.76001,2962.840088,2964.179932,2964.179932,149700
CHN,11/11/2019,2949.959961,2949.959961,2906.77002,2909.969971,2909.969971,157900
CHN,11/12/2019,2913,2918.300049,2891.51001,2914.820068,2914.820068,129700
CHN,11/13/2019,2913.02002,2913.860107,2893.969971,2905.23999,2905.23999,129800
CHN,11/14/2019,2907.73999,2917.370117,2899.620117,2909.870117,2909.870117,129100
CHN,11/15/2019,2911.350098,2917.830078,2891.199951,2891.340088,2891.340088,135500
CHN,11/18/2019,2889.550049,2911.379883,2884.090088,2909.199951,2909.199951,124400
CHN,11/19/2019,2904.280029,2933.98999,2902.860107,2933.98999,2933.98999,135400
CHN,11/20/2019,2928.110107,2930.48999,2907.419922,2911.050049,2911.050049,137400
CHN,11/21/2019,2902.550049,2910.360107,2891.530029,2903.639893,2903.639893,123500
CHN,11/22/2019,2906.23999,2925.02002,2873.98999,2885.290039,2885.290039,158600
CHN,11/25/2019,2885.610107,2906.610107,2880.649902,2906.169922,2906.169922,178600
CHN,11/26/2019,2912.52002,2915.040039,2897.929932,2907.060059,2907.060059,170000
CHN,11/27/2019,2905.399902,2914.48999,2893.419922,2903.189941,2903.189941,133900
CHN,11/28/2019,2902.364014,2909.840088,2883.434082,2889.693115,2889.693115,119500
CHN,11/29/2019,2885.969971,2892.389893,2858.580078,2871.97998,2871.97998,122600
CHN,12/2/2019,2874.449951,2888.889893,2870.23999,2875.810059,2875.810059,128800
CHN,12/3/2019,2869.879883,2884.860107,2857.320068,2884.699951,2884.699951,123800
CHN,12/4/2019,2876.907959,2882.498047,2869.422119,2878.115967,2878.115967,125500
CHN,12/5/2019,2886.516113,2902.001953,2885.080078,2899.468994,2899.468994,143200
CHN,12/6/2019,2902.278076,2912.013916,2894.750977,2912.013916,2912.013916,134100
CHN,12/9/2019,2914.458008,2919.589111,2905.25,2914.478027,2914.478027,160800
CHN,12/10/2019,2908.944092,2919.200928,2902.790039,2917.315918,2917.315918,170100
CHN,12/11/2019,2922.602051,2928.256104,2915.000977,2924.416992,2924.416992,165500
CHN,12/12/2019,2926.342041,2926.342041,2913.476074,2915.697998,2915.697998,151800
CHN,12/13/2019,2937.775879,2969.980957,2935.849121,2967.676025,2967.676025,212000
CHN,12/16/2019,2970.968994,2984.641113,2958.706055,2984.393066,2984.393066,211900
CHN,12/17/2019,2985.261963,3039.383057,2982.496094,3022.422119,3022.422119,293000
CHN,12/18/2019,3021.466064,3033.233887,3011.720947,3017.043945,3017.043945,244100
CHN,12/19/2019,3017.153076,3021.417969,3007.991943,3017.065918,3017.065918,208600
CHN,12/20/2019,3019.639893,3027.483887,3002.26001,3004.937988,3004.937988,215100
CHN,12/23/2019,2999.035889,3009.337891,2960.435059,2962.750977,2962.750977,205700
CHN,12/24/2019,2965.825928,2983.819092,2960.684082,2982.680908,2982.680908,163000
CHN,12/25/2019,2980.427979,2988.291992,2970.656982,2981.881104,2981.881104,175700
CHN,12/26/2019,2981.249023,3007.35498,2980.396973,3007.35498,3007.35498,182400
CHN,12/27/2019,3006.852051,3036.113037,3003.631104,3005.035889,3005.035889,247100
CHN,12/30/2019,2998.168945,3041.396973,2983.343994,3040.023926,3040.023926,248100
CHN,12/31/2019,3036.385986,3051.677002,3030.511963,3050.124023,3050.124023,217400
CHN,1/2/2020,3066.335938,3098.100098,3066.335938,3085.197998,3085.197998,292500
CHN,1/3/2020,3089.021973,3093.819092,3074.518066,3083.785889,3083.785889,261500
CHN,1/6/2020,3070.908936,3107.202881,3065.309082,3083.407959,3083.407959,312600
CHN,1/7/2020,3085.488037,3105.450928,3084.329102,3104.802002,3104.802002,276600
CHN,1/8/2020,3094.239014,3094.239014,3059.131104,3066.893066,3066.893066,297900
CHN,1/9/2020,3082.639893,3097.329102,3080.131104,3094.88208,3094.88208,243400
CHN,1/10/2020,3102.293945,3105.225098,3081.395996,3092.291016,3092.291016,210400
CHN,1/13/2020,3091.49292,3115.570068,3075.384033,3115.570068,3115.570068,210600
CHN,1/14/2020,3120.666992,3127.168945,3105.60498,3106.820068,3106.820068,230000
CHN,1/15/2020,3103.169922,3107.939941,3082.040039,3090.040039,3090.040039,202300
CHN,1/16/2020,3095.733887,3096.37207,3070.884033,3074.081055,3074.081055,203400
CHN,1/17/2020,3081.464111,3091.951904,3067.25293,3075.496094,3075.496094,190300
CHN,1/20/2020,3082.113037,3096.311035,3070.47998,3095.787109,3095.787109,210500
CHN,1/21/2020,3085.790039,3085.790039,3051.22998,3052.139893,3052.139893,234800
CHN,1/22/2020,3038.487061,3069.25293,3006.268066,3060.754883,3060.754883,223900
CHN,1/23/2020,3037.951904,3045.041016,2955.345947,2976.528076,2976.528076,272800
CHN,2/3/2020,2716.697998,2766.576904,2716.697998,2746.605957,2746.605957,215900
CHN,2/4/2020,2685.269043,2786.164063,2685.269043,2783.288086,2783.288086,364000
CHN,2/5/2020,2792.371094,2842.74292,2778.864014,2818.087891,2818.087891,309800
CHN,2/6/2020,2826.889893,2876.590088,2807.610107,2866.51001,2866.51001,316400
CHN,2/7/2020,2858.929932,2875.959961,2838.77002,2875.959961,2875.959961,309500
CHN,2/10/2020,2860.499023,2891.8479,2851.050049,2890.488037,2890.488037,294900
CHN,2/11/2020,2894.540039,2913.820068,2882.23999,2901.669922,2901.669922,269200
CHN,2/12/2020,2895.555908,2926.898926,2892.424072,2926.898926,2926.898926,248700
CHN,2/13/2020,2927.144043,2935.406006,2901.24292,2906.073975,2906.073975,274800
CHN,2/14/2020,2899.865967,2926.943115,2899.573975,2917.008057,2917.008057,250700
CHN,2/17/2020,2924.990967,2983.636963,2924.990967,2983.62207,2983.62207,313200
CHN,2/18/2020,2981.409912,2990.600098,2960.774902,2984.971924,2984.971924,311700
CHN,2/19/2020,2979.521973,2998.271973,2971.822021,2975.4021,2975.4021,315100
CHN,2/20/2020,2981.879883,3031.371094,2968.445068,3030.154053,3030.154053,345700
CHN,2/21/2020,3022.246094,3058.897949,3020.141113,3039.668945,3039.668945,364600
CHN,2/24/2020,3027.893066,3042.181885,3007.355957,3031.23291,3031.23291,370400
CHN,2/25/2020,2982.070068,3016.946045,2943.717041,3013.050049,3013.050049,441600
CHN,2/26/2020,2978.419922,3028.780029,2974.939941,2987.928955,2987.928955,469000
CHN,2/27/2020,2992.48999,3009.459961,2980.47998,2991.330078,2991.330078,350500
CHN,2/28/2020,2924.641113,2948.125977,2878.543945,2880.303955,2880.303955,401200
CHN,3/2/2020,2899.310059,2982.50708,2899.310059,2970.930908,2970.930908,367300
CHN,3/3/2020,3006.888916,3026.842041,2976.623047,2992.896973,2992.896973,410100
CHN,3/4/2020,2981.805908,3012.003906,2974.35791,3011.666016,3011.666016,353300
CHN,3/5/2020,3036.155029,3074.25708,3022.926025,3071.677002,3071.677002,445400
CHN,3/6/2020,3039.939941,3052.444092,3029.462891,3034.510986,3034.510986,362100
CHN,3/9/2020,2987.180908,2989.205078,2940.714111,2943.291016,2943.291016,414600
CHN,3/10/2020,2918.935059,3000.295898,2904.799072,2996.761963,2996.761963,393300
CHN,3/11/2020,3001.761963,3010.029053,2968.51709,2968.51709,2968.51709,352500
CHN,3/12/2020,2936.016113,2944.465088,2906.283936,2923.486084,2923.486084,307800
CHN,3/13/2020,2804.231934,2910.881104,2799.983887,2887.427002,2887.427002,366500
CHN,3/16/2020,2897.301025,2898.034912,2784.662109,2789.253906,2789.253906,351900
CHN,3/17/2020,2796.283936,2826.906982,2715.220947,2779.641113,2779.641113,306100
CHN,3/18/2020,2792.322021,2815.874023,2728.756104,2728.756104,2728.756104,291200
CHN,3/19/2020,2719.406006,2736.820068,2646.804932,2702.129883,2702.129883,302300
CHN,3/20/2020,2727.019043,2751.895996,2702.49292,2745.61792,2745.61792,252000
CHN,3/23/2020,2677.590088,2703.330078,2656.5,2660.169922,2660.169922,249800
CHN,3/24/2020,2703.019043,2723.406982,2667.133057,2722.437988,2722.437988,257000
CHN,3/25/2020,2775.302979,2788.63501,2757.802002,2781.591064,2781.591064,273100
CHN,3/26/2020,2761.895996,2788.503906,2753.427979,2764.910889,2764.910889,234100
CHN,3/27/2020,2792.983887,2805.548096,2771.756104,2772.202881,2772.202881,240800
CHN,3/30/2020,2739.718994,2759.099121,2723.053955,2747.214111,2747.214111,239700
CHN,3/31/2020,2767.306885,2771.167969,2743.11499,2750.295898,2750.295898,218600
CHN,4/1/2020,2743.541016,2773.364014,2731.079102,2734.521973,2734.521973,217300
CHN,4/2/2020,2720.228027,2780.637939,2719.904053,2780.637939,2780.637939,217900
CHN,4/3/2020,2773.575928,2780.586914,2754.072998,2763.987061,2763.987061,200800
CHN,4/7/2020,2806.968018,2823.2771,2801.839111,2820.762939,2820.762939,270200
CHN,4/8/2020,2805.916992,2823.214111,2800.295898,2815.368896,2815.368896,243500
CHN,4/9/2020,2825.839111,2832.39502,2820.433105,2825.904053,2825.904053,238200
CHN,4/10/2020,2827.187012,2833.014893,2789.976074,2796.631104,2796.631104,233500
CHN,4/13/2020,2784.5979,2792.891113,2774.081055,2783.048096,2783.048096,177100
CHN,4/14/2020,2794.801025,2827.298096,2789.427979,2827.282959,2827.282959,202700
CHN,4/15/2020,2826.662109,2829.75,2808.704102,2811.174072,2811.174072,205600
CHN,4/16/2020,2798.429932,2823.337891,2796.839111,2819.935059,2819.935059,203000
CHN,4/17/2020,2835.558105,2854.959961,2830.021973,2838.495117,2838.495117,245700
CHN,4/20/2020,2840.408936,2852.98999,2833.261963,2852.552979,2852.552979,211800
CHN,4/21/2020,2842.237061,2842.237061,2808.020996,2827.012939,2827.012939,233200
CHN,4/22/2020,2814.065918,2843.97998,2808.481934,2843.97998,2843.97998,217300
CHN,4/23/2020,2850.51001,2853.635986,2835.895996,2838.499023,2838.499023,248800
CHN,4/24/2020,2834.938965,2834.938965,2802.499023,2808.529053,2808.529053,235200
CHN,4/27/2020,2812.241943,2832.666016,2802.958008,2815.495117,2815.495117,210100
CHN,4/28/2020,2819.990967,2821.745117,2758.246094,2810.023926,2810.023926,253900
CHN,4/29/2020,2801.383057,2831.763916,2800.738037,2822.441895,2822.441895,202100
CHN,4/30/2020,2832.384033,2865.590088,2832.384033,2860.082031,2860.082031,242500
CHN,5/6/2020,2831.633057,2879.262939,2830.654053,2878.139893,2878.139893,249800
CHN,5/7/2020,2876.4729,2882.021973,2864.581055,2871.522949,2871.522949,226700
CHN,5/8/2020,2882.709961,2903.800049,2879.199951,2895.340088,2895.340088,226800
CHN,5/11/2020,2901.570068,2914.280029,2884.379883,2894.800049,2894.800049,225100
CHN,5/12/2020,2894.616943,2897.9021,2871.22998,2891.555908,2891.555908,197100
CHN,5/13/2020,2882.955078,2900.259033,2875.534912,2898.050049,2898.050049,185100
CHN,5/14/2020,2887.058105,2887.058105,2869.183105,2870.342041,2870.342041,197800
CHN,5/15/2020,2880.707031,2884.219971,2863.370117,2868.458984,2868.458984,189000
CHN,5/18/2020,2872.523926,2889.97998,2862.270996,2875.417969,2875.417969,226000
CHN,5/19/2020,2897.687012,2900.218994,2887.576904,2898.575928,2898.575928,197200
CHN,5/20/2020,2896.466064,2896.466064,2876.177002,2883.738037,2883.738037,210500
CHN,5/21/2020,2890.720947,2891.518066,2864.207031,2867.924072,2867.924072,203500
CHN,5/22/2020,2863.045898,2863.045898,2808.018066,2813.764893,2813.764893,209100
CHN,5/25/2020,2816.23999,2821.5,2802.469971,2817.969971,2817.969971,172900
CHN,5/26/2020,2827.896973,2848.336914,2825.900879,2846.547119,2846.547119,174600
CHN,5/27/2020,2847.320068,2848.99707,2831.927979,2836.803955,2836.803955,198100
CHN,5/28/2020,2838.207031,2861.924072,2820.145996,2846.221924,2846.221924,207500
CHN,5/29/2020,2835.583984,2855.375977,2829.626953,2852.351074,2852.351074,206800
CHN,6/1/2020,2871.964111,2917.150879,2871.964111,2915.430908,2915.430908,260200
CHN,6/2/2020,2916.316895,2926.358887,2909.12793,2921.397949,2921.397949,256100
CHN,6/3/2020,2930.391113,2942.76001,2922.660889,2923.371094,2923.371094,255700
CHN,6/4/2020,2931.837891,2932.968018,2910.751953,2919.250977,2919.250977,226600
CHN,6/5/2020,2923.188965,2930.799072,2909.11792,2930.799072,2930.799072,217400
CHN,6/8/2020,2941.981934,2950.065918,2934.209961,2937.770996,2937.770996,231100
CHN,6/9/2020,2939.534912,2957.118896,2932.938965,2956.112061,2956.112061,209000
CHN,6/10/2020,2951.278076,2951.330078,2934.843018,2943.75293,2943.75293,207900
CHN,6/11/2020,2939.791016,2952.650879,2912.193115,2920.896973,2920.896973,233700
CHN,6/12/2020,2876.802979,2930.254883,2872.616943,2919.740967,2919.740967,236000
CHN,6/15/2020,2908.280029,2922.540039,2890.030029,2890.030029,2890.030029,243200
CHN,6/16/2020,2912.830078,2931.780029,2909.129883,2931.75,2931.75,223300
CHN,6/17/2020,2932.669922,2936.620117,2919.040039,2935.870117,2935.870117,234700
CHN,6/18/2020,2929.879883,2942.899902,2920.110107,2939.320068,2939.320068,258700
CHN,6/19/2020,2938.790039,2973.320068,2935.820068,2967.629883,2967.629883,264300
CHN,6/22/2020,2966.900879,2983.437988,2959.034912,2965.271973,2965.271973,267900
CHN,6/23/2020,2960.887939,2972.403076,2949.846924,2970.620117,2970.620117,225200
CHN,6/24/2020,2972.98291,2982.943115,2971.224121,2979.551025,2979.551025,213200
CHN,6/29/2020,2973.075928,2977.912109,2951.77002,2961.516113,2961.516113,220600
CHN,6/30/2020,2965.10498,2990.824951,2965.10498,2984.674072,2984.674072,215000
CHN,7/1/2020,2991.180908,3026.186035,2984.983887,3025.980957,3025.980957,273300
CHN,7/2/2020,3023.718994,3092.443115,3021.674072,3090.569092,3090.569092,391100
CHN,7/3/2020,3103.995117,3152.812988,3103.995117,3152.812988,3152.812988,458800
CHN,7/6/2020,3187.839111,3337.271973,3187.839111,3332.881104,3332.881104,643900
CHN,7/7/2020,3380.954102,3407.081055,3336.241943,3345.336914,3345.336914,657800
CHN,7/8/2020,3337.552002,3421.531006,3327.706055,3403.439941,3403.439941,587100
CHN,7/9/2020,3403.48291,3456.971924,3393.637939,3450.593994,3450.593994,620000
CHN,7/10/2020,3418.935059,3433.108887,3372.50708,3383.322021,3383.322021,556100
CHN,7/13/2020,3379.386963,3458.791016,3369.038086,3443.285889,3443.285889,558000
CHN,7/14/2020,3435.023926,3451.221924,3366.083008,3414.618896,3414.618896,543200
CHN,7/15/2020,3422.077881,3432.450928,3345.749023,3361.303955,3361.303955,492000
CHN,7/16/2020,3356.358887,3373.531982,3209.727051,3210.099121,3210.099121,490600
CHN,7/17/2020,3214.4021,3252.779053,3181.274902,3214.128906,3214.128906,359700
CHN,7/20/2020,3243.910889,3314.148926,3220.684082,3314.148926,3314.148926,418600
CHN,7/21/2020,3330.547119,3336.678955,3300.572021,3320.89502,3320.89502,359300
CHN,7/22/2020,3315.181885,3381.976074,3311.785889,3333.164063,3333.164063,393300
CHN,7/23/2020,3306.148926,3336.300049,3257.826904,3325.110107,3325.110107,407000
CHN,7/24/2020,3310.64502,3319.126953,3184.965088,3196.768066,3196.768066,427100
CHN,7/27/2020,3210.385986,3221.985107,3174.657959,3205.227051,3205.227051,299300
CHN,7/28/2020,3226.133057,3245.297119,3208.493896,3227.959961,3227.959961,289400
CHN,7/29/2020,3221.988037,3294.552002,3209.98999,3294.552002,3294.552002,324900
CHN,7/30/2020,3299.572021,3312.450928,3282.162109,3286.822021,3286.822021,340700
CHN,7/31/2020,3280.795898,3333.785889,3261.614014,3310.00708,3310.00708,353800
CHN,8/3/2020,3332.183105,3368.103027,3327.677002,3367.966064,3367.966064,407500
CHN,8/4/2020,3376.439941,3391.070068,3352.5,3371.689941,3371.689941,442300
CHN,8/5/2020,3363.330078,3383.639893,3333.879883,3377.560059,3377.560059,385800
CHN,8/6/2020,3380.76001,3392.699951,3334.330078,3386.459961,3386.459961,415300
CHN,8/7/2020,3370.587891,3374.133057,3307.712891,3354.034912,3354.034912,403900
CHN,8/10/2020,3341.528076,3399.931885,3335.042969,3379.251953,3379.251953,381400
CHN,8/11/2020,3379.487061,3409.059082,3336.094971,3340.290039,3340.290039,400500
CHN,8/12/2020,3327.49292,3335.729004,3263.264893,3319.266113,3319.266113,378300
CHN,8/13/2020,3328.175049,3338.1521,3309.462891,3320.726074,3320.726074,324300
CHN,8/14/2020,3315.668945,3362.0271,3302.736084,3360.099121,3360.099121,306000
CHN,8/17/2020,3373.9021,3450.898926,3369.374023,3438.801025,3438.801025,434600
CHN,8/18/2020,3441.934082,3456.720947,3432.639893,3451.089111,3451.089111,380700
CHN,8/19/2020,3444.564941,3454.460938,3406.164063,3408.128906,3408.128906,405700
CHN,8/20/2020,3385.965088,3394.556885,3352.7771,3363.898926,3363.898926,335600
CHN,8/21/2020,3380.227051,3393.917969,3358.000977,3380.683105,3380.683105,287500
CHN,8/24/2020,3391.113037,3396.565918,3368.025879,3385.637939,3385.637939,266200
CHN,8/25/2020,3392.879883,3408.870117,3364.159912,3373.577881,3373.577881,277100
CHN,8/26/2020,3371.808105,3382.603027,3320.135986,3329.739014,3329.739014,294500
CHN,8/27/2020,3333.48999,3351.830078,3312.98999,3350.110107,3350.110107,237100
CHN,8/28/2020,3346.289063,3405.876953,3339.648926,3403.806885,3403.806885,271300
CHN,8/31/2020,3416.550049,3442.736084,3395.468018,3395.677979,3395.677979,323500
CHN,9/1/2020,3389.741943,3410.606934,3381.710938,3410.606934,3410.606934,247000
CHN,9/2/2020,3420.468994,3421.395996,3377.210938,3404.802002,3404.802002,261500
CHN,9/3/2020,3404.031982,3425.628906,3374.262939,3384.980957,3384.980957,255300
CHN,9/4/2020,3336.407959,3360.105957,3328.552002,3355.366943,3355.366943,221600
CHN,9/7/2020,3349.917969,3368.245117,3285.633057,3292.591064,3292.591064,260600
CHN,9/8/2020,3301.217041,3324.393066,3276.443115,3316.416992,3316.416992,271100
CHN,9/9/2020,3280.99707,3289.61499,3238.561035,3254.62793,3254.62793,351500
CHN,9/10/2020,3282.231934,3285.4729,3227.644043,3234.822998,3234.822998,312500
CHN,9/11/2020,3225.783936,3262.498047,3220.535889,3260.345947,3260.345947,221700
CHN,9/14/2020,3275.917969,3283.532959,3261.147949,3278.813965,3278.813965,213900
CHN,9/15/2020,3277.12793,3297.689941,3263.751953,3295.679932,3295.679932,197700
CHN,9/16/2020,3293.167969,3302.456055,3271.074951,3283.924072,3283.924072,200400
CHN,9/17/2020,3277.323975,3290.408936,3248.499023,3270.435059,3270.435059,202900
CHN,9/18/2020,3270.910889,3338.323975,3268.525879,3338.090088,3338.090088,256300
CHN,9/21/2020,3348.898926,3350.589111,3313.071045,3316.935059,3316.935059,216500
CHN,9/22/2020,3290.666016,3320.228027,3265.702881,3274.302002,3274.302002,214000
CHN,9/23/2020,3278.835938,3289.761963,3264.891113,3279.710938,3279.710938,169200
CHN,9/24/2020,3262.878906,3265.344971,3221.237061,3223.176025,3223.176025,206700
CHN,9/25/2020,3234.374023,3239.466064,3208.034912,3219.417969,3219.417969,164800
CHN,9/28/2020,3224.977051,3238.183105,3210.893066,3217.534912,3217.534912,156000
CHN,9/29/2020,3231.85498,3242.793945,3219.790039,3224.358887,3224.358887,151300
CHN,9/30/2020,3232.709961,3244.913086,3202.343994,3218.052002,3218.052002,153500
CHN,10/9/2020,3262.611084,3280.511963,3260.187012,3272.075928,3272.075928,188300
CHN,10/12/2020,3287.327881,3359.153076,3286.111084,3358.465088,3358.465088,259600
CHN,10/13/2020,3353.121094,3361.832031,3334.499023,3359.75,3359.75,204900
CHN,10/14/2020,3353.625,3353.625,3332.964111,3340.778076,3340.778076,198700
CHN,10/15/2020,3342.922119,3354.577881,3330.000977,3332.183105,3332.183105,191000
CHN,10/16/2020,3334.457031,3348.954102,3319.110107,3336.35791,3336.35791,194300
CHN,10/19/2020,3351.100098,3371.090088,3307.840088,3312.669922,3312.669922,212300
CHN,10/20/2020,3307.149902,3328.100098,3293.77002,3328.100098,3328.100098,165100
CHN,10/21/2020,3332.149902,3332.149902,3304.169922,3325.02002,3325.02002,177600
CHN,10/22/2020,3315.820068,3320.879883,3281.370117,3312.5,3312.5,165900
CHN,10/23/2020,3308.157959,3326.049072,3276.620117,3277.99707,3277.99707,174200
CHN,10/26/2020,3258.702881,3264.446045,3226.602051,3251.118896,3251.118896,167700
CHN,10/27/2020,3240.73999,3258.336914,3235.543945,3254.315918,3254.315918,149100
CHN,10/28/2020,3256.219971,3275.870117,3238.379883,3269.23999,3269.23999,173200
CHN,10/29/2020,3235.76001,3289.77002,3231.120117,3272.72998,3272.72998,184700
CHN,10/30/2020,3278.631104,3279.855957,3219.422119,3224.532959,3224.532959,230200
CHN,11/2/2020,3228.715088,3242.803955,3209.908936,3225.120117,3225.120117,226800
CHN,11/3/2020,3239.805908,3278.381104,3237.854004,3271.073975,3271.073975,215300
CHN,11/4/2020,3273.433105,3286.621094,3254.111084,3277.439941,3277.439941,188500
CHN,11/5/2020,3305.580078,3320.407959,3291.600098,3320.133057,3320.133057,226800
CHN,11/6/2020,3326.465088,3326.465088,3292.150879,3312.158936,3312.158936,234900
CHN,11/9/2020,3329.428955,3380.823975,3329.428955,3373.72998,3373.72998,310200
CHN,11/10/2020,3387.62207,3387.62207,3346.172119,3360.148926,3360.148926,278700
CHN,11/11/2020,3354.024902,3365.835938,3339.041016,3342.202881,3342.202881,271200
CHN,11/12/2020,3344.459961,3350.280029,3329.48999,3338.679932,3338.679932,216500
CHN,11/13/2020,3327.229004,3327.229004,3291.643066,3310.10498,3310.10498,227900
CHN,11/16/2020,3325.621094,3346.968994,3313.646973,3346.968994,3346.968994,279600
CHN,11/17/2020,3347.149902,3347.699951,3323.949951,3339.899902,3339.899902,283600
CHN,11/18/2020,3337.332031,3358.894043,3333.991943,3347.302979,3347.302979,287500
CHN,11/19/2020,3339.085938,3367.333008,3330.449951,3363.087891,3363.087891,253300
CHN,11/20/2020,3359.600098,3380.149902,3356.310059,3377.72998,3377.72998,261300
CHN,11/23/2020,3384.100098,3431.649902,3377.98999,3414.48999,3414.48999,373900
CHN,11/24/2020,3407.408936,3413.926025,3396.243896,3402.822998,3402.822998,301000
CHN,11/25/2020,3417.514893,3423.485107,3362.326904,3362.326904,3362.326904,322100
CHN,11/26/2020,3360.061035,3371.454102,3344.281982,3369.73291,3369.73291,255900
CHN,11/27/2020,3373.843018,3408.306885,3364.491943,3408.306885,3408.306885,280600
CHN,11/30/2020,3418.159912,3456.73999,3391.76001,3391.76001,3391.76001,385000
CHN,12/1/2020,3388.98999,3457.639893,3386.909912,3451.939941,3451.939941,316200
CHN,12/2/2020,3453.518066,3465.729004,3435.871094,3449.381104,3449.381104,312800
CHN,12/3/2020,3448.540039,3452.160889,3428.803955,3442.135986,3442.135986,298500
CHN,12/4/2020,3436.729004,3448.404053,3417.048096,3444.581055,3444.581055,256300
CHN,12/7/2020,3446.647949,3449.577881,3414.313965,3416.604004,3416.604004,254500
CHN,12/8/2020,3417.689941,3428.659912,3403.030029,3410.179932,3410.179932,226900
CHN,12/9/2020,3416.077881,3422.535889,3371.916016,3371.964111,3371.964111,260700
CHN,12/10/2020,3365.730957,3384.887939,3357.75293,3373.275879,3373.275879,247300
CHN,12/11/2020,3381.008057,3383.177979,3325.172119,3347.190918,3347.190918,298600
CHN,12/14/2020,3349.533936,3371.128906,3338.625977,3369.120117,3369.120117,239800
CHN,12/15/2020,3366.580078,3373.560059,3348.419922,3367.22998,3367.22998,225700
CHN,12/16/2020,3371.262939,3378.663086,3359.170898,3366.98291,3366.98291,220800
CHN,12/17/2020,3367.2771,3406.155029,3354.010986,3404.873047,3404.873047,275500
CHN,12/18/2020,3400.48999,3413.810059,3382.75,3394.899902,3394.899902,281000
CHN,12/21/2020,3394.39502,3423.608887,3381.115967,3420.569092,3420.569092,283800
CHN,12/22/2020,3410.968018,3415.753906,3353.85791,3356.781982,3356.781982,323000
CHN,12/23/2020,3362.471924,3394.208984,3360.201904,3382.320068,3382.320068,299500
CHN,12/24/2020,3382.193115,3394.074951,3354.021973,3363.113037,3363.113037,275000
CHN,12/25/2020,3351.790039,3397.00708,3348.344971,3396.562988,3396.562988,294500
CHN,12/28/2020,3396.358887,3412.519043,3383.654053,3397.284912,3397.284912,316200
CHN,12/29/2020,3399.293945,3407.087891,3376.087891,3379.035889,3379.035889,311800
CHN,12/30/2020,3375.009033,3414.454102,3374.416016,3414.452881,3414.452881,291000
CHN,12/31/2020,3419.727051,3474.917969,3419.727051,3473.069092,3473.069092,335700
CHN,1/4/2021,3474.678955,3511.655029,3457.206055,3502.958008,3502.958008,380800
CHN,1/5/2021,3492.190918,3528.677002,3484.715088,3528.677002,3528.677002,408000
CHN,1/6/2021,3530.906982,3556.802002,3513.125977,3550.876953,3550.876953,370200
CHN,1/7/2021,3552.908936,3576.205078,3526.616943,3576.205078,3576.205078,405300
CHN,1/8/2021,3577.689941,3588.060059,3544.889893,3570.110107,3570.110107,345600
CHN,1/11/2021,3571.321045,3597.701904,3516.986084,3531.498047,3531.498047,362500
CHN,1/12/2021,3518.01001,3608.340088,3517.469971,3608.340088,3608.340088,323400
CHN,1/13/2021,3613.281006,3622.3479,3575.594971,3598.6521,3598.6521,388100
CHN,1/14/2021,3584.931885,3599.058105,3559.600098,3565.905029,3565.905029,347700
CHN,1/15/2021,3566.284912,3589.266113,3533.788086,3566.37793,3566.37793,324600
CHN,1/18/2021,3554.800049,3608.77002,3544.26001,3596.219971,3596.219971,301700
CHN,1/19/2021,3596.360107,3603.149902,3553.02002,3566.379883,3566.379883,323400
CHN,1/20/2021,3564.121094,3589.961914,3556.443115,3583.092041,3583.092041,272300
CHN,1/21/2021,3590.925049,3636.243896,3585.802002,3621.263916,3621.263916,327500
CHN,1/22/2021,3616.540039,3616.540039,3585.033936,3606.75,3606.75,324500
CHN,1/25/2021,3605.361084,3637.100098,3591.02002,3624.238037,3624.238037,327300
CHN,1/26/2021,3610.968994,3610.968994,3564.741943,3569.428955,3569.428955,278100
CHN,1/27/2021,3567.550049,3578.800049,3546.48999,3573.340088,3573.340088,264100
CHN,1/28/2021,3534.668945,3549.543945,3496.878906,3505.176025,3505.176025,270900
CHN,1/29/2021,3521.718018,3531.5979,3446.547119,3483.069092,3483.069092,293700
CHN,2/1/2021,3477.172119,3506.388916,3469.875,3505.283936,3505.283936,277600
CHN,2/2/2021,3510.808105,3535.501953,3495.568115,3533.685059,3533.685059,264500
CHN,2/3/2021,3531.148926,3544.009033,3508.50708,3517.308105,3517.308105,297400
CHN,2/4/2021,3503.779053,3524.721924,3465.770996,3501.858887,3501.858887,298800
CHN,2/5/2021,3509.48999,3536.540039,3492.959961,3496.330078,3496.330078,290100
CHN,2/8/2021,3504.562988,3542.208008,3492.128906,3532.447021,3532.447021,249800
CHN,2/9/2021,3539.772949,3604.010986,3528.676025,3603.489014,3603.489014,253800
CHN,2/10/2021,3612.613037,3662.766113,3612.504883,3655.087891,3655.087891,257900
CHN,2/18/2021,3721.086914,3731.687012,3663.664063,3675.356934,3675.356934,340300
CHN,2/19/2021,3661.782959,3699.649902,3634.014893,3696.167969,3696.167969,361100
CHN,2/22/2021,3707.189941,3717.27002,3642.439941,3642.439941,3642.439941,488800
CHN,2/23/2021,3617.699951,3672.149902,3617.699951,3636.360107,3636.360107,398900
CHN,2/24/2021,3638.936035,3645.646973,3531.593994,3564.080078,3564.080078,362200
